internal_identifiers,193_MDA-MB-231_ctrl-0,194_MDA-MB-231_ctrl-6,195_MDA-MB-231_ctrl-24,196_MDA-MB-231_ctrl-48,197_MDA-MB-231_2DG-6,198_MDA-MB-231_2DG-24,199_MDA-MB-231_2DG-48,200_Hs578T_ctrl-0,201_Hs578T_ctrl-6,202_Hs578T_ctrl-24,203_Hs578T_ctrl-48,204_Hs578T_2DG-6,205_Hs578T_2DG-24,206_Hs578T_2DG-48,207_HCC38_ctrl-0,208_HCC38_ctrl-6,209_HCC38_ctrl-24,210_HCC38_ctrl-48,211_HCC38_2DG-6,212_HCC38_2DG-24,213_HCC38_2DG-48,218_MDA-MB-231_ctrl-0,219_MDA-MB-231_ctrl-6,220_MDA-MB-231_ctrl-24,221_MDA-MB-231_ctrl-48,222_MDA-MB-231_2DG-6,223_MDA-MB-231_2DG-24,224_MDA-MB-231_2DG-48,225_Hs578T_ctrl-0,226_Hs578T_ctrl-6,227_Hs578T_ctrl-24,228_Hs578T_ctrl-48,229_Hs578T_2DG-6,230_Hs578T_2DG-24,231_Hs578T_2DG-48,232_HCC38_ctrl-0,233_HCC38_ctrl-6,234_HCC38_ctrl-24,235_HCC38_ctrl-48,236_HCC38_2DG-6,237_HCC38_2DG-24,238_HCC38_2DG-48
ANG_SM_d32.2,-6.254790949908082,-5.32562867534752,-5.579080319800031,-5.12604772741894,-5.24961908794108,-6.00245380364291,-5.701247253355264,-5.482483346288785,-5.90694598626132,-4.619683925189018,-4.4754890954313975,-5.035969525170968,-5.272651345418373,-4.966369048208282,-6.010001263427003,-6.069349406942611,-5.732955552600537,-5.019720523117345,-5.766926158861297,-5.762353844721191,-5.411645044575661,-5.743740782266234,-6.0539128478485535,-5.0860664738479455,-4.342466360857629,-5.431982250469198,-5.380382835678884,-6.212862464735369,-5.819620748108313,-6.56041868385939,-5.344334117492284,-4.65923700868773,-5.449227340642966,-5.452461744500348,-5.685228984393654,-5.908434986722897,-5.980821159288635,-5.660015065763045,-6.130379881509079,-5.684231266694385,-5.663966435488313,-6.736766982481796
ANG_SM_d33.0,-4.04279440843493,-3.620853698912073,-3.802266237449645,-3.544551887895176,-3.903492956864462,-3.89017376237282,-3.740117677034506,-3.393616234416584,-3.657196757405712,-3.1619459722332857,-3.3035846265573285,-3.491069801221517,-3.4660452005872755,-3.4087988852161377,-3.709528784016217,-3.865104595912985,-3.657564096438254,-3.4111482154713166,-3.544421633815281,-3.7523126063951864,-3.5045062991718896,-3.631182753208983,-3.8792045869651166,-3.6441240910956,-2.993533883175204,-3.6877619405789175,-3.4261838250612264,-3.817335664265104,-3.3338934310837085,-3.9131755847459977,-3.540184924719377,-3.4590501435299124,-3.291538313232035,-3.3334422961243817,-3.4640650284641947,-3.964453566450226,-3.912553542587246,-4.178042601433883,-4.036624332787729,-3.5924673136105403,-3.621198122144105,-4.06020370543743
ANG_SM_d33.1,-0.8235440093231968,-0.4062991525326119,-0.4172060487098549,-0.10959649174236574,-0.6853651085745541,-0.3873071428644426,-0.4127578163694182,-0.13516422309010823,-0.3997184613195788,0.20434915862268416,0.12908058378524356,-0.07622365163519919,-0.2036122131782065,-0.01361649632751044,-0.2740988846995796,-0.2806210628200713,-0.1907579750477877,0.03903454268732167,-0.3978807663089521,-0.5384289908272973,-0.07896831934361719,-0.10276184450167364,-0.3666737943362763,-0.14622978856106503,0.6022219719860888,-0.23773348476559905,-0.2128668746682499,-0.21942677255631304,-0.2039576086449475,-0.4186272390200041,-0.17510155426188012,0.09316540585259991,0.04162371107411401,-0.12368407705607276,-0.26881225577594886,-0.29507717016937957,-0.3776670325052609,-0.446210207702521,-0.9222026075037604,0.06260403007170405,-0.3628916533609225,-0.7650721714402794
ANG_SM_d33.3,-2.381845621785202,-2.000043835379209,-2.3565457310141196,-2.142949118751688,-2.109921977669066,-1.8793618690342275,-1.8186262484076312,-1.546596221653748,-1.3329253509858137,-1.5770414047950598,-1.8304971182503795,-1.6718205797714634,-1.9706138984815065,-1.6762140486107453,-2.2368801712006903,-1.9433185276511744,-2.1011053846932732,-2.5109110505437484,-2.310703835193111,-2.0699832029429492,-1.5330521718288717,-1.9631547032263537,-1.7139139060425566,-2.0879762538053366,-1.150031220512704,-1.8917182172330789,-2.0816329369758035,-1.9888682042511536,-1.622096127095604,-1.1394631808455222,-1.7044674591948752,-1.9997912781977905,-1.449019746035372,-1.5541559423148252,-1.6162358977115463,-1.6140467978248587,-1.7551252202577732,-2.2538848505438733,-1.8868629049476515,-1.6474244098576898,-2.0146264477090825,-2.123444641621929
ANG_SM_d34.0,0.8103509635566383,1.39632890637205,1.267235078106454,1.342655646693944,1.299147739634558,1.5449896970174637,1.5775403981587095,1.960889822658832,1.719686233879872,2.058863472020413,1.5587745879405344,1.7665211873140183,1.6000131718354504,1.7764751194539,1.1562938820662227,1.007490467511271,0.8341737409867513,0.7851323263524378,0.9544166015135112,1.0744416372969914,1.1367154980774266,1.5148050143733904,1.394680006371681,1.4742353469769551,1.769996036970161,1.4930161349224746,1.439905398599307,1.4875273225958197,1.988554312076556,1.8948636218089947,1.7730535714227618,1.4677279392258786,2.0505628453568976,1.9478931954567689,1.6749999454676388,0.7278055914858068,0.6511825088898328,0.3191486661451054,0.15699304243406773,0.9575732376929064,0.7427827282084705,0.33009368447712595
ANG_SM_d34.1,-0.5032374964909744,-0.0327786180943922,-0.2803131932786109,0.04013646300482704,-0.2838346652748002,0.13531113954226834,-0.06308342281725893,0.6305112476090222,0.13431916400274269,0.888854993472627,0.44046011944681573,0.4203501899084446,0.43417279329240105,0.517998720391674,-0.16335498412662053,-0.10749196375730752,-0.21136224796844097,-0.07639984252459643,-0.17683363851681708,-0.1274026836120616,0.05793521434808694,-0.0379251125477871,-0.3716141074786021,0.21823030668769397,0.5231869036386793,-0.13715207815030167,0.17997769715702883,0.24145941746989255,0.2550867850107382,0.3475057406153973,0.4528710417727416,0.36367090903068616,0.4012114218816185,0.5522120638703167,0.3035423459563988,-0.5550480180007356,-0.6018560792709691,-0.4959225338293053,-0.9096324695870638,-0.14959251580714092,-0.15507694695144478,-0.72215522673055
ANG_SM_d34.2,0.5916275245619196,0.8924579042241405,0.8408722876319914,1.0740204467938936,0.7432100028394089,0.9287948792385942,0.7222224617555987,0.9877469807966316,0.6181512718732,1.1206839597004363,0.8418633903622883,0.5608812616432876,0.4200574018807299,0.7961444270760626,0.3510821249623411,0.2191412356182013,0.3793126098466144,0.4230676972050816,0.3432580835291705,0.35678976368896426,0.447041815901143,0.9231989841865588,0.7951933689436168,1.0552739544601226,1.7137222023643213,0.8752838436121262,0.8776700991996941,0.8548826870944813,0.7255950350172652,0.754403474105192,0.7329984698208415,0.6179839763624284,0.7577526007209823,0.8091311758717302,0.615302715157727,0.09398367459153605,0.13000747220089975,0.07850490110694616,-0.0598776255416751,0.3397418296331646,0.1824068863635034,-0.262641096442752
ANG_SM_d34.3,-2.0488931488693365,-1.7276074813846756,-1.81691685104014,-1.4891074189833748,-1.6727128809162872,-1.7966108602524968,-1.8045046667966465,-2.4675153727334305,-1.581520391770924,-2.168665904223894,-2.3738402190143972,-2.509480261540627,-2.5957924844912847,-2.488708955671291,-2.5551239393840124,-2.32500488946543,-2.6550802805471134,-2.818004792974404,-2.406730458004404,-2.3794298363236126,-2.3193277031808117,-1.7729990909066884,-1.3527934911841473,-1.8968472981891489,-0.7216621615394543,-1.6491451464651323,-1.7849359815997503,-1.6810981227526676,-2.3683396651561575,-1.5683676916682692,-2.6006040533842634,-2.655073456223152,-2.134245583901126,-2.326442187405925,-2.57084107277182,-2.4507478665864557,-2.142241768686703,-2.3070909345534023,-1.916752657125139,-2.1919559591914353,-2.2721433823950883,-2.4894892568221816
ANG_SM_d35.1,-1.6197835688815398,-1.3235068574313984,-1.247566330592711,-1.1793426213325278,-1.5167181908853085,-0.6475958440553486,-0.8119666677934037,-1.3355079075031775,-1.0928843281840244,-0.7800787666490868,-1.324022482876137,-1.4150144419957666,-1.3498527994920384,-0.8815078661175292,-1.4940081343592424,-1.5104886024263682,-1.2686024052464022,-1.569797884540551,-1.5401710875236303,-1.182490380048545,-0.9523017693465172,-1.460559454846266,-1.2139782922973077,-1.0179449719310991,-0.7079327477072478,-1.34071935038888,-0.9670627579341192,-0.7537734631373569,-0.8012442969572527,-0.8300143278954036,-0.8448681077114285,-1.3380140685178183,-0.5430930348998974,-0.5113821086095837,-0.6408799973137198,-1.4158471986504273,-1.4128600158670204,-1.204157934049643,-1.194704350133133,-1.2391259028989354,-1.038038274958397,-1.3002844370996534
ANG_SM_d35.2,0.8337449245542312,1.232851918357387,1.1410458166987176,1.0324817467432048,1.1207846542098858,1.515987650929037,1.5447787273298306,0.5871152627417425,1.34462655385778,0.9414296434568252,0.528756786726777,0.40177188560093213,0.6055156000291732,0.962456409905196,0.6070889110219209,0.6633231346492301,0.6423404893006103,0.08448938195990253,0.6166756252148617,0.8971670722986445,1.040495725974767,1.1243865221790603,1.3437931236432137,1.154681902992045,2.0870703000692865,1.1453372800289168,1.3058253102006825,1.497452627909282,1.2307789445792197,1.5851487236420072,0.9333427222383596,0.36098856004581537,1.2920905063292134,1.343518384403385,1.3106197263380734,1.0076659979037823,1.0376604513111314,1.01162150819648,1.1936670918224777,1.1358804001915124,1.152929608604099,0.9624760669471536
ANG_SM_d36.4,-4.579534513204539,-4.3326974743492155,-4.558509563628849,-5.167646891806386,-3.751966708338107,-4.453922084307262,-4.1577006319131105,-4.875448703156848,-2.3908633466335667,-4.912708728356223,-4.992934770245205,-5.153390825703363,-5.113409538139791,-4.962424518219982,-4.270878246579894,-4.226763362857215,-4.8578629032068505,-4.564008863713756,-4.382141000096393,-4.077986773798342,-3.881107163991224,-4.215475633301833,-3.727861481903411,-5.038592922316831,-2.957549394624458,-4.832689191525295,-4.803013459457986,-4.663017545685091,-4.3612311189213075,-2.255562105222237,-5.135537875796564,-5.0519609866943735,-4.6379919561743375,-4.575341409902951,-4.891003273621411,-3.608302642642912,-4.026818901579472,-4.529241402810753,-2.408259066123574,-3.652679529499758,-3.8154935372284737,-3.5491307970746244
ANG_SM_d37.4,-0.6303630666705277,-0.8018627406543107,-1.3887832435434335,-2.114842669564061,-0.4807966974608453,-1.0933987400722982,-0.7307322235916515,-1.4371728982471417,1.727835721639918,-2.033729874833138,-2.5707636372182003,-1.5789109041330822,-2.0155674484708004,-1.6683004955323764,-0.6477978524424658,-0.6278849583146753,-1.3381225119800544,-2.0503598779915992,-1.0033658780253858,-0.9084604181914936,-0.5546033029413129,-1.0573476452526394,0.27567633326182817,-1.8651296930061876,0.5693448235005246,-1.3352256696950984,-1.4903904708028408,-1.5392062453296322,-0.9942958370033322,1.7630643758038975,-2.1425116173680823,-2.812703540523444,-0.9992395524900288,-1.604716461694795,-1.4437976767681648,-0.1280132391868329,-0.1185360171045875,-0.9383896159921082,1.523664133004523,0.18082330021199303,-0.13372477186470025,0.30431694567513173
ANG_SM_d37.5,-1.31042168764398,-1.5355287038217924,-2.0737590422062766,-2.479792463255665,-1.3466004448549629,-1.7594940861341102,-1.4707358181815635,-1.8642033313369477,0.7753112854259913,-2.303435451129403,-2.947126050313317,-2.0724207797369316,-2.351049250465002,-2.2112719811254378,-1.5353673264679653,-1.3758081763234935,-1.96556532811428,-2.5569609502036217,-1.725361022008813,-1.6856435123073723,-1.2861271232214726,-1.7169583707844902,-0.6422621633817093,-2.205463198478949,-0.32019375969405944,-1.8925331093424012,-1.935208146575406,-2.067512813395531,-1.6524646143972346,0.6727216721183764,-2.45045905813533,-3.0733811629416237,-1.6593228520129992,-2.130130148952071,-1.8464980820412733,-1.028570409289466,-0.9673246514373072,-1.8204330658803145,0.230434755480622,-0.7171164255461425,-1.0468804763787898,-0.6795465889329124
ANG_SM_d39.0,-0.2721373901291921,-0.07040025015238242,-0.1794519513719568,0.5089855250597718,-0.0400513998034624,0.20082384141668952,0.5339003608044647,-0.9519113917607696,-0.14982309768148086,-0.78155700578613,-0.4095292479402717,-0.167266569373951,-0.8519942273119376,-0.7981373481753223,-0.7169775704161075,-0.7191781875077381,-0.7398138914619306,0.07910217283907316,-0.9370171305093326,-0.6983593704187963,-0.273802760256454,0.16235526967219327,0.2763565677172058,0.06257431631832627,0.855757498205718,-0.11021780476346237,0.18549356509832307,0.4715065806580299,-0.6529882274121606,-0.20602855745848772,-1.0600051825648693,-0.25910120312264784,-0.1542675993549351,-0.4986597137657334,-0.5845782158294861,-0.4096227923928628,-0.5653991745116878,-0.5560509323205839,0.0145244859746104,-0.264297447979915,-0.2034095122678864,-0.2710412641554885
ANG_SM_d39.3,-3.152255834955814,-2.8798090448685354,-3.0825504908799504,-2.959770378941419,-2.744601563396944,-2.8789359532337384,-2.7865694044227833,-3.0806370729480443,-2.107814830514419,-2.923373798034389,-2.688972557182991,-1.3638946998932788,-2.907750816401837,-3.077567541766517,-2.4754905845851685,-2.0451284958003098,-2.4430050217117185,-1.3692743534130474,-2.382534952300079,-2.486983179206246,-2.361259231827193,-2.9006581708675663,-2.411598220797514,-2.9043146070843626,-2.550970735290197,-2.6543195719255688,-2.813192515706358,-2.9686182922950155,-2.975037818079993,-2.585902620697157,-3.250487725171176,-2.118323042980733,-2.2718082595342883,-2.9732148163403735,-3.0512661024050947,-2.398152002538467,-2.3849405606331864,-2.738405929745112,-2.576101503417558,-2.169529991387588,-2.1011200895935636,-2.452493367808609
ANG_SM_d40.4,-2.48761451678765,-2.224866632776977,-2.259702734944756,-2.165683268499053,-1.8898126360222236,-1.7975267951299911,-1.5178140502042377,-2.3929404987915635,-1.4582175271954645,-2.205496875838478,-2.3060033317313047,-1.6229000983746504,-2.0238979232368033,-2.011311266687545,-2.433122364073328,-2.1930222631158385,-2.5496980758503165,-2.195993110729559,-2.432946096476228,-2.222479841963058,-2.021723469262996,-2.1360271058931493,-2.0113082037486265,-2.3392302627246093,-1.8190201947300335,-2.084069967211965,-2.0005783848889855,-2.010771292353317,-2.159735624201998,-1.3607376221968095,-2.369294548532958,-2.130032451330687,-1.5983167225381518,-1.7401211938320498,-1.8740253362487604,-2.392277150197675,-2.1482251111877604,-2.443072641357605,-2.1258997216728774,-1.8200826854188703,-2.0253269639348095,-2.0291650639436796
ANG_SM_d40.5,-4.5262617030922705,-3.854593086799401,-4.249326172178832,-3.85738807238682,-3.6234625206929825,-3.772594877545323,-3.5208324332260696,-4.61554343296032,-3.193084972369554,-4.262170754184452,-4.130402722015503,-3.2738513560234455,-4.389508862587997,-4.379306527426094,-4.325873333789517,-4.237654887726716,-4.358297832468609,-3.1710297414159005,-4.2872047724676,-4.421668958929463,-3.81205869296128,-4.0552917581008145,-3.823958745754159,-4.208991138413362,-3.7467422330725864,-4.032862977541017,-3.746138113193086,-3.6950522083459383,-4.196266815693135,-3.740220987297509,-4.789182373803064,-3.668141777451184,-3.696924411920782,-4.160912552514748,-4.2018235373811015,-3.975496366885709,-4.443061946776403,-3.996260404096797,-3.915863328856342,-3.923876931327994,-3.9503966120828022,-3.859460494518169
ANG_SM_d40.7,-0.4862540027998033,-0.13882961154176748,-0.2130726705454881,0.3331735073309057,-0.0981140492592578,0.09383517428670438,0.5111124857444375,-0.9397823510622628,-0.169316332817143,-0.8036542095468848,-0.4473364194866798,-0.1601666937239303,-0.91122155252503,-0.9623406602212898,-0.6721996595978897,-0.6830363280898865,-0.7762024937313645,0.16818770763833021,-0.8536617922668983,-0.7373864787574262,-0.21928388040726451,0.16918579056399952,0.0823852304727633,-0.07169962181994258,0.7793575719858097,-0.1340568440107281,0.15268502672338938,0.32994471339020637,-0.63631885336497,-0.2012188085398741,-1.0791370929292723,-0.24474169657453107,-0.2593125132405468,-0.4503786382683936,-0.6474441186213269,-0.5459337102573734,-0.5293586704750782,-0.5706201007906082,-0.05610363949875176,-0.17953729514241035,-0.30690361801550314,-0.2852851684674154
ANG_SM_d41.4,-1.7880174551431574,-1.4913401026058373,-1.6536728532227818,-1.6448750883320855,-1.45989237217585,-1.4497721653195417,-1.266555803760678,-1.8653998717849445,-0.9226511484295096,-1.5742846260078296,-1.4884829788645666,-0.8752429671982969,-1.5157239707715675,-1.7315930862474798,-1.766098629727776,-1.5469697370225832,-2.045372140477252,-1.442947115662249,-1.7240214481220304,-1.6900355669153484,-1.6386296000224028,-1.2416584343783037,-0.9544893454572466,-1.541141926323772,-1.4570972421183712,-1.2612387794790718,-1.292051953622014,-1.2646406623296562,-1.482038929627442,-1.2694172210546828,-1.8244434720644536,-1.4462541757656102,-1.469081315617152,-1.6982795297091449,-1.704716247008916,-1.8108525362896477,-1.9850827407534448,-2.013708627868969,-1.9966898984021184,-1.3857029036500397,-1.4343010534470917,-1.424792905931109
ANG_SM_d42.0,-2.7018653039376597,-1.956335229957198,-1.7604787568551243,-1.577466446109407,-1.9870003139726715,-1.3898698153568487,-1.2027335434837172,-1.5404183958815043,-1.5172569461397032,-1.1489666151121616,-1.2141388088300924,-1.4769549003560654,-1.4383155636215736,-1.476614197431714,-3.0287251751843707,-3.009714376797292,-3.1955241245046997,-2.511938857509415,-3.269508539267279,-3.146455091445388,-2.608068553185226,-2.0392253954885464,-1.8396556488652684,-1.8465171062381596,-1.5358287934481205,-1.7068921027454214,-1.3657546120120547,-1.1175623831586825,-1.272467129244034,-1.5239401776245527,-1.278680223042587,-1.3429581643812631,-1.3287969079010435,-1.3738998873880202,-1.4210964631852472,-3.234320803279875,-3.3650409721361623,-3.182624910094082,-3.831322272596071,-2.9882390003507755,-3.026963100240806,-2.660144953597346
ANG_SM_d42.5,-1.2067820572480574,-0.7324400374739758,-0.7260731689547223,-0.8584554194181974,-0.5617013481558059,-0.05813643579742031,-0.04897018842957246,-0.875526984315974,0.10691705298785056,-0.4811833451539157,-0.8175282731567486,-0.0371459759724491,-0.6501572218164485,-0.7100285719935789,-1.1595025915642896,-0.9345700038219656,-0.9828314133085412,-0.4757153620625214,-1.0376086592700653,-1.1321784036771638,-0.7474116038910175,-0.8121968647224026,-0.5238612401226902,-0.9421730431087962,-0.509008007967478,-0.5892794604102357,-0.39700368075711495,-0.3817191429725678,-0.3315721304474999,0.12616115816284307,-0.4839808076065543,-0.6234819285910292,0.04412525045525677,-0.30021515165470836,-0.4304133201407,-0.7048798508310067,-0.7431654960206867,-0.7555061360772217,-0.562347103955202,-0.7718203288685567,-0.786848960002753,-0.7046123374292658
ANG_SM_d42.6,-2.0459176834357566,-1.6139209942847814,-1.630670777156646,-1.4426865342201358,-1.4314356965676482,-1.035330984738138,-1.060823903782936,-1.9589069872753624,-1.3778247958230436,-1.65577859055369,-1.5316848567936985,-1.2112421526354258,-1.847348352323349,-1.8487690087580413,-2.3415797383558705,-2.119430333325974,-2.195088311073011,-1.921042754838648,-2.284143888110752,-2.23466361761216,-2.023731318310522,-1.7844221066572186,-1.527590455921202,-1.8247120758986184,-1.0997910030368043,-1.5538128552837225,-1.3317292623115526,-1.2941930645975237,-1.6303532744935891,-1.5136897941425709,-1.8461399912177676,-1.4103346354918271,-1.2989538554018183,-1.6295914436202843,-1.8454261949126756,-2.158210668966281,-2.2117924657213157,-2.3283685370572913,-1.8147058880797713,-2.079831411848173,-2.0522340533267873,-2.105969797072284
ANG_SM_d43.4,-1.838642252771296,-1.584004160919818,-1.7068573766684043,-1.7533888289488555,-1.3155566664081393,-0.9253915677045688,-0.9182660860972576,-1.3254684202446303,-0.5315618178107554,-1.0251345797870277,-1.2590392487514084,-1.2310394759681906,-1.254075823665057,-1.077174846912102,-1.8853874292320456,-1.7091015240025973,-1.78722418151235,-1.7498647765331037,-1.979448190624299,-1.757314166005024,-1.3518764272834776,-1.6595922800200744,-1.3010509058149191,-1.6673660583662742,-1.4609417907407891,-1.3276339932573225,-1.286029420592243,-1.1598541901800292,-0.8701742005264325,-0.7540658918675344,-1.0134227282718358,-1.3677654803719133,-0.7967946925586422,-0.9437948570994332,-0.8822233496208952,-1.791910872906025,-1.9058935524493437,-1.886789579289286,-1.651608678184029,-1.5347254039552032,-1.6109450296202703,-1.531551088864538
ANG_SM_d44.0,-7.434517898497026,-7.213059456731752,-7.049557477168696,-6.30557530507901,-7.154893112523572,-5.841491113152406,-5.6765018498394415,-6.089805418190242,-6.5446933378251755,-5.465516601525951,-5.503874976081317,-5.94408012785419,-6.174509227948599,-6.061259729445804,-7.862381594508208,-7.913053570504224,-7.754052672605245,-6.856851068989115,-7.893897102972728,-7.661791965144416,-7.585016167249524,-7.134738420985783,-6.569238653781637,-6.581255056646081,-6.464146812961523,-6.708514768566646,-5.9710155557686795,-5.767527055003463,-6.405672966041497,-8.09898886973497,-5.996743192298008,-5.750633148302786,-5.7902007571376,-5.849616740717088,-5.985076054977105,-8.128336382572408,-7.873092048417801,-8.31825845064948,-7.124667573934,-8.056257948767271,-7.125917420693659,-7.938273615903402
ANG_SM_d44.1,-4.93469523797555,-4.276417586059449,-4.338150896495885,-3.819281214922781,-4.538870351190756,-3.260692389487203,-3.033654993428171,-3.3449461045397872,-3.911045523706561,-3.234598558688921,-2.83456908661299,-3.4194168159192104,-3.512789643164357,-3.252698739279132,-5.317764479414017,-5.4405151420244575,-5.466959459220635,-4.837053472808909,-5.316145332100791,-5.509914117913444,-4.753255440467121,-4.693591865077935,-4.2994438316377765,-4.054939546517635,-4.20597387467637,-4.154789954139098,-3.5331246921198756,-3.2063316609198895,-3.5830864345209257,-4.428473497137569,-3.352927521988782,-3.1048740557395225,-3.380611443848524,-3.355162074554192,-3.4214773410310726,-5.500627501318956,-5.367732595702132,-5.816220670068893,-6.081991731825982,-5.467939497095014,-5.101000158533504,-5.408964973667753
ANG_SM_d44.4,-0.3792258350501883,0.08894165259941206,-0.09525626571937856,-0.3593630726675725,0.420725367033441,1.067006574729939,1.086391908699247,0.9492580300996868,1.7470553019296178,1.2705870013803198,0.7381861124772062,1.025719366285169,0.7150170266287559,1.0546065974032082,-0.17004109280926588,-0.14383697647656685,-0.22437852980072043,-0.19325942046845973,-0.2507101271929032,-0.1556949948454268,0.3624460455445552,0.16829494801569247,0.4558679220621288,-0.258561821809951,-0.06731043516599554,0.4437513552045619,0.7446222511517685,0.5820196361794255,1.3161058201997178,1.8119914021014905,1.1430221114982075,0.7091016988991061,1.4582820306585893,1.3030430192845075,1.2782060136039652,0.11879422828147251,-0.03866042944487775,-0.13135741387934932,0.2330484529767671,0.06136368525113665,0.02995120525039623,0.2333637067578245
ANG_SM_d44.5,-1.3351192943272383,-1.0103735883884375,-0.9546478758117896,-0.3905926207021824,-0.3275870808194417,-0.12859902611639615,-0.06440303484361212,-0.4979301206675155,0.4200683527958877,0.03605316076156165,-0.7036979682997295,0.08494306981256335,-0.6878100940208511,-0.6987840193952204,-1.2706938441563749,-1.1749495739141766,-1.1158913619362554,-0.6835106702706369,-1.2141588145132305,-1.4210261572425078,-1.0608387274570448,-1.0486201427359103,-0.8009810751400529,-1.1490539789927017,-1.0816329102973747,-0.7362736570319727,-0.6180556133428868,-0.6718073537420189,-0.02159304201543755,0.6364084574753434,0.07629818287508719,-0.2339201623686979,0.3102890443391925,-0.06380952067056572,-0.3606399506620009,-0.8272810330583635,-1.0747929154136155,-0.9623308091217492,-0.6259985881266915,-0.8747818052541435,-0.9126925595956296,-0.8924564270333016
ANG_GluCer14.0,0.32939754151602935,0.654673856361866,0.7086410488011355,0.2978754999568922,0.32016480342002174,0.1576240809538125,0.2772788011347095,-1.346259724479533,1.195854915061686,-0.8205038017419072,-0.5540870898561794,-1.014948855743312,-1.1442166292092102,-0.1343049907090408,1.9673991941727147,2.1825998840359597,1.7682575818743471,1.8139590072697789,1.9725007459831136,2.009080540343665,2.3052803310568857,0.5585140063845095,1.051208176312363,0.5064619095772266,1.3008477931876383,0.521975450809419,0.04915610677571517,0.19831346715712253,-0.3169001555035383,1.234476376480819,-0.4518269502325042,-0.7437099812956207,-0.08708879795277459,-0.7194798644595954,-0.23856855643426417,1.4087839226235013,1.3571465190336436,1.433215192454749,2.5809265653715503,1.3895816415969993,1.392029248229053,1.7099812752970978
ANG_GluCerd18.0_24.0,2.1279819106033955,2.0757532008857105,2.4458592007217597,1.9962279655006343,1.9421805525457807,1.5928948184288432,2.0122454697080125,0.9561255527939294,2.5953792809789484,1.6360998970380434,1.4355768956341437,1.3785570036560673,1.1269970134251182,1.543982412728606,1.8381024816357,1.7648131757731256,1.6211507574692992,1.8377630075163465,1.698349467838929,1.602702741723265,2.081811914514023,2.1682068745042833,2.668646025133381,2.1941390317166785,2.999668580909051,2.3958220915104853,1.461373385385578,1.883677679231775,1.9149175649079655,2.687663202498738,1.8670715938227207,1.7458590101947886,2.3630127730438795,1.6512057214247935,1.6710712057199144,1.7852150483380564,1.722899876101145,1.8633401756521628,2.921419944011672,1.681836669622687,1.624959792089261,2.2120490235513777
ANG_GluCerd18.0_24.1,1.560016516886066,1.435485997197639,1.5845518437284434,0.8694562840735994,1.2936456766633304,0.9806630551778592,1.1644127168148322,0.9404217140875014,2.630296630691783,1.357754256117521,1.2001345948869295,1.459920392425323,1.1822854288324365,1.6461639017762673,2.2319002451904275,2.306866182594394,2.0002957935010355,1.9112146676955517,2.154983153567297,2.2089295859036526,2.613910624493809,1.7288017465919974,1.9626051938203908,1.4447957738732196,1.9119709273835737,1.788967777103467,0.7827908535018143,1.107639798214986,1.5656553177490762,2.250348174467194,1.289985095127335,1.2259748465568492,2.0227513575982146,1.410464755126127,1.5056803154935623,2.0480493034460268,1.946548128347659,1.9710361745270737,2.9424224881862435,1.986232509620797,2.1607335240887204,2.6763738314528234
ANG_LacCer14.0,-3.02437939685709,-2.8374786494838524,-3.103042231408643,-3.701507192101487,-3.142727234329731,-3.731186809017449,-4.024096842513321,-2.597294093533344,-1.7432261064854495,-2.763950696367992,-3.955166499585236,-3.79430582524522,-3.807142387924721,-4.547408281700252,-1.257266858831508,-1.377248330569875,-1.1542070293743474,-2.2123586278422502,-1.2714723194945268,-2.0689035168634198,-2.7472665057343235,-2.7587913908145607,-2.801940726725561,-3.150841076903826,-2.667254899847093,-3.112222374057011,-3.771005177558308,-3.747305649583977,-2.475799113920292,-1.8101630841199832,-3.191864996233593,-4.773440951329223,-2.855153507943718,-3.444888009144438,-3.9367508349841303,-1.1998443905600416,-1.2233445978956647,-1.4453853628558175,-0.5975759705742106,-1.4047919135392026,-2.000909578607026,-3.129155520975885
ANG_LacCer16.0,-5.762642473806809,-4.7005322631233994,-5.423677450522716,-5.209992041669603,-5.435711412308267,-4.903112126670128,-5.904994067809845,-4.483592918261797,-5.139949524634326,-3.8243131728689903,-4.491743297814783,-4.7504865401876275,-5.023219079003273,-5.559139135163757,-3.7715921663351257,-3.9633883010770408,-3.321008110831866,-2.720448902026863,-3.8635079530465104,-4.1751566511855644,-4.544560925416377,-4.742423826920883,-5.316180651435509,-4.856465796051246,-4.8252807983707715,-5.395071299955183,-5.186139253543017,-5.121711410352039,-4.34783278921221,-4.504978245968671,-4.6719824956959615,-4.83541644210595,-4.583558026275662,-5.296138395664531,-5.241225633432317,-3.700905062546562,-3.3558845411919824,-3.715450650186664,-3.2531271851606993,-3.091579963769755,-3.394501758409951,-4.711849462031155
ANG_LacCer18.0,-3.0384962265400572,-2.3247722104253583,-2.763729245873051,-2.5111995233575604,-2.935413746050192,-2.3494789198846076,-3.040315831121413,-3.384280828254764,-3.881605798063639,-2.4667482598037083,-2.4524300742823217,-3.1176641871553312,-3.9570339941741466,-4.137978933814755,-1.6193859024433177,-1.8798554325409995,-1.2112514202387323,0.02174457049053727,-1.580465828605565,-2.1758891930145903,-2.454882540155321,-2.121680391903513,-2.3318087533934815,-2.490591779314201,-2.671070114343371,-2.4717619303616107,-2.362047509990393,-2.5731534282456927,-3.08722032831247,-3.4634246119179046,-3.150701112859931,-2.672321012243404,-3.0956642154608587,-3.678837005348405,-3.8954019858389697,-1.1961481814923614,-0.8735584868633542,-1.0540351067189202,-1.161991147718367,-0.9810356513610023,-1.1924377353292397,-2.3156232776357704
ANG_DCer16.0,2.935405418797307,3.778447406312852,3.057220131248591,3.0269662558028947,3.2513911685584875,2.7431210115376348,3.1431141673003973,3.655049819557452,2.4197453134835505,3.2139063212590315,3.202861965481722,3.130044632211489,2.874203085023566,2.9323127439853724,2.4357960582834988,3.0785566766465657,2.5559386810026026,3.0012701574574066,3.092079301672146,2.9036037665563876,2.898348851969404,3.3962404604684484,3.4686130409359612,3.0888309013025044,3.0294911583788746,2.842326819258623,2.7590396460459554,3.0104819651540136,3.274549085894951,2.1696776359244527,2.6936541014813855,3.046721730331212,3.094022816089403,2.4415742973189327,2.715198480175686,3.5657956480036965,3.0794191271118283,2.1513869605171068,2.6617363414026505,2.792595326687673,3.284075288367778,2.851323312471232
ANG_DCer18.0,0.09742624836271918,0.9353397010961472,0.15852795012527943,0.3189575223539486,0.21872854720548623,-0.09736231265109616,0.10053680364869905,-1.0555782082149048,-1.9644872484475344,-0.9807334026729188,-0.8749893661607214,-1.116652680124122,-1.5126588061659156,-1.595224703953049,-1.101935638654835,-0.5313420246093464,-1.0215516621074523,-0.4875043385977914,-0.4658499990546944,-1.1382192264811306,-0.790739573200612,0.6323009689628538,0.7516078493605699,0.30972101814979675,0.49522077530251934,0.08513282352609487,0.01606781668917782,0.1575655579201664,-1.2288032702564675,-1.2766047075803006,-1.7937952973986202,-1.3527075684944532,-0.9076331464186068,-1.6910598915967274,-1.873728473526598,-0.0928179344789342,-0.34051650250453186,-1.1552196991451864,-1.1697249686761138,-0.7618198587139732,-0.1147395075753354,-1.1881294722571605
ANG_DCer20.0,-0.8147470882239519,-0.14748656423844778,-0.6559494493312026,-0.3673353425976359,-0.7675535736380048,-1.0229372625265714,-0.7477546262729481,-2.1255692463889977,-3.415445698329186,-2.209593401089574,-2.3236413086651253,-2.063174047746653,-2.6166224909863707,-3.125390604715509,-1.8006811791206736,-1.5610004348319453,-2.5010702722095473,-2.0641484394327043,-1.15015765787524,-2.098321132387041,-2.562766939289358,-0.3378958044563046,-0.20835079213320573,-0.641942969978429,-0.18562542012373376,-1.2135447958410768,-1.2237852505007858,-0.9374261602980276,-3.3185940391295383,-3.3959585993663683,-3.0324779292230564,-2.625324747965615,-2.3446724015230633,-3.13752001842766,-3.41013252752511,-1.3171380901301248,-2.219032193912666,-2.657353556022125,-1.5138855761873613,-2.159657075818053,-2.261883500523163,-2.0226701124661703
ANG_DCer22.0,0.9926071652728852,1.6375955873292172,1.1817134479356364,1.31052171540057,1.1714312008818557,0.9925129033112547,1.2995177571233425,0.7625617385151748,-0.4061583297892649,0.17112749416315104,-0.19722128499621072,0.46520876455180393,0.13679874461671196,-0.1379785106055771,-0.4474688240577439,0.01174068330477368,-0.3034355138069178,0.05674139553628081,0.7540871640106774,0.2995016052925683,-0.06374238641978627,1.4726321809675298,1.428078179376358,1.2029908455976854,1.3291090359140008,0.8402794524546042,0.7613010265782953,1.027137691365699,-0.1646904302222003,-1.2063755010095334,-0.6675235994049792,0.01688834722067045,0.4411788374383852,-0.3267611394465717,-0.3919663887126538,0.9467666810533936,-0.03891267271280883,-0.46992932852782326,0.5098443537540872,0.33156538432077376,0.4796539263468504,0.2073088120927845
ANG_DCer24.1,1.9616502884940683,2.4148544098714733,1.8882263186702115,1.7899536331559118,2.0850959710981622,1.8747831007400428,2.075211993331505,2.9071699210261555,2.1006440235524697,2.3447299388045355,2.38127280576018,2.472837697134795,2.2788839154230174,2.3727098309319707,1.574850088312458,2.004069614708853,1.7524053198286746,1.8489336857456669,2.656322286619364,2.085798558795153,2.1318027056253777,2.4449323898030513,2.4049914145989644,1.93061537431934,2.022004399664866,1.842393718798967,1.639171216383256,1.8690452784712583,1.5842879952898186,1.403752940129983,1.3826170264812936,2.0014755413794045,2.1241096342383954,1.564844603140531,1.950544600302579,2.637118326710099,1.8083632264848104,1.6719231016207112,1.415713224600575,2.416188503938251,2.6222759193040934,2.255193018954685
ANG_LPE14.0,-5.77278999021425,-5.9791824206820925,-7.1105685989391505,-7.108424911625727,-5.7965689161733485,-5.771490069083609,-5.978057075207309,-6.261346612727608,-4.677359730553804,-6.579336927041373,-6.532389788800981,-6.012561764834428,-6.106757039733247,-5.452693729782039,-5.679234702456925,-5.667457376578316,-5.496248436349665,-5.6968162984844355,-5.822854491074864,-5.161120908643918,-4.655579608702163,-5.736371410316172,-5.141710179016601,-6.526075583503351,-6.296969419064003,-6.336197863341988,-6.155360604271771,-6.275774711606422,-6.321596084271258,-4.373439074478697,-7.588313892672029,-7.1133360031549415,-6.228381603398959,-6.661021874363092,-6.110785813545221,-5.2524482477418335,-5.466661252105818,-5.414367465999651,-3.5600885567285316,-5.339906177692645,-4.828636129321386,-4.720066108518796
ANG_LPE16.1,-1.4040334929433649,-1.4094325572977202,-2.307467607502404,-2.086210124352775,-1.089757284393221,-1.7786973029786548,-1.6914869484946295,-2.372535263261411,-0.8928456862869966,-2.282165015665522,-1.8004434932888145,-2.4153369031563683,-2.576751160935925,-2.07736998118751,-1.871583997997504,-1.435838637077354,-2.1256025649706225,-1.8602889611552296,-1.7181423412697947,-1.843465277445641,-1.4585059938166205,-1.054178756809053,-0.8142409134509665,-1.8500010216767673,-0.7766495739797883,-1.4464099117591225,-1.757794217222047,-1.7390621543943767,-2.56101833862952,-0.9178714811675666,-3.217350976099499,-2.331990305184075,-2.3561633522218437,-2.9654262649881797,-2.3522991424742945,-1.117665240088158,-1.5028937974096397,-2.0961231577590445,-0.5304595476382297,-1.334826106648998,-1.278281503995527,-1.0930753955678796
ANG_LPE18.1,-0.7616221983395876,-0.6754181765604753,-1.4777000134346587,-0.91495239244408,-0.5015465510407924,-0.8507784569826743,-0.704459262078396,-2.038249847804546,-0.699692652658274,-1.8334881307606063,-1.4496289840143932,-2.2073325680676943,-2.2624658789264767,-1.5244203516566504,-1.786730933566398,-1.4072875946200123,-1.5954698520665298,-1.2400665068348014,-1.42094077172565,-1.9000025247749737,-1.2403407659650127,-0.5324251442349184,-0.3492402725561183,-1.0763428801377428,-0.00850415111014943,-1.0063282206061654,-0.9354813808278624,-0.6881645228448806,-2.282319214169333,-0.8810571120784083,-2.7128536760711173,-2.031441063543931,-2.094105805429893,-2.88483337686936,-1.629512654854163,-0.7842158648368106,-1.0736094432021654,-1.5917631185300312,0.09623270407227554,-1.0298934322017983,-0.946723493961763,-0.8132130545418637
ANG_LPE20.1,-0.843901973472334,-1.037336611559884,-1.788087124157643,-1.7445581397259846,-0.9093378866892192,-1.4438104565587626,-1.5445231265645762,-1.5785778748295578,-0.19075374440994217,-2.154964553446797,-2.257494403261184,-1.6794177407725552,-2.3526005716526934,-2.210370794132149,-1.3900118148655451,-1.235659574807481,-1.4991590828400672,-1.410949909626206,-1.229118441584838,-1.7714508976183394,-1.309458749523721,-0.6986739716218842,-0.6083867504616404,-1.516702832151246,-0.04453682963421838,-1.4968223924705528,-1.3871635540943408,-1.7068512623871177,-2.319031716902614,-1.0408769556211268,-3.31589606464518,-2.871520072178544,-2.399237252763045,-3.3026674440120165,-2.9581700896118828,-0.7273102960516854,-1.0117227603944976,-1.7707878754951671,-0.4183247269041651,-1.1230984203572962,-1.256808500180327,-1.1117952197162522
ANG_LPE20.2,-1.4170792900228977,-1.728459593438313,-2.405656000955322,-2.2455110405850514,-1.4300893200072158,-1.846675685060927,-1.8379247107486507,-3.454307633732444,-1.8928064119386785,-3.898059452156707,-3.9396969679818543,-3.341494421535135,-3.863595360183279,-3.8286517714648114,-2.389444420488193,-2.0991116094411453,-2.5575996223677384,-2.836159677663886,-2.257747302065677,-2.5589333510964507,-2.228784695231961,-1.2059145220206118,-0.888143533568722,-2.0740300977814834,-0.6297218039835785,-1.7411684379577397,-1.7244441793278975,-1.8149873309678817,-3.880390078951123,-2.465758680756975,-4.645368116611979,-4.434523194038616,-3.721556725680307,-4.938718016100232,-3.98652990578359,-1.8899653690966465,-2.149769146926513,-2.7723875500235367,-1.708723469929038,-2.266995312000561,-2.34722280600039,-2.13779291099673
ANG_LPE20.3,0.42640256858488984,0.2670483456315951,-0.2854080688438591,-0.685835953857497,0.500916974934891,-0.028133068752884,0.12632083819809686,-1.526040636650426,0.13386695956043182,-1.7052096168827684,-1.6305054878568284,-1.3049181009033408,-1.7038544231452708,-1.612027093262396,-0.7618822104249532,-0.429968575363564,-0.8432925234508228,-1.0375885046521345,-0.6593738222031343,-0.7603946906376527,-0.28171203942306167,0.5776318202882613,1.0956868629936365,-0.18057282987211232,1.316839956832232,0.2165461192127749,0.0772513887662086,0.09461763823981896,-1.622186082330597,-0.02329625507728713,-2.0020614410163295,-1.6813197582004191,-1.2983419598184955,-2.220806214085368,-1.4746198410727314,-0.0489490641784111,-0.1729372691100262,-0.7451480670949121,0.5731273946517578,-0.37811460875052033,-0.22357271193371264,0.1969744771690038
ANG_LPE20.5,-2.8357116196992425,-2.737524187831567,-3.0875140766471576,-3.5002682676998096,-2.6899796845106363,-3.01505012708691,-2.190635430009188,-2.97367487245025,-1.2969659886961389,-3.2836208348306384,-3.5981155909006337,-3.20639384517091,-3.514538202348449,-2.963377900900986,-4.958153330704667,-4.47012058022833,-4.587581590696645,-5.1786848489661885,-4.643356760751206,-4.626983375623353,-4.592411862839029,-2.9165662089512305,-2.135951538568906,-3.0968496479561045,-1.7843875195634669,-3.2542951139144365,-3.173341443138495,-2.7988634472794582,-2.8210682525316986,-1.3111282899058914,-3.1643997096160357,-3.1837841735748462,-2.6761687220399266,-3.986110718595501,-2.8760101703015293,-3.563336304985438,-3.857302079787098,-4.390215851301368,-3.071819306158419,-3.894356359914252,-3.9629739439072176,-3.906076918956212
ANG_LPE22.2,-2.164977990909114,-2.4335295541776145,-3.0882517103851246,-4.15583820669664,-2.2758105330659864,-3.1424811308805243,-3.11173996297577,-3.57465742833134,-1.7476402564600872,-4.156894782764173,-4.340436745010455,-3.5129605751186697,-4.1716035628319394,-4.234665779617705,-2.5353676856630143,-2.1665394436679306,-2.688311819222231,-3.441266328438935,-2.052578687709584,-2.877439686240916,-2.7959079250341983,-1.9439727841380885,-1.7344884065966062,-3.041450681145377,-1.995338801056066,-2.278466167744921,-3.014721318332444,-2.9551454137169912,-3.766624918932573,-2.525800363269766,-4.78559043074934,-4.876381479188927,-3.656787716583883,-4.769291718010602,-4.538168122064398,-1.8692330703879323,-2.2056764146309304,-3.348730254400669,-2.3253851640571117,-2.385730605223052,-2.5875283035625563,-2.5282506532798035
ANG_LPE22.4,1.2392656988660515,1.0761404296241828,0.7188016014882759,-0.5917385725159677,1.2809879048008943,0.8428077798027857,0.6666806993826112,0.5406224567702331,2.297267417610117,-0.1292543142841804,-0.5919995014458562,0.7171316345155427,0.24643844585035257,-0.07080755836753404,1.5410709328889376,1.8060636381145696,1.3942711479433574,0.09644196750664435,1.7147166248847672,1.4516052023854762,1.6832314472460514,1.1074093431962493,1.535560553414833,0.23677135366970245,1.4765925895374714,0.6483084791795808,0.4316836185241608,0.19972618737113937,0.4852024106833854,2.0279351836828376,-0.16719086709458994,-0.5476193571218294,0.8108120568370653,-0.10759550805030152,0.12229923027203268,2.025720143863425,1.8288973247293716,1.2537116036132607,2.010120830595284,1.6852378410962587,1.819568413609596,2.1566425148372903
ANG_LPE22.5,1.162820608859498,1.1342220098750422,0.8880842317702609,-0.05745771877392849,1.3090047804520897,0.5963796477907732,0.3788855122699277,0.6243674900203122,2.3700954436371084,0.0645924225872688,-0.2730934202640547,0.7506428334214177,0.22953795371953165,-0.01117878985383677,0.5330685614981412,0.9603280039531346,0.3884708106103415,-0.7891339681149184,0.8702349661070939,0.5217909371423365,0.6264657398767073,1.217137655645848,1.7147789348081612,0.3615365115420995,1.7964875920432624,0.5985293209442439,0.4046385661782952,0.01001585583236026,0.7141463009376283,2.0476381692618095,0.09884583672325092,-0.24776508886067328,0.8146166447018148,-0.27957166821593554,0.0977893887969709,1.079689623532588,0.9873915950172218,0.3363574271658596,1.056962450386635,0.7983649391207075,0.8889567309128505,1.1551428752683992
ANG_LPE22.6,-0.7129739615992404,-0.7309938163451858,-1.0440804655501017,-1.703554310790249,-0.5090956666951786,-1.1085017819213332,-0.9353138563585388,-1.172732259457539,0.4384850854813147,-1.7968399070393553,-1.9914745149748363,-1.2383004820929209,-1.7425694942339678,-1.8377115893835587,-0.582736015816789,-0.4706348317200656,-0.8443921279348062,-1.538461913757177,-0.4823011814123256,-1.0525327739798052,-0.746573790075916,-0.4868965034796563,-0.04478895290716259,-1.281883555012958,-0.0676159016917376,-1.2292208526798438,-1.2175017954518454,-1.2831061892691524,-1.1957559043462815,-0.06959145609321134,-1.868890272232199,-1.9814344655992544,-1.1799444077955086,-2.5675418972002992,-1.7808774735111532,-0.29709887741558266,-0.528341466190992,-1.0680755783084313,0.2400399484475756,-0.864520923071271,-0.9887869808769292,-0.5917728680786605
ANG_LPE.O_18.1,-4.387917757020994,-4.121691627948771,-5.115687262778728,-4.537092825966145,-4.051919855032083,-4.533609295733738,-4.484004494340047,-5.682908452007009,-4.18902055746066,-5.423282518612951,-4.9943232912530835,-5.700501706799557,-5.82019501638282,-5.104633136511812,-5.352705680494435,-5.182806793028457,-5.157123993199637,-4.766038534338637,-5.088606976889139,-5.510430577194189,-5.006242990551713,-4.116495004934363,-3.735612439783075,-4.771473944338296,-3.4507789972867555,-4.573583663981763,-4.216815817897374,-4.460663361642333,-5.884142498566213,-4.484948268694685,-6.141852268518589,-5.488082039302979,-6.135083309522016,-6.50406945735696,-5.3181464626060455,-4.4005071859697225,-4.582915035496307,-5.046329534089651,-3.5768912349117117,-4.744099527012897,-4.5891169609674565,-4.267691379769635
ANG_LPC18.1,-0.5408028099259304,0.0057464073479548,-0.5999387546040302,0.8256941977436201,0.4263873331014486,0.1829017606431841,0.32278465633676984,-1.6257277888043506,-0.9241222050791756,-0.645192802073446,-0.4780392066705054,-1.5571875679687606,-1.606794119187366,0.9125935609473316,-1.4971240773346628,-1.124143547343916,-1.303194926943758,-0.713600437275743,-1.3304407537518874,-1.7750273867831798,-0.7781223236147465,-0.1790259006316601,-0.09077687232590072,0.2428642891138123,-0.1908163921368254,0.09103789167681944,0.21586370511831585,0.7433698056251075,-1.650913252835956,-0.8126917714190268,-2.3592813892445723,-1.164233713042035,-1.5963852068481177,-1.9346254079373304,0.21549156548740175,-0.4311050192087084,-1.3021951269293897,-1.3275365088842506,-0.1856461314096861,-0.5448157248894476,-0.49788459679836994,-0.161068604943878
ANG_PI14.0_16.0,-3.4193686440672626,-4.14928049159797,-3.7004966622121622,-3.392859046607453,-4.902343756210859,-5.036849149060875,-4.718430542690082,-2.388632752367072,-3.2961049482395333,-2.3561472233069636,-2.9872288469202424,-3.1911922576205196,-3.3625005914343795,-3.1781277362850524,-3.892457529031741,-5.337082743232981,-4.671623553476007,-2.62428226805377,-4.565889289538811,-5.089013934302648,-5.172743026628615,-3.459834586320995,-4.887315377346352,-4.353220693547583,-3.709289705000925,-4.468245177156879,-5.08504009550013,-5.366974963025102,-2.7355413764076504,-3.1493750915405965,-3.2985864472164192,-2.708016947960872,-3.8808971294919217,-3.7789552402410194,-3.6768116395145873,-4.983087106610639,-4.519064787166077,-4.440209661949147,-3.29333268538253,-4.63278109993328,-4.697351852296681,-4.818742608731094
ANG_PI14.0_18.0,-0.4221281067653827,-0.8653096295235322,-0.2493982903481958,-0.2706026832621163,-1.0206571501772363,-0.7034032801699329,-0.8111990163702444,-0.3993482834464096,-0.24019498198696496,-0.2999227559870595,-1.1035576845219528,-0.4689835398134458,-1.026901226196944,-0.7938740369522178,-1.275176362101976,-1.8961402670937175,-1.7429400037668434,-0.901687608393858,-1.636668635715583,-1.7827876119623365,-2.2579052711937573,-0.44423872623369953,-0.9361920293602982,-1.0809923844160725,0.07802856582660059,-0.7206816977363204,-1.193014471028396,-1.3036998432069873,-0.18120530470722024,-0.35431036716559594,-0.6508553321698249,-0.8263706398638765,-0.2319110848444449,-0.7369854840022745,-0.6040795357021423,-1.2946095154350503,-1.2538780118304331,-1.4535756927002603,-0.7240501676164989,-1.8283266072929345,-1.7823701092480513,-1.669828231452625
ANG_PI15.0_15.0,-4.595444632382161,-5.8639960237451145,-5.661359181602141,-5.370478955621699,-6.145745471382516,-5.80630714883283,-5.565026104320775,-4.067000435601412,-4.760579533688143,-3.766609840624992,-4.617113485020263,-5.159103555052006,-5.124301002165728,-4.384389213084015,-5.1862053403388115,-5.939845891323934,-6.106914793131659,-4.510083569649488,-6.546870670198736,-6.303921217342624,-5.876603940109939,-4.516015193512674,-5.745803014292734,-5.965131511490177,-4.788466985900225,-6.664524314114067,-6.0711262352964255,-6.720695167380019,-4.343243885753913,-4.296626235129013,-5.207369856294093,-4.304526073689947,-4.459915634386112,-4.969097549206992,-5.094401508718219,-5.4294201650883815,-5.77524952484164,-5.7325079634566665,-4.261330288809214,-5.82751130652023,-6.190284586243492,-6.16707719314616
ANG_PI15.0_17.0,-1.696259474499634,-2.600601000241119,-1.7647221707873844,-1.7094795544782522,-3.1692521405503005,-2.573288579188951,-3.039524968211351,-0.513120560006355,-1.727395132488816,-0.5210391973381246,-0.7011947876994862,-1.6469954277708128,-1.77387688824697,-1.365391223458182,-2.1241881328672134,-3.552717020668593,-2.1003965014913426,-0.2796847363677892,-2.6521318667025815,-3.2538133059910432,-3.201209661862773,-0.9786773651536004,-3.15256460687441,-1.941817163389493,-1.3764902217947048,-3.140777957565938,-2.5352848223567652,-3.745263721089368,-1.1924013485792362,-1.5255866128761275,-1.3082900513149875,-0.5072987185770714,-1.9049190523599249,-2.077313423454742,-2.1069106315943675,-2.7247206323185784,-2.4572533122543145,-2.467665862488778,-1.3157907098220336,-3.262029067986465,-3.0817108841569154,-3.5003506249745677
ANG_PI15.0_18.0,-2.3816678118924774,-2.4212418729628404,-2.5234315443166504,-2.221775917509794,-2.9502062639384254,-2.6869343350888615,-2.8248470029205928,-1.6059914590198143,-2.1238865761127723,-1.9169701972017197,-2.205709877296629,-2.351015220765008,-2.3560842765571395,-2.1488880502689436,-2.837431094850464,-3.8003314552944434,-3.2171702022796893,-2.1672974641603933,-2.8905130724523564,-3.082585413769808,-3.0553988703090265,-1.6988791133521497,-3.261197360965219,-2.8354472958727373,-3.140958375974769,-3.114994319294305,-2.6990702687491184,-3.054587567038662,-1.5705396046677906,-1.8787853052020096,-2.253317987650472,-1.9077403361233205,-2.4731004942578463,-2.6183005215110313,-2.1875348241463137,-2.859537074299261,-2.5657886841363267,-2.7656300051812264,-2.3340829357002963,-2.815166421103273,-2.7664370731680616,-3.6535572214742658
ANG_PI15.0_19.0,0.02289797029954887,-0.13403814809857534,-0.20918376575514516,0.6884394072163409,-0.4610056209607339,-0.4548097277519662,-0.509246596457318,1.0155897871607429,0.5103059107996971,0.3025428287232113,0.2594602209948609,0.28312107858989416,0.0846137972701548,0.17127386090835564,-0.4387037938845393,-1.6575317914514107,-0.40295756967936014,0.45635341036531313,-0.9954488460297152,-1.091453666459607,-0.9343268757623132,1.0032038358766973,-0.7760759618968801,-0.00613086184419023,0.03007851647447351,-0.6276331560092184,-0.35268290973358896,-0.983804131842251,0.9393954821057598,0.15999609097737644,0.36447050549625143,0.5224296533768308,-0.17519679603936514,-0.14284397453251532,0.2553246710685981,-0.4326845189172637,-0.5176761624208764,-0.6071798982930743,0.3774155587779201,-0.8940555398062048,-0.7035100274675428,-1.3421919747912645
ANG_PI15.0_20.1,0.03699021496525496,-0.3690215949116594,-0.4964920332340062,-0.09019824661913488,-0.07828674830538306,-0.5738962111831816,-0.02840403350708779,0.3729621868497162,-0.25880278099624976,-0.36629234749160927,-0.00621197861849938,0.12820493529698818,-0.09919993426084782,0.02037410381688801,-0.2935977286321194,-0.6180247054037465,-0.22390258115382397,-0.5120929575266329,-0.06607890535285038,-0.33995536015897154,-0.1900598649198147,0.1993547449943547,-1.3723404001364925,-0.9165022125421326,-1.0200453733326016,-0.6097341064146252,-0.7827007040409034,-0.6306664689374241,0.7652415524852062,-0.22188279930105495,-0.18136927914837325,-0.00896283953993221,-0.32317926141946324,0.04297813892429766,0.3620661528856832,-0.35841031077241586,-0.6052913616332317,-0.4435315320039307,-0.37445834183443866,-0.3805828996911081,-0.33911431635686834,-0.5239550564815528
ANG_PI16.0_16.0,0.7891267098184628,-0.04958112963445772,0.47034189382901137,0.8009013748196242,-0.5765970528724006,-0.7356080198561097,-0.875860153023533,1.9215228049098871,0.7693615614695309,1.8670669593211855,1.651358513734815,0.8439907966347813,0.444291067017712,1.0014220107820149,0.5275222692560215,-0.7691396997773455,0.6156314265516218,2.106747150925679,0.02748184454240508,-0.824782701482965,-0.8835568930151098,1.2029891627713911,-0.41943560879554426,0.3536134267412889,1.143776199530803,-0.3644520617749999,-0.9452581674764589,-1.2966358656560588,1.104392059614066,0.8658705583049362,1.0317457281119151,1.652500751143728,0.36434598288874936,0.19797858066389704,-0.02247008976846226,-0.09241754178520808,-0.2375341364236739,0.070830494413204,1.2386780548970442,-0.531192503489777,-0.32012579440499056,-1.277550390775444
ANG_PI16.0_16.1,-0.6869939412798852,-0.9402884637507748,-0.9139750637213212,-0.4017204042184964,-1.3118067205019637,-1.5417179313674534,-1.6634519679829116,1.0638113653753336,0.2617156606718849,0.8919222921490135,1.7208460989664502,0.8534120270206551,0.4149877874142429,0.36900800669480066,-0.7647559405269146,-1.4434081679780506,-0.9330108555940314,-2.786297141493401e-4,-0.6490246089861168,-1.1931905954238171,-1.43613421323345,-0.02518496700829921,-1.3080611942637472,-0.9400883179836944,-0.7388800699152337,-0.5790523860467993,-1.5913869588233562,-1.6145071856882054,0.2878873789586583,-0.8422911905303924,-0.00652399009562605,1.40628289672491,-0.0148677085339183,-0.2105654482915065,-0.16609300307444563,-1.8809693544194872,-1.591635175384267,-1.7135446404372194,-1.3326145124894224,-2.035008704282908,-1.5261999461105291,-2.1246474746269803
ANG_PI16.0_17.0,-1.9689303759393453,-1.983924762340223,-1.6597240119787255,-2.146633858122719,-2.5668213895345393,-2.1151824162542994,-2.9815129210237754,-1.1508825614700515,-1.5769675002429144,-1.2197613299585146,-1.7022551481765404,-1.6131835963473475,-1.8127569690724143,-1.8104574696665712,-1.9680305725150025,-2.303011202345927,-2.0085490142264812,-1.5657911857372062,-1.7995681396007472,-1.9963110362933527,-2.6246685806727874,-1.9832501736115116,-2.475929914725381,-2.404237704854245,-1.665498406471415,-2.4585242851414053,-3.0806663463975212,-3.359365825583974,-1.1935107804595078,-1.4292065088844297,-1.6335954614202202,-1.59416404402699,-1.2593746447918397,-1.6228938441096632,-1.986498058387128,-2.1167368818765055,-1.913094891849816,-1.6317173280962691,-1.3033094373611445,-1.9395398981758496,-2.0966330388678154,-2.215278008897968
ANG_PI16.0_18.1,2.9863156607321093,2.7451207160951574,2.7963912185675803,3.1454925560826235,2.2552485602381656,2.7838511518543028,2.66817182263381,4.509071509920705,3.9568477455768414,4.036400546557112,4.385117399702945,4.06684001823108,3.7999008297182417,3.980727639425853,2.9563322063448423,2.125090402235773,2.8774598431037934,3.8702943444821094,2.5672538038675423,2.15153047270832,2.690822648073405,3.571248989170899,2.65835263307004,2.816655123553927,2.816734305175484,2.65223656710457,2.2007282357435054,2.4438448429302877,4.324886594669682,3.494591784273034,3.774184013707667,4.441487514884855,3.6195310523933455,3.421300614552007,3.748476047816737,3.0515567604301195,2.5909420902309765,2.720227757407936,3.495271419908222,2.444316033431118,2.6872268042469347,2.170902713182425
ANG_PI16.1_18.0,3.9754971568707793,3.725410982206182,3.7358878352992377,3.818759339833961,3.5746452683412624,3.817592892439493,3.5494223768284328,4.197063873100885,4.018801687617106,3.616834604334143,3.7529790352598775,4.141397998210603,3.908127978685576,3.55662604614463,3.9158514509780113,3.650459056696571,3.84319250503976,3.318531803658791,3.8846666094526574,3.5345999792942755,3.4775339059849317,4.143946327413482,3.1544570604911977,3.2539390803219184,4.1018763809983625,3.8506982530609446,2.974645737539024,2.9295988050722572,4.341980580974908,3.725935467690612,3.5729077412490127,3.6557989990236734,4.094155451129459,3.8573230277637007,3.96443401855912,3.796557888908001,3.4394348537119597,3.904540955192186,3.8980084846482224,3.7581543673355,3.683986369953008,3.5329644184943505
ANG_PI17.0_18.1,0.3788040558208637,0.26841253231666024,-0.22195966359396255,0.3269176065341608,0.2648796806582095,0.376250775640278,0.5140846917902034,0.972570655502456,-0.03071433073471646,0.25422205993251545,0.8423634509841073,0.9139775038540476,0.6757953862626138,0.766368996730639,0.13255979343697133,-0.11799944696205096,0.27363048410700436,0.23459460323273904,0.6295673411485707,0.306538192832833,0.4769990925655999,0.704999182686798,-0.6437143423317354,-0.4628943251920726,-0.43032631468420135,0.1499516396517422,-0.264568870570265,0.18125606193070845,1.3447937962536234,-0.02290831087592934,0.4200641721087875,0.7519461587110817,0.5361917881093256,0.8553204566784227,1.150800090030317,-0.2605620898113718,-0.32257770764915245,0.02330012848950215,0.01007331668583785,0.04276539002180669,0.2199102812695764,-0.07697420570828332
ANG_PS16.0_16.0,0.9057019383761824,0.7195875700968013,0.7593797189406256,-0.1454998681810361,0.8278112196896323,1.0573085513762135,-0.5947674190397011,3.9654166763377106,3.5743176336547915,3.328102794925103,2.6306043863104533,2.827978437750882,1.9413563763143489,2.6885064042155498,3.4897827588430697,2.849486170336909,3.236814501316538,2.973965715699875,3.355409139519404,3.23078367555109,2.002104921574881,0.4082482052284247,0.42879594962350015,0.8805642814962041,1.5344143795944605,0.583754789660547,0.10110195578671226,-0.4641163322079762,3.1663902836519924,3.042773242091506,3.140021814854874,3.046075227708539,2.783326011607959,2.009472480706787,2.0516694301685496,2.8724327735609902,2.845685862771354,3.1490892689247203,2.459439264053959,3.252500100782835,3.2827218621040117,2.4073164441427353
ANG_PS16.0_18.2,-0.10358491609996624,-0.4084164064617432,0.04146668217125244,0.613690734320662,-0.14477312719595364,-0.8151877082476662,-1.4300947470523602,1.0492071443320563,0.7440345008317818,0.861162421274566,0.3475009884023429,0.26193620329462064,-0.21324784770383945,-0.23379747537847304,0.4427307140234127,0.23184323487575492,0.8455594430695336,1.2010153584357972,0.2117501383847729,0.4272263355389675,-1.2872576305372396,-0.27427090073750043,-0.8204045760237544,0.01958090856913592,1.1683225314303454,-0.06314066613683893,-0.8616847426842089,-1.3769176753072958,0.569076361009516,-0.07768977120516989,0.1486039296847886,1.175094093132218,-0.20898915978070412,-0.3435108834973609,-0.7189586118239438,0.6792822943831255,0.16036778613053068,0.31246278212107076,0.5657365137536342,0.03900136409262605,-0.29382866695360843,-0.7634893945318378
ANG_PS17.0_22.5,1.2564850028092849,1.3577065251436444,2.710934494903332,1.796679029723996,1.0744387575383791,1.334029743339087,0.5272944152618754,2.0933163472125407,1.050933861628594,1.711013415833143,1.486484334762587,1.650349387935329,1.9304808670637668,1.817219065485874,1.2665130461156948,1.225204205357847,2.31932841955208,1.5109488965055902,1.5685181792315812,1.8282938658174552,0.9139189355358772,0.9750474182116864,0.2048030474429466,1.5029570468551023,1.5103439522727975,1.3000537255695663,0.6012953516894467,0.4940165071143589,2.141970664161421,0.8071018675971632,2.441098558761061,2.249740350612868,2.1994885341334065,1.920153483337012,1.794335134418645,1.2119857640338445,1.109272385926722,1.6955291528957808,0.952966962651946,1.0640062826348728,0.7645989418168201,1.2704292063950728
ANG_LPG16.0,-0.6179020424998081,-0.6184908033928791,-0.8133179832787881,0.2053165615460119,-0.44835911487353874,-1.2680486220901812,-0.8400009157884833,-1.2397105419941052,-0.9989574325295664,-0.8021214768542034,-0.311417521095553,-1.9253485892616344,-1.924972770612952,-1.084268704490088,-1.2580123774342928,-1.1848610842822709,-1.3848180089040572,-0.09523319237777128,-1.6654050149309625,-1.6953413472632026,-1.1569193619533782,-0.3398050782737388,-1.02983595588097,-0.60077229657117,0.21261410338184633,-1.245557379891345,-1.2037802576205054,-1.0693598584256991,-1.6024158526615842,-1.446908490258314,-1.85896502172438,-1.3678045510460402,-2.4349412117307576,-2.312064027388503,-1.4144376355697523,-1.0850805709503366,-1.3400576693438535,-1.0318363681524758,0.0880513413417665,-1.5693021563862537,-0.9034777277616935,-0.7333569707779742
ANG_LPG17.0,-2.303146352266225,-2.596648820687255,-3.4064088421453937,-2.0803678300840542,-2.0741990928313783,-3.1832019544441192,-2.765404187035617,-3.0779589235325524,-1.7894528579032456,-2.371328020522312,-1.9874728354113167,-2.9741104884174012,-3.493545435055351,-2.829029536938999,-2.7791990663569983,-2.902514484442452,-3.6443420959552584,-3.314012829905195,-2.752664294542289,-2.80014931606521,-3.068380571447872,-1.3776598547531027,-2.437669505228844,-2.5818321377494224,-1.7180276051513743,-2.074072894939101,-2.528302702154062,-2.4585996042180684,-3.1551251288971165,-2.502551889250346,-4.2308543671888446,-2.3720028942754183,-3.7558164659038025,-3.79261054051608,-3.4086761801514687,-2.824611064415104,-3.531482145949169,-3.9974913935959977,-2.5096851715978405,-3.015015911652139,-2.8007637532189644,-2.228876978556507
ANG_LPI16.1,-2.1925346527394405,-3.401570939583639,-4.103833935206548,-1.929462121873777,-3.344710769876819,-3.6366709867165303,-2.511230510907568,-1.3431477572026096,-2.197810431166946,-1.8961000704080644,-1.0236103487664712,-3.531171398282983,-1.7245823577221382,-1.8692905052648985,-4.975362343617415,-4.764453864071311,-2.120264908582632,-2.646948993015218,-2.9367870660499444,-3.2217274446631015,-3.788192764966672,-2.7234441694185545,-2.347941821199811,-3.7132515025050217,-2.797811633250451,-2.2938903832966444,-3.2262743939707836,-3.9815937119298104,-3.362535160197253,-2.3266999088180476,-2.868754593122284,-1.222789474899686,-5.246481584775953,-2.0441368619106424,-2.253918045246166,-2.250340425471338,-3.341166632738628,-3.3024491004812586,-2.5237208492427263,-3.786544211839342,-2.6169251422664424,-2.944631520778328
ANG_LPI18.1,0.1890041622313086,-0.9857442784290684,-1.5885673419288822,0.7693616379621339,-0.4093624813574556,-0.6951237840736217,-0.376571326147425,1.4037428543457868,0.10207548627837867,0.2887850535394077,0.72026083139271,-0.7841573028906212,0.5407072143646995,1.1041268485754234,-1.8627414009302856,-1.719524630198786,-0.35814331506950975,1.3155368207698883,-0.6699479198208748,-0.8939722085856098,-0.6569450683305672,-0.1407667315617508,-0.23560893900313515,-1.0557044960718842,1.103515488329779,0.695849087503057,-0.1757123925232116,-0.9975766366094,0.3431012383410459,0.238703057134678,0.03168168577970883,0.8522466929958348,-0.7386927270128626,-0.17967985519090557,0.6565891211911519,0.3439198280852974,-0.17017045471984926,-0.7994192038800625,0.5233785397405335,-0.5659562969752571,-0.28198829781170365,-0.06002224873748139
ANG_LPI20.2,-1.5919755097803017,-2.976223509750199,-3.608535889515382,-1.0344749466957717,-3.0566536244220943,-2.805912451514036,-2.5675203131241107,-2.661059617373429,-3.880660601635095,-3.9733271449098857,-3.477574402111979,-4.883457187066246,-3.104633924691629,-2.4064212621690673,-3.852187353521037,-3.537423905126688,-3.469647596829882,-0.7199043941885438,-4.629998290084769,-3.719520329843981,-3.861290927928359,-2.3273096879054256,-1.6624515963339872,-2.9610747610003294,-0.5261774444182706,-1.4014242744496523,-2.147076779050614,-2.6608595833443047,-3.394568236948971,-2.681398474261244,-3.313780954905043,-3.2029759470796533,-4.6789100978047475,-3.891802645476512,-2.877130934209749,-2.018871965142602,-3.661960783581675,-3.8932524152311383,-1.76971676918196,-3.306329845551246,-3.229650296886512,-2.614236798151439
ANG_LPI20.3,0.5450520655890636,-0.5544427729324987,-1.7559519982518024,0.8673284446351578,-0.08804819939333104,-0.5874175985029084,-0.05441766467169754,-0.8770003583622488,-2.55498946308428,-1.6796609485510758,-1.8202961333455712,-3.245942689679724,-1.6707925864183857,-0.921929238472078,-2.588906525149221,-2.562223371810438,-1.710804710130682,0.08370625707487725,-2.759189070214075,-2.009599423053341,-1.6046864137955077,0.0921672982232424,0.07663043591565469,-0.5896450108563679,1.1769099920631978,0.8765092064201444,0.4552289006345976,-0.36009941008287144,-2.028548383647999,-1.8459312861315311,-1.8188435873365405,-1.5283843214642494,-3.3418179340718828,-2.7394239655097747,-1.0633728870626835,-0.6131962089030051,-1.5480680802166569,-2.357919471218438,-1.2010330220733465,-1.4184878494077382,-1.3728437547276766,-1.465359458455666
ANG_LPI20.4,1.3664769645527309e-4,-0.5082622078573132,-1.679877117699016,0.8947785807895868,0.24186686803487037,-0.01151454151946283,0.3962781054572452,-0.00685615467900712,-0.8885022137763771,-0.4127365396031636,-0.666804114626471,-0.9978661733576532,0.38796089145508805,0.7046504561026606,-1.708994650101729,-0.9192680054956308,-0.1944157521827926,0.5906986845885849,-0.9925483448669178,-0.49998105267900106,-0.19562750593738096,-0.6303762649711316,-0.7758045430682753,-0.8335308074253822,0.3911255175856429,0.8045857343611778,-0.2530558605673223,-0.550675471877993,-0.571196550566948,-0.48127410574647744,0.0217483503671668,-0.22783910326778029,-0.823088917920281,0.08473452255797544,0.4948572312455583,0.15407114646045725,-0.39177636841556346,-0.9753012231224836,0.6681564559509297,-0.10814967071545004,0.5259041875225372,0.7327123673508898
ANG_LPI22.4,-2.348850667266924,-3.113338490302293,-4.051019994984578,-1.7875703298820345,-2.7674900262729425,-3.7681083405552545,-2.145159290096996,-2.8179864224835014,-4.330756106203435,-4.474784456188081,-4.379127824786224,-4.329260941597148,-2.311832960702512,-1.8695764853589876,-4.8541289884380125,-4.83404752973644,-2.852200589472923,-1.3685993508849157,-4.279582737382039,-3.9647154221234326,-2.993771878601663,-2.7119054021557036,-2.2125018707003363,-3.6303534803814537,-1.504855285732522,-1.9779023782811815,-2.3436540896811113,-2.5528050973562877,-3.1573079266210025,-2.67323269340129,-3.67479937244058,-3.316482281408765,-4.879374661284929,-3.5920472076683696,-2.218534565576562,-2.2038644565886867,-4.172692790365813,-3.0938185726249077,-1.8788245338872325,-3.322286938945528,-2.7217961733195506,-2.099705700129145
ATG_TG44.1_FA18.1,-3.4076501860369004,-3.5088358894049296,-4.207481214474755,-4.954348732679593,-4.001076860784942,-3.965327805970457,-4.275028946821953,-4.995081216392778,-4.524819802702357,-6.827769387943495,-6.643168231528776,-4.232872739564183,-5.8565953280579945,-6.915424154529262,-3.504924137413065,-2.01864422174605,-2.9966739116057344,-5.213734196476528,-2.8125449134436464,-2.9146251182192824,-3.0642635205513264,-2.725528549800253,-2.9867898337420833,-3.683536071888407,-5.350569009567818,-2.6964856051628545,-3.825924982546601,-3.672924323734592,-5.489613559599329,-4.921331931179146,-6.553185989921639,-6.9828016196989955,-4.01945726823001,-6.15669180827333,-7.485514116560214,-2.3522006008356775,-2.4077803060858964,-2.66384606770166,-4.698965351789875,-2.257567407359428,-2.3189852796846657,-1.891395085293914
ATG_TG45.1_FA16.0,-4.896793257944716,-5.2697897900638315,-5.831865591144673,-6.734533970608329,-5.40224998873821,-5.56659796029809,-5.828030110030988,-6.450225953394354,-5.700154590129752,-8.31291191457336,-8.13885609638387,-5.628789011268177,-7.424157595516416,-8.288738529726592,-5.711302653669412,-4.311842579551204,-5.159278727733475,-6.948720990732804,-4.927591373595119,-4.657034577236304,-4.541608802887792,-4.442834125583259,-4.7899092390048,-5.234182058281277,-6.925818309276543,-4.289791695182495,-5.403797417514098,-5.422365307493791,-7.0177180609933645,-5.7291921996673025,-8.213167208730674,-8.63197154153992,-5.4873926684558345,-7.686389957291904,-8.647267517604403,-4.577537669612477,-4.384662320003398,-4.872417611005382,-5.868719406032278,-4.271237217251415,-4.14270044890869,-3.860648628189289
ATG_TG46.1_FA14.0,-1.5158764008843402,-1.7257281242658025,-2.0521836501115844,-3.3238694622800415,-1.7306645393274769,-2.7699555635163935,-2.4496221943939265,-2.315240052672477,-2.2426080526089924,-4.0263471859990965,-4.389300961097588,-1.849630549029284,-3.566064668978178,-4.184065599944722,-1.4933038978035835,-0.7147832349798168,-1.6591885253894296,-3.494253293344653,-1.156922847927873,-1.0771292126601812,-0.8975870391485621,-0.5575877618755972,-0.8849556454546049,-1.8460394830323288,-3.1588201634595676,-0.8337665333552927,-1.7353602764174645,-1.99622529482822,-3.1657563326979896,-2.949208094403177,-4.62916218112883,-5.0147296589599275,-1.9597870839509972,-4.026082874812791,-4.826607749634647,-1.2166990972715042,-1.254143853251839,-1.7897588124401154,-2.879572829990142,-0.9114603631664706,-0.737653746261666,-0.642413020453622
ATG_TG46.1_FA16.0,-1.572471298040977,-2.0077884539856954,-2.356259153314983,-3.253024776880531,-2.233587036893911,-2.9048518896441164,-2.4839807079817184,-2.5632448896674167,-2.545817844114902,-4.349586935076076,-4.49277973585278,-2.191844304892224,-3.750522485955652,-4.499241213661646,-2.0227886302088707,-1.0237095525768585,-2.122321791908837,-3.527445246134916,-1.5775204588152465,-1.3029763090293514,-1.0231149778877882,-0.911989239292674,-1.0938617592927715,-1.911458923132826,-3.1123360161367724,-1.0259137955034112,-1.8642544709911264,-2.138721379015335,-3.6128189138402034,-3.191649619494496,-4.8853054105649205,-5.131183255050029,-2.224970091144895,-4.328259522892967,-5.1614222725558045,-1.5374433620261938,-1.4839239697792426,-2.201183972353194,-3.0330780841747305,-1.137748931819,-1.0532091145516853,-0.9381600471086864
ATG_TG46.1_FA16.1,-1.8811317843084876,-2.055145102105448,-2.574763272462649,-3.5061561908722165,-2.179868668450671,-3.181375562339188,-2.962992252038019,-2.9125136816502413,-2.7953134263135047,-4.401754646429475,-4.664236167232217,-2.3193615909969783,-3.880286832311326,-4.737068835145721,-2.3878186625312225,-1.4145059576110406,-2.6104039814231372,-3.9861653572319704,-1.818969261445767,-1.6150242094612275,-1.5762502098648383,-0.9384441478338612,-1.359336728093175,-2.1802845003161133,-3.4366310511201976,-1.2768164359498322,-2.206033506120733,-2.505766322806099,-3.7832359702729383,-3.2335636180810337,-5.040322940206553,-5.243802295773411,-2.4465601961678836,-4.4500827302769554,-5.4048030671645275,-2.0401593106486837,-1.9816124124810783,-2.640856788363229,-3.449569078155552,-1.567991896046357,-1.2490357044250495,-1.3372120432177264
ATG_TG46.1_FA18.1,-1.9400275253656287,-2.3238229394555368,-2.636940443319337,-3.6296417500853746,-2.53657339398517,-3.110862544067908,-2.861652210005958,-3.146802362016877,-3.2378623575880963,-5.1400528100860114,-5.546659170285717,-3.099894224799841,-4.390381040804362,-5.044048469109675,-2.1140054894148093,-1.4163526077160296,-2.0409987376254035,-3.815073361484609,-1.754077642639488,-1.701649269329673,-1.3284878492071177,-1.061642147347544,-1.4298737640764898,-2.035080127108781,-3.5676079430328915,-1.2758089969983968,-2.051857861763861,-2.2565355472791646,-3.902942728054811,-4.061537705352051,-5.412123980524859,-6.064852580607373,-3.1006383895734873,-4.932551005138057,-5.734818999643002,-1.5155259598126494,-1.433464774793334,-1.882978385822326,-3.299461596281847,-1.408700629940009,-1.354647295226845,-0.9838909996962416
ATG_TG46.2_FA16.1,-2.9435437484499105,-3.2239206552897466,-3.805940686663708,-5.074337999554971,-3.2640718303750997,-3.844889453096738,-4.116335420415028,-3.557792500514448,-3.498201681677231,-5.5176645315922555,-4.978332314210418,-2.9100312938193613,-4.4097347227692945,-5.5557019811284905,-3.428632355419882,-2.3077446397508594,-3.7559560751193666,-5.497225942877285,-2.8247179065479378,-2.5970488401994847,-2.3409511678677606,-1.701710593883779,-2.37254189004768,-3.3434783758697484,-5.118791761902554,-2.0062657614776365,-2.8927574362526864,-3.663484416314807,-4.588124103466663,-4.541524628198394,-6.071041353341361,-5.556482520113944,-3.363626241301924,-4.863069902757837,-5.766019239411629,-3.3565192303657985,-3.322914680223645,-3.923489328418916,-5.145645070196666,-2.673360854414532,-2.44610722371757,-2.496540118094783
ATG_TG46.2_FA18.1,-3.1176946145654965,-3.407398403406242,-4.1120899594255285,-5.155125558770868,-3.583508583409803,-3.648181601232368,-4.114588398799214,-4.028449703869244,-4.2369097071050765,-6.167728812125431,-5.658254009340753,-3.524235309353416,-4.773518195559343,-5.99261256671962,-3.163881535336619,-1.5960359178098669,-2.457090233669883,-5.068999732495757,-2.2559473535250008,-2.2522584743519753,-2.323658115525474,-2.277682197547668,-2.6614955107215454,-3.482477568737768,-5.339595805273567,-2.187376249656068,-3.081401116834545,-3.317344514361837,-4.712639393521751,-5.196562134017636,-5.972932737154588,-6.197567297773451,-3.5825061184931113,-5.294987222968555,-6.6519034408257545,-2.1252718724469832,-1.902444791004424,-2.417512793286696,-4.829075573798985,-1.7373126663156049,-1.7501911150892615,-1.4056515763544088
ATG_TG46.2_FA18.2,-5.039914242680927,-5.205181579793331,-5.675138907480968,-6.883926998191694,-5.406513179216881,-5.824368582410447,-5.7811339540828754,-6.433408743488685,-5.980352677581838,-8.454688803143453,-8.752230106784149,-6.047408827901199,-7.306315314486554,-8.4458175027908,-5.464940462334481,-4.487214805831294,-5.143610227607713,-7.553444620408846,-4.8417036607245185,-4.678701963595116,-4.285732887427696,-4.116441373658173,-4.3843494343243625,-5.222719344398732,-7.032433137369532,-4.3885965337516275,-5.051987743661068,-5.334393397391547,-7.107416955725955,-6.544756755898446,-8.370465036786522,-9.059430835458317,-6.089512772244114,-7.333263898811987,-8.510169676156655,-5.078545108638753,-4.619342155812575,-5.11951660793814,-6.11283618314216,-4.587081458429879,-4.499715544224289,-4.410104365160113
ATG_TG47.1_FA14.0,-3.775655874376548,-3.965442936656467,-4.366073200536295,-5.573864002866996,-3.9854732726730298,-4.754067398033571,-4.687128403078598,-4.351015550976834,-4.24072969190182,-6.038035647055401,-6.284097597447891,-3.97313209606131,-5.542893821450038,-6.514367076848367,-3.5773452849340166,-2.795398880950469,-3.5591699067537697,-5.399842787904367,-3.114571407127035,-3.1099033402677905,-2.911085565887854,-3.294497581588867,-3.1551618163570474,-3.878768058625371,-5.449824525389709,-3.08864279391892,-3.9604597618682145,-4.096440195000896,-5.180025890455132,-4.68198060333276,-6.718526819608763,-6.9604286821192565,-3.864337786075631,-5.834630191398489,-6.766621401345519,-3.0976738360128735,-2.924581546774639,-3.65592580366012,-4.370828578844896,-2.892564542673139,-2.526532915009702,-2.414964701025781
ATG_TG47.1_FA16.0,-3.3285203426356857,-3.679223956360375,-3.869652090346587,-4.970317492186617,-3.507646416181172,-4.371446908394772,-4.139401024437483,-3.970397231474147,-3.8051992524570384,-5.425781293783557,-5.592778431797672,-3.6104105811129914,-5.197517055845722,-6.195285646915064,-3.71379755005068,-2.5478447277678784,-3.5935325344078386,-5.073146345530549,-3.013426806393891,-2.9209640096201097,-2.7499919540445465,-2.7907832562169608,-2.670503176146442,-3.5194453223620927,-4.774519062854384,-2.700066746147119,-3.7353525175441793,-3.877924313494886,-4.657320508650021,-3.8561234498135777,-6.137611616112918,-6.035775316910192,-3.5077150288543324,-5.66363023326697,-6.328858136098495,-2.9876628167165613,-2.8533029118836604,-3.285301607702933,-4.056175191477707,-2.602557715057841,-2.2252423549816744,-2.1504637822467685
ATG_TG47.1_FA16.1,-4.146498832857067,-4.109145577101299,-4.642932953672049,-5.661383931856793,-4.066041116074544,-4.907196266878002,-4.823832738633599,-4.854799982171987,-3.9462165535337705,-6.332643083405415,-6.1867046216182695,-4.187727303391097,-5.895759312175462,-6.7536294243854735,-4.269928041733251,-3.2804998611374083,-4.512591526637584,-6.082870459137568,-3.823809159875696,-3.4759975438448105,-3.1625633402194717,-3.509531560696448,-3.4012403348291964,-4.37806293410018,-5.526589265475901,-3.3639665495620674,-4.396949930010865,-4.459566568002352,-5.211672252969585,-4.015156525342685,-6.754496855033545,-6.40762070256394,-4.160923820972396,-6.019081760709523,-6.623982483883887,-3.7755726786347976,-3.4206027465912165,-4.104825371248724,-4.240690510336632,-3.0384961559821244,-2.688626410119828,-2.728035971356662
ATG_TG47.1_FA17.0,-5.535851118919344,-5.592014155109515,-6.405366231499402,-7.218558148116635,-5.899930306400915,-6.300611950108257,-6.289679971653955,-6.450586145162312,-6.266490843209328,-8.20120613061936,-8.378674829301326,-6.076189859255859,-7.413673921478299,-8.414972950495663,-5.712247338568085,-4.7627551706578775,-5.810772269842644,-7.760952030289568,-5.201125358915075,-5.013137708212965,-4.673291307629939,-4.716435872397375,-4.989507623853316,-5.627867279533764,-7.154521089154211,-4.862615274393373,-5.7049223925691965,-5.703535903596967,-6.9759542990702315,-6.231546925217263,-8.499069647353268,-8.512926096821127,-5.818101832989052,-7.95736960501947,-8.460469181524626,-4.927481737680061,-4.798126176058174,-5.687204762632399,-6.789342116328418,-4.609981441446102,-4.636476469004656,-4.338870327326126
ATG_TG47.1_FA18.1,-3.970486157894928,-4.344837551598008,-4.8663920978084,-5.855902642478038,-4.432150074384553,-4.940184037818076,-4.868254916311047,-5.088617413461438,-4.7680108035904905,-6.608278163842901,-6.984780121328117,-4.559269181393073,-5.890703509482382,-6.918070455002032,-4.038756382039482,-3.080075998394151,-3.849073092680207,-5.612041747219615,-3.414441506611407,-3.350669671481425,-3.0427872268749847,-3.46642677543802,-3.474293964273529,-4.350851628628461,-5.862258134810375,-3.414030684477975,-4.21628659156525,-4.332626069928938,-5.518071461048925,-4.862379254395587,-7.065244069599639,-7.443926233323068,-4.560112331654061,-6.362355959042605,-7.366257191224247,-3.348516501320719,-2.947776351117227,-3.4178301338713237,-5.062354700564706,-2.8312032659435733,-2.756343511009587,-2.5419260544404945
ATG_TG47.2_FA14.0,-5.592698679085021,-5.444612276449314,-6.100406057907488,-7.591092780312412,-5.6975926100962,-6.326831303315162,-6.452866269917217,-5.82484301683609,-5.934596020621697,-7.833559843458132,-7.7709368309479325,-5.463153592005127,-6.639256935630071,-8.140367517278564,-5.718465062900368,-4.6562008010434575,-5.894521874176282,-7.662149444507188,-4.976736395992693,-5.0630214503668665,-4.730803954270303,-4.4747681656648925,-4.852996928342939,-5.833297704424881,-7.565801397776689,-4.600063387183873,-5.50039294969602,-5.8361566098995,-6.643362061616573,-6.347639626078093,-7.97640220491196,-8.187966346631281,-5.8200720177653,-7.020698432552556,-8.058847816005407,-5.422131730372602,-5.17306934938768,-5.5647352033478885,-7.199352944091775,-4.89530932557107,-4.850642335676187,-4.501975137282891
ATG_TG48.1_FA14.0,-0.0329662084669694,-0.31185117708595167,-0.7187194121676127,-1.6484554952465038,-0.2969154300842848,-1.249222931705005,-1.0274482744373266,-1.0362611030585986,-1.0535610426296904,-2.627759991258101,-3.0960588662889044,-0.7728164339653706,-2.2729955526275747,-3.1090910660379194,0.01842592287261506,0.6074266779029687,-0.10866098237868292,-1.7731377694948476,0.3750825237234358,0.3785452898973905,0.4165989418387869,0.6077081393078893,0.49156071252546174,-0.19063238899121668,-1.5652763869824038,0.5491010181284613,-0.3896744656487135,-0.4627211254115109,-1.835828525458165,-1.7575853743943763,-3.258076631796035,-3.5904852969469276,-0.8522813749004632,-2.835103792308632,-3.58724004333622,0.6629740017687001,0.5016229890795262,0.00572869535024251,-0.9551623925809642,0.6594652657777103,0.7165780125731182,0.9370877106212891
ATG_TG48.1_FA16.0,0.5728547880181337,0.23804443931221064,-0.13160689901393346,-0.77738634898028,0.35221778375643453,-0.5937790981668422,-0.3833412609428596,-0.11388843474016366,-0.1912716987597444,-1.749608870151303,-2.035014507738905,0.08750927696231439,-1.5348465563556208,-2.3168996652393785,0.6307772059966379,1.3301944370140617,0.3905799368883743,-0.9434710586203596,0.9088884820893794,1.0365587839726769,1.0490307392467435,1.075595806739703,1.1586496132374025,0.4236848327179325,-0.5519201165734763,1.1153638571887787,0.0777329334947539,0.1436307689238788,-1.1007289705444516,-1.0257451224998415,-2.358791264715146,-2.5284620474607853,-0.00148602284366519,-2.1375465841806873,-2.978391720176071,1.2011997263005716,1.1842017357338326,0.5155144738698507,-0.32865415002461523,1.4667368554848164,1.4431245447989691,1.6547446657681657
ATG_TG48.1_FA16.1,-0.4815815087374792,-0.9173398320029914,-1.1954587814367374,-1.740274835978178,-0.7874569070550973,-1.95963903788854,-1.5410014035045667,-1.5367719670045654,-1.3289892177269116,-2.962679888854753,-3.2903818129994606,-1.141547528401855,-2.866508992464708,-3.841973170449377,-1.0310129349537938,-0.1531153690583687,-1.2747165247008891,-2.392021573701874,-0.5695680793169423,-0.33633470728284454,-0.6374620783653827,-0.06150844935035252,-0.05874989184869052,-0.5977443809356449,-1.616265250081901,-0.01532028276797939,-1.1254644912309972,-1.0432260109890896,-2.3847365621791834,-2.1940732793905195,-3.6035969882219825,-3.758276464519089,-1.412538708853777,-3.429814606772436,-4.325682360933883,-0.35093183287729757,-0.26427659516994245,-1.0530728593503778,-1.782666246471335,0.05678727087345783,0.11404232441405908,0.33139155048569763
ATG_TG48.1_FA18.0,-2.230112634966254,-2.7152778541796696,-2.872934911281425,-3.941368734936509,-2.604291254775876,-3.451643525101086,-3.173336021750432,-3.9687711221454456,-4.168032181012027,-5.843646687309882,-6.718664426032967,-4.1515303599617495,-5.509951657698294,-6.280169122253266,-3.153639578468419,-2.5033210065705815,-3.4256329306945377,-5.040919603388731,-2.8397854366546165,-2.6117874922720703,-2.2417463345510424,-1.697364308371276,-1.768181970264611,-2.454493086428781,-3.816284275016403,-1.7548190466808118,-2.639961646524514,-2.5746715645053673,-4.461941898041842,-4.724669694472143,-6.2443360303382835,-6.856841174675824,-3.654850846670483,-5.782025061426833,-6.574828523458891,-2.382215808637764,-2.344642624088385,-3.0776389076503374,-4.158022877559237,-2.4437275728413743,-2.4977179522947974,-1.8576018774953824
ATG_TG48.1_FA18.1,-0.03544362576002995,-0.24339075861883372,-0.6854638694507819,-1.476553392659081,-0.32803346934276467,-1.2467335058382636,-0.90889215277848,-0.907270615389316,-0.9593619749480384,-2.527496622626383,-3.0052559319357015,-0.6974707881105946,-2.370431204081373,-3.100927424098908,0.10962558206108024,0.8113153948846994,0.03634269948817904,-1.5536444109534404,0.5899502802943865,0.4615606745661598,0.5004868162945577,0.5758314665416489,0.6004398626248376,-0.11965289831415932,-1.3184280221719131,0.6371265939850952,-0.4409627178210355,-0.422509348952069,-1.8119618542665448,-1.6226194071034106,-3.179113716102058,-3.54923238710124,-0.8827776673508331,-2.867455439080848,-3.625899084545611,0.7885460083889384,0.7992834534177417,0.1501638654916204,-0.7920047891879206,0.8870649578289477,0.8800166772683472,1.073320331559282
ATG_TG48.2_FA14.0,-1.4980661269453952,-1.694418244747607,-2.402291943932359,-3.5389463118235143,-1.7893063631036783,-2.505980915778567,-2.6150306983142984,-1.9816498582831663,-2.0947433053662192,-4.0541630800484425,-3.854207548720699,-1.7122366327178271,-3.098834242214301,-4.260275482111978,-1.4109378105364,-0.5814248043754573,-1.6596291271951296,-3.709300595559964,-0.7834514916581637,-0.8344112598037524,-0.9382511535788436,-0.5790663199665048,-0.9514525788659808,-1.7630754993200703,-3.591135741736349,-0.7707153649790862,-1.4543180063286811,-2.1073882191654945,-2.997399262940173,-3.136329754975822,-4.503760667311154,-4.673844883125838,-1.888527691999688,-3.4261937420910056,-4.565020004246315,-1.068809855449298,-0.9361601888307628,-1.6842791888465352,-3.278791086113328,-0.6262885024931432,-0.3783112833144472,-0.5882100582640858
ATG_TG48.2_FA16.0,-1.5456418869230728,-1.887314420217303,-2.3214028543635603,-3.509320548822648,-1.7983639761721333,-2.5627880146719826,-2.5962814401779024,-1.99229626234748,-1.91345177258287,-3.67656015133347,-3.529640487639375,-1.457333154693907,-3.036210269181368,-4.376758555272196,-1.8404695756594376,-0.8413186755442095,-2.201299088435434,-3.700116224310992,-1.3387087294927855,-0.8110231132415633,-1.102829263429679,-0.7390563652254317,-1.015462155711224,-1.7721809385553466,-3.251076480297629,-0.8168983194393328,-1.6989009920286422,-2.236135558096758,-2.9877999716861985,-2.8940140225489066,-4.295913851660023,-4.112068641879284,-1.754934476942252,-3.345730081055977,-4.50656282675135,-1.286147093687132,-1.3225517059735423,-2.116902452004494,-3.418238308972254,-0.7438141464327763,-0.43506616196453135,-0.6963147939239523
ATG_TG48.2_FA16.1,-0.3457228578368512,-0.4849739349258584,-1.348452126137993,-2.3239471616868252,-0.6426193431731942,-1.319350310085919,-1.4408759088749397,-0.8148629638058207,-0.8986781493617741,-2.5321231167150446,-2.3147608877827217,-0.2819648366872253,-1.864784834547902,-3.087161687147583,-0.616233669991888,0.3495421844895372,-0.8968531064588742,-2.5800164130274523,-0.05203772445906556,0.2657520809612686,0.01903856397969619,0.6415566876434308,0.4236406380887996,-0.7372324796402544,-2.1602763600503203,0.5605247540734515,-0.2969506973530337,-0.968764109000268,-1.821369460063468,-2.001318734722379,-3.160843988539541,-3.094281473666293,-0.7674152048886149,-2.3706028106236365,-3.25839164659646,-0.18494966163050863,-0.07840513465721671,-0.8881955175130688,-2.361556558230064,0.4773447373997289,0.6460859033122953,0.4059714174484283
ATG_TG48.2_FA18.0,-4.899288188461073,-5.162373828417218,-5.560833252055638,-6.876974036164891,-5.221618763591589,-5.709902828364183,-5.596840666105698,-6.497194907730392,-6.53383223742146,-8.531259676835063,-8.891250781317625,-6.228376813363075,-7.340050371232368,-8.82441366819016,-6.215161849446978,-5.021621704229795,-6.137615767331674,-8.239777858821302,-5.856556901740998,-4.907762714531159,-4.708195647533187,-4.0542695630240475,-4.252117231473427,-4.923686419418496,-6.769875811538948,-4.304827761851929,-5.074176620964316,-5.171378929506816,-7.1126742382633354,-7.325515484651817,-8.441272081236447,-8.974643490078325,-5.902791560370783,-7.880371229536988,-8.819244841408896,-4.71411643975182,-4.708223030745091,-5.36055937030522,-7.111264020851079,-4.815180898884699,-4.804995623404581,-4.315873199886088
ATG_TG48.2_FA18.1,-1.0103450033129502,-1.3005370170387265,-2.032739136866463,-3.2857198943971966,-1.4344221942128146,-1.9884969854202013,-2.110758702234497,-1.596240806206251,-1.7209911801001951,-3.5863900895424052,-3.4270586852653144,-1.3041506951013395,-2.5301761913717264,-3.797332496985472,-0.9704819319666972,-0.07258562464375547,-1.247223678141847,-3.12000668521713,-0.4324737719988162,-0.32300817191252224,-0.1329899736542749,0.05066371201386757,-0.4277583394916567,-1.4485443463635463,-3.198922065130355,-0.12981900713262878,-0.9451181501404712,-1.5149711753345838,-2.584957651723019,-3.153577214139577,-3.8912008645406337,-4.181989611251182,-1.637377913001232,-3.134717320193834,-4.01593185161786,-0.5049588134876244,-0.4010628154089433,-1.1526384429006058,-3.011648909110725,-0.2007006190386698,-0.11914986950669286,-0.05108850363700844
ATG_TG48.2_FA18.2,-2.8456842021008413,-2.842786262720776,-3.474003870803731,-4.789702197617796,-3.0245094569021593,-3.9334669839139345,-3.805578208113044,-3.962928125485754,-3.770438483589073,-5.619140509584636,-6.376371147610063,-3.3261962024583864,-4.8280350834864985,-6.094357958347757,-3.0689201588944823,-2.157939106368631,-2.9164010853573807,-5.114642897612205,-2.2599768042319472,-2.266115706193482,-2.3546942052335385,-2.401134902246334,-2.2695754154945815,-3.077738124110967,-4.607747547693398,-2.3737338638394716,-2.9683110791137666,-3.4031493005766644,-4.58849237760752,-3.94146117360916,-5.969454716559869,-6.734152694509982,-3.3740848959917624,-5.023503353633631,-6.188530680094399,-2.5025086855951795,-2.2614697783946216,-2.6805327404392063,-4.0558560497227605,-2.065647312412937,-1.9527515075687645,-2.0610476568730225
ATG_TG48.3_FA16.0,-4.25976011414819,-4.315079788924893,-5.100420789410242,-6.710234835037031,-4.702409595786068,-4.911197498477153,-5.345865642259553,-5.595803323352724,-5.226429399456375,-7.245769109366807,-7.963010385786847,-5.077367795744527,-6.408111338374758,-7.954505543632666,-5.854020003266045,-4.113750815293389,-5.754502611236321,-7.494728796778717,-4.87992623438644,-4.107026252212586,-4.616891244873089,-3.4679353771427075,-3.765155936792579,-4.549181834599986,-6.397957259888017,-3.649898466903751,-4.329018338642903,-5.099845345459345,-6.0327555753416195,-5.6630201586193065,-7.2694233376231905,-8.158120478694851,-4.936679430229396,-6.651903109407713,-8.1239007037196,-4.656489538092008,-4.327448325436884,-5.24674723673118,-6.61988435514677,-3.888030031125109,-3.9462157103407,-4.029718478430182
ATG_TG48.3_FA18.3,-6.081852071914831,-5.578245983065733,-6.4139147523048035,-7.868623761017739,-6.292274117840127,-6.978065415869183,-7.333019561377577,-7.307654779808582,-6.744510558622214,-8.879531525230488,-9.880379000449931,-6.895375468151834,-8.398872867050372,-9.550131060039504,-7.328468520150599,-5.912423923889824,-7.071287693352343,-9.015881111417023,-6.280627340450155,-6.171161996763608,-6.6619859909411305,-5.886206306889458,-5.697950173636742,-6.327555619093298,-7.850926848926731,-5.548882592617892,-6.638285076017308,-6.529587774882862,-7.823040308775772,-6.594193065654249,-8.51407583227773,-9.898687486794836,-6.46465647706068,-8.518834896471079,-9.578249611001937,-6.451264735708328,-5.755058297815344,-6.552560556575962,-7.61711682263046,-5.907254571323383,-5.558483196636316,-5.745475229699567
ATG_TG49.2_FA14.0,-3.858238054492092,-4.035753143129308,-4.605226000575029,-5.871539957455129,-4.1824704914571855,-4.610165280317911,-4.419495953834288,-4.319743729576185,-4.456715558953087,-6.2627970289049575,-6.566472024273427,-4.056827347323285,-5.263976917560976,-6.7432345801133735,-3.540170293285532,-2.86499691642233,-3.6257500764742914,-5.733118355388922,-3.094541017541019,-3.091018778176767,-2.892158367412472,-2.8858413244692347,-3.437822145803356,-4.057531108454158,-5.875695908262214,-3.0923944854671115,-3.6968528785011054,-4.335379584142134,-4.990939765203912,-5.43099690767465,-6.2847564379549645,-7.324822499394114,-4.358976047707535,-5.695540924552049,-6.859609964571725,-3.1526795117195103,-3.1603336757125007,-3.7940190676002055,-4.985244622676629,-2.8623380513526806,-2.7417584459151914,-2.5861216215771567
ATG_TG49.2_FA18.1,-2.77580195910831,-2.785174068917638,-3.477910359934136,-4.721036093717998,-2.8551624955168764,-3.5141711787875027,-3.5936533944432645,-2.9709333168450165,-3.0013904444085107,-4.903690204303472,-4.902197968654892,-2.54600622549272,-4.010099698756451,-5.336274279274672,-2.6940405455199503,-1.665321948778055,-2.498225201667584,-4.681121977143446,-1.8302118789687896,-1.8097226996132223,-1.6966537114607874,-1.7715656353708953,-2.1657772819495835,-2.901169934540059,-4.514840706389593,-1.883851313364329,-2.5432586904902954,-3.0498336197448213,-3.701933161115344,-3.9048194103836025,-5.104160242722277,-5.581772270697924,-2.7346471398035233,-4.044125453941888,-5.254447973565811,-1.8178610055553643,-1.605004204603355,-2.2190478915660634,-3.726027870631023,-1.513424448146642,-1.205317458153344,-1.1544251192668236
ATG_TG49.2_FA18.2,-5.143697232246682,-5.252626495621669,-5.876710913692069,-7.007043568344975,-5.3262624490021935,-6.032496149531714,-6.008122477037766,-5.806221482687258,-5.304486537617164,-7.286621071990894,-7.668616502399123,-5.143264610655552,-6.742485534790928,-7.973777103719728,-5.289446188873443,-4.159688736177944,-4.692665077046012,-6.646944387799169,-4.26252999429972,-4.207957043374047,-4.500412313877581,-4.923359991556588,-4.719974860408313,-5.407285877250742,-6.759404572134479,-4.65636411125768,-5.313683444066647,-5.625536176723789,-6.321162563845151,-5.093569342465624,-7.464606374254723,-7.914027485594381,-4.975182856681922,-6.696109812713111,-7.940997759197987,-4.538957108870015,-4.155866218070132,-4.422716688810249,-5.470114144361402,-3.960253680395517,-3.4241078827221103,-3.570827589618032
ATG_TG50.2_FA14.0,-0.3552585866007836,-0.6873780117642547,-1.3239138631926564,-2.4136078471893816,-0.6110934945351701,-1.2708937354418188,-1.2842486704025058,-1.133043306517938,-1.200259803560259,-3.053689223758822,-3.247552742416183,-0.8509333303302484,-2.1310635082830434,-3.4689322568157985,0.0615125856281863,0.6232549602504047,-0.06929833569120561,-2.2394444042520263,0.5049090808262939,0.4243073813127712,0.5202394838779034,0.7216032635800359,0.483625218412612,-0.6446451430583121,-2.320525237766986,0.34835215311036877,-0.18193169530573497,-0.6007058250847068,-1.8195820328924237,-2.2193168727386317,-3.222423250297409,-4.024995370326579,-1.0158685773167893,-2.451711450824149,-3.6103522608556857,0.669709059638402,0.7082103586231404,0.06629262925130254,-1.3624237200898852,0.7702924050783448,0.7710325161747946,0.974861572262418
ATG_TG50.2_FA16.0,0.7605233283276804,0.42045038497204545,-0.00193349737938021,-0.8170903921927402,0.6701825876491964,-0.2620458312709045,-0.02982256191895358,0.320258353083048,0.4302090429012661,-1.373971154107391,-1.2267717362217183,0.7760114155585242,-0.8490290266684051,-2.046471132546228,1.0596263228218818,1.8320979230447825,0.621753911099102,-0.8963851930445337,1.4881489527954526,1.6577207765715023,1.3583630488365517,1.6053070946014685,1.4519180854547795,0.5436473605013621,-0.7690298957083537,1.4968885436641617,0.8166459959442539,0.49222256402961634,-0.6067829803970479,-0.6306631041869564,-1.7675384499981766,-1.949832042900725,0.5457372087161398,-1.048482452188367,-2.2869373458813773,1.6678166807784778,1.9066785496143708,1.040381056816552,-0.3224195279852567,2.1121734649822144,2.313703676257909,2.3666168515484673
ATG_TG50.2_FA16.1,1.1032810175266656,0.6892053852736703,0.22316630535001084,-0.5947251845429611,0.9197336056190556,0.03980264835462058,0.12261947656872366,0.4535071774756551,0.4164371795483005,-1.2597508968314366,-1.2484574391273158,0.8348686704108479,-0.7268512307112784,-1.8729751652294304,1.142766046449626,1.7842110917279124,0.64200848356162,-1.0062888441160278,1.458432552709665,1.6208725462434035,1.418544201929974,2.0313046762526676,1.8011804038775163,0.92897152036823,-0.450656021933919,1.899321434270023,1.0880728261716708,0.7728831271666624,-0.4053986933629695,-0.45315880280795423,-1.6488895399718488,-1.742958970691841,0.6384490250461681,-0.9224589194141412,-2.066269090124988,1.9096248849948991,1.85252385315173,1.0867978293290237,-0.48046396280273423,2.207653633297066,2.356587204772779,2.343842628818241
ATG_TG50.2_FA18.1,1.6496736149863702,1.2676051911832285,0.6605305684305833,-0.2015908672651384,1.391380731035428,0.48569586331430487,0.6988868503260107,1.1640282515454698,1.130501877083524,-0.6219387771924015,-0.5935653572874625,1.367559266963228,0.00163388840254983,-1.2289046081263924,2.0584738145573764,2.646914072276798,1.8411118364125143,-0.09390016076730125,2.4690215210078,2.4408838558447887,2.4532095937429683,2.6467767072930535,2.4020204568247308,1.37822159913431,0.00545172197913096,2.368411930510801,1.833650454114293,1.3973135380726236,0.2518237872517857,0.07526219890456436,-0.990841276388114,-1.291157140025983,1.0557508743099533,-0.3804661516865317,-1.584803866119895,2.8039053482177088,2.847492233694954,2.0980642028007304,0.6499139324449318,2.9588405158106297,3.037998736065441,3.0852065840218987
ATG_TG50.3_FA14.0,-2.519785223125337,-2.4964218762161505,-3.300015216681781,-4.9081909364017084,-2.791135360826631,-3.2407777127665023,-3.42138513925104,-3.4514907840002396,-3.207397736007331,-5.300184148111347,-5.859627846713151,-2.70187838697804,-3.7751227696531897,-5.593026160762774,-2.2905552000703797,-1.581966962009311,-2.3280676278806665,-5.10695174767905,-1.5625245970925363,-1.502038242425929,-1.8903419654577869,-1.7469347447478498,-1.9052173679109785,-2.9261672142852877,-4.860979726205768,-1.818520542246243,-2.2696434081397943,-3.017136644821361,-3.9008941843738865,-3.969793953574657,-5.2161274832867415,-6.437699117711105,-2.7311018324913547,-3.941278339343377,-5.643118948684037,-1.954686223527659,-1.5877684098944511,-2.211450296912803,-3.96447978139751,-1.4139895892002114,-1.2392986646700102,-1.1695162225787346
ATG_TG50.3_FA20.3,-2.832141299518857,-2.898915775436855,-3.760539895603503,-5.270873352752523,-2.9912753822788187,-3.9337111387319905,-4.204942311381239,-5.6615199434286865,-4.348288968312671,-6.80868487489001,-7.878798052798621,-4.21055767686162,-5.7915100408075055,-7.275427025484316,-3.4755705096391645,-2.419030180188684,-3.5127536594374105,-6.212858591675574,-2.5422269123944483,-2.5580228206524422,-3.281012405328711,-2.3274521842034264,-2.4145307257057227,-3.2662221657266177,-5.091418792715194,-2.384101640680998,-3.1913376113721483,-3.800635789361658,-6.092987104922712,-4.061897847765225,-6.894411522964313,-7.941720776549608,-3.798630442556957,-5.917178919036602,-7.109337367794275,-2.889869657619934,-2.473338470674223,-2.984245795118699,-4.518814235439522,-2.2260981934493276,-2.019109909518386,-2.472941920016784
ATG_TG50.4_FA14.0,-4.6639685150643295,-4.264813643737635,-5.328858863488186,-7.306091509545184,-4.735102680126104,-5.127702039489033,-5.730789156157707,-6.093884880667491,-5.462146265655994,-7.496645012782118,-8.674059163397173,-4.942484598076874,-6.333047115829324,-8.127385830988183,-5.291463906078831,-3.8611989117267034,-4.988002825617374,-7.92794089530577,-3.908094138675443,-3.770061802520566,-4.842724089208791,-4.331273608618581,-4.280515835675412,-5.0603718996884295,-7.199379223657637,-4.21546779285314,-4.574940364038593,-5.565427981333142,-6.70820483384142,-5.617451739763725,-7.524461609741959,-8.966419853331,-4.645590149976864,-6.387838953392772,-7.835771839869898,-4.726881644100263,-3.802407719803561,-4.594485326519751,-7.076852104144926,-3.5071947900557596,-3.4715940300553916,-3.9472094829158006
ATG_TG50.4_FA16.0,-4.370966448485501,-4.206942827607888,-5.206605445111241,-6.440246702741882,-4.6874179865514165,-4.9750194805392685,-5.162776829773,-5.874752934428109,-4.473136815454727,-7.122809374703872,-8.124238862645695,-4.842242451402725,-6.463340102535234,-7.613210187986668,-5.623766852462531,-4.111992002973228,-5.345496140392515,-7.347934273973938,-4.540760627534247,-4.025681606429963,-4.84326289279186,-4.075810019657053,-3.919267345473449,-4.83308538655958,-5.973353992342221,-4.289891001449472,-4.478128658478719,-5.239753143703192,-6.188212707091716,-4.738419101136623,-6.8374298888598,-8.011668123070981,-4.538405080528326,-6.460771159655296,-7.438492492911864,-4.611535201339772,-3.871376006609201,-4.5522206084588355,-5.638787627195969,-3.5151099793055627,-3.422099213852159,-3.827986067762412
ATG_TG50.4_FA20.4,-3.351326253997494,-2.974491243131677,-4.201192662529639,-5.869568105915162,-3.4889692744361693,-4.258628938970294,-4.678521128641952,-5.954002499221239,-4.302925220906858,-6.600227617783876,-7.829426488333894,-3.5122274468376253,-5.6384418433606225,-7.0851530199035615,-4.599267079381533,-2.1227981382157965,-3.9963752489307174,-6.755360426084763,-2.697603288698468,-2.4834941479694272,-4.1178831760685375,-3.615605862408528,-3.0644571668364713,-4.039024296154585,-5.8912601452497375,-3.250513566237053,-3.7305515464535226,-4.69434433477667,-6.212248198234981,-4.602347632429229,-6.850564179600347,-8.005784310244438,-3.249415145032032,-5.566563929611149,-7.220937938676917,-3.6723397556273345,-2.5519040332053913,-3.094963171934155,-5.336979036082347,-1.7997900341511868,-1.6183441089472563,-2.625749970098811
ATG_TG51.4_FA20.4,-4.883987139930153,-4.535281947578137,-5.532737330447057,-6.924828222695341,-4.600300857331867,-5.379122312798243,-6.034369449375186,-6.439717411109956,-5.275236104814922,-7.250358911099914,-8.37800317119995,-4.61298912160834,-6.626450677885445,-8.728447841781064,-5.379350858135744,-3.4675270048688107,-4.900916913515215,-7.785196574045888,-3.69379269114606,-3.632625970935148,-5.1121387013831985,-4.984460750696514,-4.183114196037796,-5.535813970570379,-6.98963442878713,-4.499526249714006,-5.468797542500324,-5.960905892926791,-6.517457993989416,-5.280581976915101,-7.900967729309352,-8.602367803953614,-4.284775606299387,-6.593812251727709,-7.963219797594199,-4.431783745295562,-3.1159893271057575,-4.091719776442037,-6.52459093290762,-2.684894745826829,-2.5928349964142767,-3.485687067127959
ATG_TG52.4_FA16.0,-1.7840478071965675,-1.6500038739579546,-2.3989865252477416,-3.828614295884968,-1.6859228968299398,-2.3969145767846807,-2.5218803840527793,-3.3329608261725574,-2.214767543210186,-4.702801112679868,-5.469725331754517,-1.9785549383032024,-3.5703013193828763,-5.456732703474718,-2.5171078546807264,-0.7344858045508441,-2.1016274569672113,-4.970408211915294,-1.068529680358449,-0.8990274550173739,-1.9642731862282867,-1.4582934225204336,-1.1888364069473694,-2.266126410173937,-3.65766462248572,-1.2618592160409312,-1.7714921591466823,-2.339286813143968,-3.661095612393383,-2.8587064088965097,-4.705601909913741,-5.785514080796117,-1.6013751959404532,-3.5570233217209606,-5.2861908200808925,-1.4406021669173907,-0.5720043538068443,-1.301003164867801,-3.4214634815098415,-0.09420600822714996,5.250197777793603e-4,-0.6629201969415419
ATG_TG54.5_FA22.5,-1.3483396399731644,-1.0911561937875451,-1.4576615991142627,-3.1629532789471932,-1.410301509321587,-1.8340215085015916,-1.576276122560701,-3.4740733485889703,-2.1749995998925837,-4.680360259422704,-5.743616979805913,-2.331490877365424,-3.6828427665573273,-5.551228742644475,-3.2010624769885374,-1.41478521857413,-2.422449904068385,-5.604026102806131,-1.4753157496194025,-1.6995306854197707,-2.867504617844821,-1.4959344898574805,-0.7252970291040197,-1.5308542070391986,-3.544318508311306,-1.0948114647631773,-1.5024295339683995,-1.5443804057368844,-3.5341603293259647,-2.431409270471624,-4.810140266219076,-6.1065030397013285,-1.7884455907291483,-3.704912562403287,-5.175576957212761,-1.7069402167666714,-0.6582092797427617,-1.3934299542263369,-3.4165295305899694,-0.6997583693379179,-0.5517641732373003,-0.8071620631723264
ATG_TG54.6_FA16.0,-1.942241780357372,-1.440241806489257,-2.115147086495551,-3.917710359883307,-1.7593261783148422,-2.1071583351151713,-2.093068727359517,-3.6707855896600674,-2.209132140853811,-4.893977603477564,-5.9868871973807725,-2.0052200524514237,-3.5890868826723437,-5.524935492784756,-3.417208187151566,-1.418414215535957,-2.6878177828800585,-5.960945164439166,-1.758504386162529,-1.5967352554932,-2.897558521621839,-1.8934468397359123,-1.120592249794841,-2.3248972801068573,-4.172277890675816,-1.3775444692993315,-1.7350131323312767,-2.09710519565795,-3.575875414199805,-2.991466326361083,-4.9124459463310925,-6.061755843368135,-1.6221421728131855,-3.453987676072311,-4.9482099355818745,-1.9761113391373064,-1.1702609612475403,-1.6794362591026315,-3.961019820855704,-0.6191753926719433,-0.46036832188943666,-1.121676162042149
ATG_PE14.0_16.0,-1.6920344098223428,-1.8307903539996615,-2.0433122536431303,-2.5343815349178618,-2.05152449118478,-2.265090500029503,-2.105546029372585,-1.147919280804132,-1.0876779396223877,-0.9186549485479644,-0.7632476590762126,-1.1466735003851245,-1.4277485068015152,-0.9965675662251816,-0.926893323221232,-0.968453508938533,-0.7899583961208755,-1.1536465494869637,-0.9774677159038654,-1.295629671535859,-1.131642323519529,-2.240100536427548,-1.9854413129029824,-2.190945398812311,-2.9751191503082497,-2.226206462557065,-2.0602846745843477,-2.144435508832521,-1.4490534108971056,-0.8944159471992086,-1.770772638806804,-1.3459434987003225,-1.2968084135822615,-1.7154466728910216,-1.2764441639703066,-1.482864492702315,-1.4273153599226065,-1.4182655899832122,-1.4079244720619262,-1.3203933856398151,-1.7233579577299318,-1.7066412111549143
ATG_PE14.0_18.0,-2.404855774383423,-2.2295771569716933,-2.409623582071294,-2.5434586205862124,-2.361465369404715,-2.56033264425387,-2.168308546375906,-2.466408465377212,-2.1266805270487383,-2.064319506056639,-1.9923804165050072,-2.6020327567058503,-2.6854255609497093,-2.2279987958184493,-1.684564410275159,-1.808688566528127,-1.5793460783586548,-1.6266267819771776,-1.7391243725296184,-2.2710422030398183,-1.5807399897004075,-2.6262906038045264,-2.2781477994575967,-2.401565226292264,-3.096063936818736,-2.399707756775219,-2.3325959454282224,-2.0807665788328715,-2.393384157702589,-1.936937513053052,-2.7795794669432095,-2.4324295897777137,-2.702977180884939,-3.100936921366898,-2.555959556015073,-1.9847518886381608,-2.108623518775479,-1.7694073201223297,-1.3876864734001155,-2.019454269983847,-2.516908855956138,-2.206377287058064
ATG_PE14.0_18.1,-0.00465037983620463,-0.02188892703634632,-0.09699055160892953,0.27517162313563504,-0.1513729422374622,-0.00570094875864609,0.2009566174560508,0.4001785591883989,0.07639284933500459,0.3229730480982822,0.7859509913414523,-0.01809208429033841,0.03093419804879701,0.24942777714733677,0.48466803322056135,0.3378149027674522,0.47087293896312554,0.9230761716906082,0.41986026780587815,0.25289605638331325,0.4614421115360855,0.21367555909912775,0.4158883253160465,-0.07503529121343662,0.3014492011760743,-0.05584813596043141,0.1319087027019686,0.32628284270178504,-0.0822337791843372,-0.12558915581448932,-0.40169189772718544,0.31910959807754896,-0.29325260270717485,-0.18846279599478205,0.07666176984275626,-0.04721735032701135,-0.15187265589071458,0.0650147329765367,0.2248642737354307,-0.1969612561856647,-0.3513024199571663,-0.26975577215614055
ATG_PE14.0_18.2,-4.216485860089939,-4.078369509970915,-3.935049428209039,-3.742970230791458,-4.3852801512488355,-4.053515120612943,-3.8356149039903897,-3.18060585675316,-3.4857016181743035,-3.1361576442328447,-2.82905565786731,-3.34273341526608,-2.8606643123916693,-3.2532975017945125,-3.686989418700932,-3.337180384390731,-3.1192919063304623,-2.6927666795319087,-3.5044136134026114,-4.0497289513832175,-3.616357336924061,-3.96532681289991,-3.7537145074258342,-4.315370815654784,-4.666441770205108,-4.02052631047238,-3.956767392729388,-3.89996438143402,-3.445014953780353,-3.940900666992236,-3.340674200572676,-3.012562554364315,-3.288578385135702,-3.216261157624912,-3.2202754257952426,-4.609056121977781,-4.357945324347622,-3.80895480201976,-3.722504447179709,-4.505766650024382,-4.939438886547949,-4.438803299108548
ATG_PE15.0_16.0,-3.6461333038787975,-3.4644950472841005,-4.020633491061245,-4.204344898486072,-3.5435635807701904,-4.045049803165589,-4.150115851904611,-2.6246734176914535,-2.472898589403711,-2.526811191482223,-2.6855159500005095,-2.6558984079511117,-3.205683869436649,-2.8076732386429515,-2.3940962893065283,-2.436754354452503,-2.38285544947899,-2.7241614806427545,-2.4327381040415528,-2.6028303208095993,-2.6924531934093374,-3.966570675456567,-3.6244045435118113,-4.2525185435322355,-4.868964059475694,-3.919249815333963,-4.041227975420056,-4.363011840740688,-2.728622585702019,-2.2532371178910107,-3.408589402311206,-3.358890201992679,-2.5623500497865193,-3.212566662073138,-2.982529879227134,-2.6682018157100824,-2.700873306362407,-2.6494007189525264,-2.560339184771859,-2.3750823962184375,-2.7484038924227185,-2.8327199856244376
ATG_PE15.0_18.2,-6.339376458855485,-5.856761774233209,-6.174978177575135,-6.453141919458628,-6.21625041569863,-5.67955363584988,-5.963521944185085,-5.325693071331576,-5.391694802860288,-5.017602608086742,-5.174843606159107,-5.06737667470811,-5.067962316273288,-5.389620883005,-5.684846532364353,-5.2607852469092995,-5.081375326157122,-5.26396620921195,-5.183135649893192,-5.0411904657709705,-5.126834994329494,-6.578411580449797,-6.081029594899587,-6.820880071074968,-7.861311591003345,-6.203000256872354,-5.9840625931883515,-6.211513984810616,-5.137227358421827,-5.3542009735997365,-5.264750999083453,-5.1832674225116495,-4.9236423809590075,-4.8016481699414175,-5.0532125533288434,-5.736305841880044,-5.419891089574343,-5.121075479390287,-4.931879795906143,-5.437631004215356,-5.396107892590203,-5.477088162986125
ATG_PE16.0_16.0,0.6573918465748,0.6519220947588017,0.2767405985409876,-0.02787347698395207,0.7196415469292503,-0.13150019027359966,-0.0843204014544627,1.589780471134596,1.8258394355700387,1.7938452935241869,1.7418604423784525,1.5877671869108432,0.7745334618848339,1.2467120298217431,1.6395893565377304,1.64064229553514,1.7317392176508393,1.4348844904942166,1.6182882000595482,1.0086279024258844,0.8764202138934896,0.426472577525196,0.8132955401656703,0.3594037458655383,-0.44610212000392147,0.4871354363715581,0.08011567037815233,0.05468622789460851,1.3281813660887014,1.6458253099613989,0.6971885070311366,1.03632611940457,1.1332948833221892,0.3513952591860841,1.008482567140981,1.6536820730150406,1.4534660328409146,1.392666232903877,1.8011505195890396,1.4567262104594052,1.0324779596256626,1.2857188671990465
ATG_PE16.0_16.1,2.652578266324976,2.501458270758199,2.107915174430457,2.6061829743853253,2.6903733827124334,1.9566085417228951,1.901879874427811,3.2056653165745783,2.955890274645868,2.9560223324075188,3.121311374486329,2.8674799502566133,2.4878779443010113,2.1201768030588792,2.9821253858670764,2.878330499034328,2.5629356129221472,3.0728981417009664,2.803847632961727,2.6678818720466544,2.3905589606536237,2.8963553796115233,2.9299733765642584,2.239839959471166,2.0419157467721547,2.481291366003247,2.4575279839371644,2.1016977009650613,2.5525144040741554,2.3187351499391107,1.9294102730768836,2.7605901945800992,2.1885430527181144,2.108960700047339,1.744507742677476,2.439594838458965,2.2728973874189995,1.839869149517798,2.1116195630127477,2.2774427261068375,1.9997981349435672,1.8167368132213728
ATG_PE16.0_18.2,1.4549653679903432,1.4633730503775335,1.209272536104151,1.3573641971290342,1.5731116522241146,1.2107350261796874,1.403915449434303,2.093518059550706,1.9682241642387632,2.14017476570954,1.9718282178255135,1.952042014957142,1.8650376475340316,1.7438036218588533,1.3564010064374452,1.5353402452833382,1.4752492352893518,1.844679140264891,1.36603289104727,1.546214676033565,1.6902737811311206,1.5057281386863075,1.5085563180510946,1.3060416185658368,0.6168750853627167,1.2621081624555606,1.5358388273916437,1.2716991137749876,1.772517805474423,1.3921288868151502,1.4769324060061542,1.7441316619075633,1.7364901078705577,1.8850546016238976,1.6648273345893716,1.1616628407277336,1.1745081793834158,1.130572028007896,1.5126912639464924,1.2191305044619676,1.2446980644362229,1.4299262654559397
ATG_PE16.0_18.3,-2.163319652704644,-2.2350658789626654,-2.4599900970525037,-1.8501423738842155,-2.1198291112734515,-2.5807904221364635,-2.7393805020381308,-2.2783717776958192,-2.620767627281734,-2.1887907776450324,-2.299007170464583,-2.531032909634277,-2.803891765112246,-2.8455572377172693,-3.0053937027331976,-3.0118435012658353,-3.323999642873656,-2.5722456460066705,-3.0494635100923664,-3.3496457303227216,-3.413700833896682,-2.0749432108873407,-2.2124323772343453,-2.472904960501636,-3.0779528448731637,-2.3858498591260293,-2.411241092496217,-2.8231963226444132,-2.4671180228580396,-2.880304345770952,-2.5522634010891014,-2.1835929764092357,-2.5747709729802204,-2.73173074735717,-2.9589927055120846,-3.318216466012903,-3.470348170697267,-3.544838238325365,-3.162732911864161,-3.5604382110111543,-3.713194244371502,-3.7633379973078296
ATG_PE16.0_20.1,-0.5719567444231624,-0.6604138230309156,-0.9512855657888292,-0.9499330224086002,-0.5205087893044413,-0.819159754562961,-0.5798716175557682,-1.6704438680863891,-1.2511353253944717,-1.4905423836022675,-1.5344021347189587,-1.4239928249024765,-1.7789666103502533,-1.418061068669496,-0.5973676945177404,-0.25064587263949917,-0.5296282830921154,-0.10380197883066368,-0.5910702859442769,-0.3790846127023293,0.24912397125589128,-0.6867840991516168,-0.5025009411362862,-0.821575866875847,-0.8349007312355314,-0.7481738819028748,-0.24787490314392563,-0.1749231476677247,-1.91708543963522,-1.044700741045648,-2.5734987096168624,-2.095995162923298,-1.8334005248720928,-1.9251308828090636,-1.8171992873476803,-0.2109799550125491,-0.41994923392818106,-0.5862045035608109,0.35991886680164364,-0.3316723049969307,-0.4237768364184348,-0.23636095073591315
ATG_PE16.0_20.2,-0.306554445945439,-0.3315661777148942,-0.6438581144425489,-0.3653059103103625,-0.20701145723347708,-0.4789182180615303,-0.32630717589048325,-2.190915870667972,-2.003316219235144,-2.0793721892021426,-2.2242763282262548,-1.8390163102041976,-1.7962862157768098,-1.7219650659480608,-0.7845828594707032,-0.284781934870024,-0.7621011604053712,-0.6013443277349,-0.6924941775695581,-0.46176874257697625,-0.22826419535189324,-0.02796166290733347,-0.07232522906585725,-0.4327307069634474,-0.591451202103119,-0.26113333135920147,0.17116106735162964,-0.08818418772131117,-2.273840293110079,-1.4001075060415946,-2.6960517763628484,-2.646038372709121,-1.7798796214367916,-1.7576484444967309,-1.7594500255323415,-0.8599149750135551,-0.958865808719085,-0.9935493838063822,-0.7572485401261059,-0.7931582738028141,-0.6607660162214162,-0.6330158491193617
ATG_PE16.0_20.3,1.534299690884527,1.4955041272713927,1.260291209134507,1.318096675218047,1.5900779190235528,1.3960915355007943,1.2972437966168142,0.1838841640035185,0.339615740402486,0.4911518269605809,0.07164894897769011,0.32684311708657365,0.3805554243258873,0.08365123678486733,0.823270741653015,1.2438032049224503,0.8823513035984757,1.1123068424455522,0.8873491438399755,0.8853051807999375,0.8974700038976678,1.7223110389173943,1.6231111189405538,1.2705822609962354,0.7899821375846378,1.4399272046448035,1.726879977454402,1.3401297434468744,0.10921121799788576,0.437487095353128,-0.09181555114157802,0.0352360312136552,0.39850928774889344,0.390067339276103,0.10233257367078008,0.5797519718398992,0.4995934151702986,0.42690086328506255,0.6062438275027784,0.6005737769515272,0.6260084545487372,0.4195672244621006
ATG_PE16.0_20.5,-1.654844694929631,-1.6681059614870628,-1.4797633263617045,-1.1827381309750769,-1.7374478306898866,-1.6953924628559318,-1.0667588858215782,-1.5294032152192507,-1.7159608589776605,-1.1045408544668212,-1.4821213342056132,-1.7495241694584138,-1.6850216186107227,-1.3297582363152023,-3.6890788298789894,-3.277833991330147,-3.4002883325656637,-2.7266589185524652,-3.467128024160804,-3.785849201057505,-3.6880823712644304,-1.6533388661317925,-1.743560030715577,-1.8619240663449816,-2.6001641320153746,-1.8581382417508416,-1.4762861953948192,-1.2968734911087914,-1.5290965825891392,-2.0990771604249656,-1.3925997196453397,-1.2417062438217057,-1.739807820713002,-1.7374207794427023,-1.3882531052491034,-3.4790710877336473,-3.4481339791870353,-3.854697422240508,-2.852134772614617,-3.5747409197747615,-3.670613002518612,-3.6709488818443874
ATG_PE16.0_22.4,0.03645118496181782,0.15903835399629548,-0.1674112706694572,-0.5810444379198163,0.12525186679601197,0.23021226302724937,0.15677972583607358,0.08409244667561458,0.19219709668159712,0.13247519103889838,-0.38897136845528674,0.32055882466521407,0.6865704404179995,0.6190449217365387,0.6291001800463474,0.9788919491738028,0.8042077862283171,0.3324836792073869,0.8880023353287861,1.0464472571416814,1.4009690608128802,-0.01824504446959516,-0.00651104265529857,-0.4139962143982669,-1.0401522405462478,-0.2687531134313857,0.3536473295227252,0.09332432094351878,0.06701093175314259,-0.04149812093026591,-0.2401386996611841,-0.5050039943922006,0.44513483480576965,0.6659296836580401,0.5539822786484108,0.5970615102432572,0.7834075813055629,0.7117347230136396,0.7437433028571954,0.787473156559662,1.1806706158692353,1.3012441432446082
ATG_PE16.0_22.5,0.6471609869299081,0.6524506928305484,0.5730751217826537,0.24728154283323275,0.5794330339922527,0.6447319370562311,0.4148895656674989,0.45109875077467654,0.5791992441103592,0.6833956379990642,0.04959252735506346,0.5316528689001655,0.8681539070880456,0.7493958831963291,0.08873302581737733,0.5832012985524505,0.31364722673620826,0.04697918274304042,0.4442120685527944,0.5840538202798473,0.6931326543114705,0.4663230451584196,0.5756925429374495,0.3158313562063877,-0.49353821476315846,0.3403526829527219,0.8166909694242384,0.4017258485016848,0.38011986266574127,0.20449326018998223,0.20255266285251416,0.08656194758035918,0.6471815251874099,0.8205615584800597,0.6329599572892052,0.01458754119287507,0.25026337456435666,0.10139823405443574,0.1349828123698459,0.21536016215838044,0.5476236409992185,0.4984045403701794
ATG_PE16.0_22.6,-0.01705627042709839,-0.07101864496397348,-0.07113561694169665,-0.40712163906363547,-0.13098862362346067,0.08616734477909999,-0.03570277855097933,-0.19119812073503453,-0.35075776780319595,6.274658655760526e-4,-0.6859282875559215,-0.27023199221317684,0.11060157584663406,-0.06170093329748737,-0.24004111829939823,-0.14217105311152964,0.01709816656744541,0.17599955336163664,-0.05399988942170713,0.07317217901710109,0.5217177075802266,-0.2077881657283248,-0.05801459749644278,-0.2057651649658329,-1.2303735372366944,-0.23830937310308592,0.3229523975874829,-0.04131357323354713,-0.327737783030683,-0.6073053155060881,-0.5024714200586469,-0.6049592185025049,-0.1961977742437873,-0.15804673934229704,-0.3105329786716106,-0.1785582671654597,-0.27631289460556735,-0.1321896483736106,0.1074534630384494,-0.333483168780283,-0.13784007491030706,-0.0810909710595351
ATG_PE17.0_18.2,-2.9856038628280506,-2.882287102814018,-2.8585843497927095,-3.127812013399578,-2.7741931026733098,-2.9798816186486294,-2.6225591993284763,-2.1318978379028017,-1.8938344888901,-1.888007991962953,-2.1608349275590335,-2.1362037856468072,-2.0874299249341925,-2.148570049005677,-3.099122777186849,-2.6130941472470908,-2.5713790377964307,-2.707134716446067,-2.793559782714246,-2.5221216661290295,-2.1015977194063504,-3.0556441248444517,-2.901222739595137,-3.0924519763001523,-3.6956811890249273,-3.0194294437826383,-2.667724965250241,-2.859421249723897,-1.8359293390216025,-2.016802910913746,-2.0124213766660652,-2.0901329737754493,-1.9268477569290337,-1.8954661668410284,-1.8379266443514504,-2.6059260165448324,-2.471244183679977,-2.327796149511266,-2.0179498061784846,-2.4884846869126926,-2.2952063730656365,-1.9733631653555643
ATG_PE17.0_18.3,-5.962004828077689,-5.8664825198088995,-5.625631838840749,-5.5426930298941075,-5.651333349149111,-5.780082436009308,-6.056427019686031,-6.157441730166849,-5.550771096656009,-5.750209934404274,-6.044589376614905,-6.531590393447194,-6.557714342684245,-6.231592739228283,-6.959166663498928,-6.370960005903458,-6.521477059601992,-6.372751769791048,-6.818359858273027,-6.7347594083287925,-6.2629853535025495,-5.862084554199623,-5.586151654654577,-6.186010651513942,-6.567817027789099,-5.985615396990176,-5.888805655213025,-6.294348491383088,-5.73671191340315,-5.589694002305683,-6.1477305752168405,-5.534561881306253,-5.976301039830037,-5.8176738572804965,-6.065715933557028,-6.6922480002726585,-6.415722099631419,-6.2232238262219015,-6.158618152668946,-6.956203309720303,-6.75414898271416,-6.59440677798739
ATG_PE17.0_20.3,-2.259661133813246,-2.2214704663364913,-2.059929121654361,-2.439529162501525,-2.1597762068738753,-2.3739452901494023,-2.114412626034403,-2.708011132677706,-2.681816615373322,-2.4925279164935437,-3.026671495626993,-2.8155775870397144,-2.7841035561190166,-2.691045387632196,-2.881383591355349,-2.6010579696918734,-2.676607075884177,-2.677667247679923,-2.7130149753061117,-2.573082584556407,-2.4999420103282572,-2.216057043818855,-1.9746734709920184,-2.262773206702027,-2.8238715039611453,-2.31247399511491,-1.953454655675522,-2.0341856784480337,-2.4957614661379623,-2.333727228336022,-2.618534376835046,-2.764812408891983,-2.4693394848657215,-2.518258181591384,-2.4788216836523276,-2.6868796663686085,-2.6740324345868256,-2.66975191255272,-2.36150854249145,-2.465654439051984,-2.470576271512589,-2.4446548316187497
ATG_PE17.0_20.4,-0.49312221074405865,-0.38044100936539144,-0.3226510585438813,-0.5907978569187026,-0.2746791891003227,-0.26406077893299007,-0.15727804502491502,-0.5936508901090278,-0.5732473490436051,-0.25173482155050403,-0.7035575039645602,-0.6943684888452355,-0.4371718720219257,-0.3686101769214835,-1.0664191370254068,-0.7915374341773546,-0.9856924785801976,-1.029959610897129,-1.0693074515674104,-0.8021497067004886,-0.5420627088018253,-0.5610858676731184,-0.5271642906398383,-0.5071881006405383,-1.5879711345927885,-0.6667728915341824,-0.3068050700658138,-0.4073674551376638,-0.36336990016534465,-0.3876930107313216,-0.3386863190576564,-0.4642751567807169,-0.4015243414905802,-0.35849356813894095,-0.06502549530754097,-0.8868604624010669,-0.974324561008396,-0.7850889474398024,-0.578652339740153,-0.6995351686671628,-0.4432540802426462,-0.28892746631512534
ATG_PE17.0_20.5,-3.763701580890365,-3.562907590336644,-3.3279805781973497,-3.5046866155651197,-3.6729388487477816,-3.645670189787879,-2.989225671877711,-3.5227923337325366,-3.4870910844309244,-2.901981645334852,-3.4899358011851316,-3.7065940495747953,-3.6960287423065816,-3.141437914805802,-5.597956894718041,-5.216952424985735,-5.087843455510263,-4.977754871990631,-5.344801390236365,-5.370925416634457,-5.150442630695458,-3.9621322723067385,-3.808178377014568,-3.807332918055747,-4.67140882826866,-4.000837743394689,-3.6463720395497847,-3.419515187207384,-3.1690047188486634,-3.413301678339933,-2.966798930123823,-2.9229384089621964,-3.434911633719041,-3.5619362288686056,-2.8512694496544295,-5.160388284204477,-5.181053772899474,-5.140958968619876,-4.5082098397604895,-5.062316546065571,-5.027809629734394,-4.878604453485235
ATG_PE17.0_22.5,-2.4166943641639302,-2.2516373618485734,-2.126629690677486,-2.3952234123291674,-2.3954492275754498,-2.2812950068378055,-2.3218822173460323,-2.1477473709333843,-1.929658003016146,-1.755311867478024,-2.4036744836775332,-2.138174240489854,-1.9066319418813071,-1.986867504732134,-2.7909764355357978,-2.403328213652644,-2.3858526403847446,-2.542313806776811,-2.3180299965804467,-2.198315995732268,-2.050150510423532,-2.711512656548087,-2.221693119186598,-2.4484076246212076,-3.392307315418483,-2.650876404666032,-2.3448262554367467,-2.584039330902042,-1.8264015987816336,-1.946528575909959,-1.7994933402707618,-2.174603479500605,-1.9314108326744004,-1.727420711919603,-1.8677543446297216,-2.274629020337819,-2.115855146642663,-2.2028017442036285,-2.0348001357426773,-2.189648679729622,-2.041059574912319,-1.669198968187486
ATG_PE17.0_22.6,-1.815037238013548,-1.7069452779831171,-1.4723570201106528,-1.7398121022827082,-1.73687988269935,-1.621472604412178,-1.6138326119853457,-1.7490828805288814,-1.694887619276811,-1.3429356798661665,-2.078492599640898,-1.8754641812172472,-1.628763531963339,-1.6440084608168457,-1.892162848444356,-1.6848300853242544,-1.559035651434284,-1.4348600278340529,-1.5442457600846256,-1.672041963113992,-1.1537519914893044,-2.041142320982017,-1.696980957014074,-1.9167799862104289,-2.7366323239682564,-2.078963853583617,-1.6372337823186411,-1.914118432604104,-1.5067530834446543,-1.6721885007207593,-1.476686731381457,-1.7783348248384188,-1.7792495682234284,-1.635554745588033,-1.6867729413449304,-1.438330734157409,-1.4742677055271851,-1.4723090874491649,-1.2456785609370982,-1.7489612844910458,-1.7238541681354165,-1.2905171102802
ATG_PE18.0_18.2,2.686437593624122,2.890812537609845,2.8766020781236965,2.6232457127850397,2.7922921785348684,2.70962639205225,2.950987971847632,3.563663612586173,3.879402314630286,3.988980863609158,3.590932120567707,3.524705970408029,3.3412351042247885,3.4400896651212514,2.523354853465833,2.778544948314453,2.8395048935291545,2.777240068704019,2.7739221627412896,2.946133877933204,3.382959803895606,2.7510042315035856,3.0893136860398394,2.618660886598587,2.1741540131774437,2.5877463419563163,2.7237456690446407,2.788323981370232,3.700153610725488,4.019549568563203,3.593540525623736,3.7025966670030654,3.6785039281749174,3.554309766741545,3.5727355573277393,3.0606285343429676,3.0192427515282185,3.198304620288355,3.5600633840303395,3.0906538193085304,3.300246487573205,3.3867860318862553
ATG_PE18.0_18.3,-0.7645399556348996,-0.6135363345667519,-0.6300529714831626,-0.4691817365970548,-0.788151045817874,-1.0752243792005272,-1.0639761874062832,-1.0492993801101091,-0.934770970366918,-0.5306101314230088,-0.8734243335230313,-1.287906699591417,-1.631483702935921,-1.3683346767384716,-1.7345872933909885,-1.563752412076471,-1.8067427981445483,-1.881629994858053,-1.704013996495001,-1.660945009778397,-1.4037257608374962,-0.5126946094041537,-0.3608857362608962,-0.9285922183930124,-1.4277181052809096,-0.839503739118444,-0.9656148485987152,-1.0632892080086565,-0.692661660452988,-0.541730729771603,-0.746513738720371,-0.4394355124237679,-1.0106945094905826,-1.175975037099669,-1.2599058480755063,-1.3885563004432493,-1.5669473952874702,-1.6454564210569989,-1.3108624755173266,-1.5863343205647555,-1.495557550321143,-1.6949298521960536
ATG_PE18.0_20.2,1.1031875290498825,1.0462557315150862,1.11093754859761,1.0068480484402296,0.9965524598001666,1.0340199496607194,1.3602053126962406,0.07230115019686835,0.7591399511195096,0.5783276504776284,0.04236191154363145,0.5015930730274027,0.16378125063341542,0.5327372358125353,0.7945896761810842,1.0004654388073375,0.6530239476749078,0.4924708655807008,0.8174047043690201,0.7831563861005582,1.2641265685933665,1.261944123643365,1.734354363043595,1.089877671890487,1.0252596977298765,1.1555737665663472,1.3871072159893465,1.6133956680604435,0.25863545987011954,1.1280003462494268,0.08705602663845402,0.07330779896374678,0.453350116110609,0.15525082344631802,0.31807798074900634,1.1561756182829417,0.94442385170168075,0.7129920528067472,1.1366206044809817,1.0645170720531338,0.9445739317151834,0.9003028560137651
ATG_PE18.0_20.3,3.498554708076428,3.564299324393079,3.581638626094571,3.513329882745403,3.5695280268205214,3.4257882871465872,3.5950719316234663,2.855057538935739,3.500467314913302,3.5235626351964227,2.9833407914465124,3.08431881225134,2.9150630287737855,3.099588089881717,3.13145387030785,3.20348420210124,3.048257408475727,2.9954723514817414,3.0268365706615787,3.1051885485475523,3.4762599462779655,3.814799682758368,4.059878994916738,3.638783467536367,3.168972997374546,3.510331511205872,3.7825629064901336,3.759307122867216,3.2682532147576593,3.76171764210157,3.258043031150018,3.1694790065854987,3.2263481976145294,3.126607750127386,3.164204836334356,3.2563676696711448,3.1847747170348804,3.089917973114188,3.4430153466520443,3.325039233612395,3.2495900295797973,3.2095421767837076
ATG_PE18.0_20.4,1.4921728665355514,1.6145717204483736,1.6432541367229363,1.4892185502391664,1.6669608196869077,1.6370481285639829,1.8620721344894553,1.353299954097657,1.8532883181361048,1.8992453659451347,1.4079756332384448,1.3687606364015794,1.3733524455327777,1.7139884815841298,0.9236118366871954,0.87249415191086,0.833739945352811,0.8077375677073764,0.7951249167675479,0.861614570414376,1.3020014571575935,1.7048097377657572,1.7173253922453986,1.3938675089922146,0.6997743195673856,1.3088396336756456,1.5696004947741402,1.681166999613088,1.6522178622139323,1.9033032799524543,1.5205814694773212,1.4839575738746418,1.426986884429814,1.553833395110419,1.7714077071272685,1.2366814443702678,1.1370245169479738,0.9997530727027188,1.4349368443848076,1.3297033956741289,1.4336484273261976,1.561350419795486
ATG_PE18.0_20.5,0.7029430578570932,0.8085789629020833,1.0915401448835862,1.249396760152686,0.8299047434488798,0.825014759117609,1.384003844836292,1.038143987149507,1.3283366231790297,1.718015198387145,1.2226287342838236,0.8756818913695181,0.7330137640728134,1.3022546890645916,-1.1680499862312614,-1.0625109416156011,-1.213281792927835,-0.9358550056608465,-1.151623407739754,-1.307992864221077,-1.1939193732432252,0.8363543150298465,0.8932393938552375,0.7417867454275727,0.08169708871141054,0.411872599776124,0.7658776281176884,1.0232338522212807,1.4202882816944729,1.3359667040808756,1.52868260993338,1.553250083935857,0.9676935859032192,0.8872219978206847,1.434349526271769,-0.5386729402601717,-0.7180492994068095,-0.967535036770609,-0.31445817133703796,-0.6456571411584733,-0.7518518709752857,-0.8883887027889044
ATG_PE18.0_22.4,1.5623997764451965,1.744775700595502,1.6093577048583896,1.4707350225969589,1.6115212594918311,1.8121148436011236,1.9161252358565464,2.004582090312345,2.521729909624235,2.4628054131276267,1.8098104066808571,2.246931386647346,2.0560941960201933,2.545901549264653,1.940705174213136,1.8301786355443184,1.918972331039448,1.873662115723932,1.853674527857237,2.0281459965865296,2.811645754863126,1.418759959991424,1.7502623666647583,1.372891146595392,1.0704262779734737,1.2450459564574097,1.7302572437893928,1.762126980803253,2.362051646775343,2.6386974740863396,2.062262198558138,1.8905032524479937,2.2707555946747613,2.3659261247536216,2.6172138926145125,2.3847626779726303,2.4387807765090512,2.4301313596440086,2.6522951868736646,2.5121630965608244,2.616402502454082,3.141548762504528
ATG_PE18.0_22.6,1.5732788047158073,1.7919731292881824,1.8292449244712796,1.9314645136035835,1.744627595797454,1.6520473859730112,1.659502858772275,1.7275696201269988,2.0666046779765725,2.3916636899938952,1.6681497885758785,1.7086658401271826,1.537280815495102,1.699886323579546,1.4527754111396862,1.348607959459182,1.5729596812399391,2.15996808583129,1.411714122685668,1.3779422192766762,2.1086520659494035,1.660207925359768,1.7986931719532016,1.6501070518595582,1.0860074833263802,1.163059822593467,1.7110680776303624,1.648899184202992,2.0141388652680923,2.054026464752329,1.774067703352844,1.7411672494746429,1.6544502710237574,1.454676534198265,1.6350822350561611,1.8155801246126,1.7046613901777952,1.773942178084608,2.273927315367696,1.692848103556951,1.652477178766628,1.8611607486955433
ATG_PE20.5_22.5,-4.629801832294712,-4.600943345320247,-4.287226639291639,-4.496094522713838,-4.761316937107208,-4.409353243209735,-4.471611631155438,-4.740001017238023,-4.972971973807525,-4.688349008318771,-4.757948093304023,-4.318984166646677,-4.7802529244894645,-4.692760112230267,-6.123578833496975,-5.593649602772706,-4.832369548991856,-5.598857871771421,-5.632104371639748,-5.781653124319046,-5.190051671312395,-4.371814417459709,-4.33069204612733,-4.545783520913084,-5.156272982798873,-4.011410362888771,-4.305581500438099,-3.8841314701379384,-4.6742600404063746,-5.520774115481326,-4.478871020446949,-4.567032872785652,-4.529328574426044,-4.6023677337264575,-4.810695281920722,-5.763583024472436,-5.553054556223893,-5.668960626989747,-5.372170628695151,-5.95577627579962,-5.792217190313599,-5.305517547170704
ATG_PE.O_16.0_16.0,-2.1922380435623237,-2.3444592460522884,-2.5393764996192525,-2.746856524853611,-2.2918593468591157,-3.0781831775236705,-3.0487619939914383,-2.2251766373215593,-1.6496178982965508,-1.833009846703301,-1.6105603165072988,-1.7688217876610182,-2.4024510779342427,-2.0562678887080508,-0.9583672141437236,-0.8573140078854086,-0.9168341197246636,-0.8001612335012787,-0.6364406729381805,-1.3116394848478563,-1.5096453918995507,-2.27774927862586,-1.97295372034894,-2.4975856318231133,-2.471389395122724,-2.3093838482959295,-2.9636149003046555,-2.8326576614576298,-2.319394274307011,-1.4554503922814153,-2.7110316094125104,-2.1047639454325524,-1.703951212917697,-2.6477469488970944,-2.394936863392219,-0.8412115293691133,-1.2267128604859427,-0.9413736759296032,-0.1646044313305536,-1.2489813432852357,-1.4224188095046264,-1.538647931965239
ATG_PE.O_16.0_18.1,0.8952555454876722,0.6755525419405984,0.5026151774938209,0.5935473918630843,0.7165465973709733,0.33857707174363766,0.339799827293765,0.3599472354055144,0.6727956021011562,0.4864011511988711,0.7486975228335152,0.641870478300153,0.32210635449464986,0.4839975691248104,1.8118187622199833,1.7648912204992906,1.466189017525417,1.8574873419932263,1.7537093623718385,1.852603741306492,1.8554619430400037,1.195119039765005,1.2744398524607,0.6263447903022613,1.1760764461159998,1.0390922551249986,0.9825176481739863,0.8509824288068848,0.24759828893116895,0.9295810156595108,-0.196162017323506,0.35024991273088646,0.4775344093378997,0.36437833881447373,0.24208645146691665,1.928746402202184,1.5592559506878725,1.2805926031349673,2.1994927966730216,1.7267310783531975,1.5828542154792495,1.331277200689189
ATG_PE.O_16.0_18.2,-3.02153076129714,-3.077744978483305,-3.3333273135456607,-3.16209132622029,-3.0315582733395474,-3.2739832478130184,-3.279589490393016,-2.767609535757487,-2.8440449211019256,-2.637680174911565,-2.47460301672054,-2.621264548750863,-2.605637347455865,-2.7060020108819383,-1.882773670526234,-1.666876775426472,-1.957467261346108,-1.626299828107097,-1.7664161337057485,-1.432287969139154,-1.3859375434913344,-2.7099390500441922,-2.7548215060033057,-3.1448575379114163,-3.0722248942857213,-2.710362993851967,-2.7361942829030648,-2.868146620845142,-2.9507400728398507,-2.849320745910197,-3.244569211266173,-2.7385465314952473,-2.538447415015896,-2.490359327356894,-2.822301305704917,-1.9473131887367392,-2.1201050900872107,-2.224137679214705,-1.7233455607341963,-2.0785549920617794,-1.9038812896900896,-2.030612344518026
ATG_PE.O_16.0_20.1,-1.863580307463682,-2.326337440586325,-2.6133687143019153,-2.465528735670648,-2.17142097063848,-3.0402129044642736,-3.280012775444338,-1.8951896737707703,-1.3157694232794068,-1.9894240249581672,-1.6834893782945286,-1.6719863113555826,-2.543285535984431,-2.641575452944708,-0.09764872174090317,-0.32973185210275524,-0.752406735713706,-0.4975614593896165,-0.3894928579237782,-0.618087470224356,-0.5128732051320137,-1.6796551907392057,-1.6339408568854237,-2.3874491804669735,-1.5661892755621172,-1.8672100562971312,-2.4133629420182796,-2.49226485938636,-2.5400435796618153,-1.51614285327467,-3.4343537034906526,-2.3028179516498426,-2.723386266242263,-3.1992661437217915,-3.319887895570909,-0.4646033366839418,-1.0370058081161166,-1.6081782193938492,-0.69706419115842,-0.7466517048737673,-1.24228770313277,-1.7005726223783582
ATG_PE.O_16.0_20.3,-1.6639642213855272,-1.7681287439960838,-2.0289077855780264,-1.951137920199864,-1.669088300662091,-2.089781583489711,-2.162593017696474,-2.644266233605157,-2.2971497073573413,-2.3223760515523137,-2.260363444292836,-2.2844005386576014,-2.5080783721395066,-2.604674268686935,-0.7113390601629865,-0.4787266803036569,-0.8536708119867006,-1.0489487688957966,-0.6531597081907059,-0.5027177325589226,-0.7057901487030365,-1.172487674271545,-1.1242313086883902,-1.566186215472661,-1.535854992058023,-1.2155882074446285,-1.22257479143187,-1.510179201074899,-2.668436876513242,-2.0199866676283667,-3.0244018684402327,-2.524596540042302,-2.304142701124657,-2.5187799789250893,-2.667272464378523,-0.7375775683068103,-1.1006122772667832,-1.4889466223427033,-1.160552884729953,-0.9971299582094424,-1.106159697742389,-1.5007849704183296
ATG_PE.O_16.0_22.4,-0.47163917689699103,-0.318371466341429,-0.6927735099651071,-1.2892894849887742,-0.08631922432742316,-0.8640787269871356,-1.5446423441835084,-0.18141073139937625,0.1643592654107432,-0.37991107770044386,-0.4672551623580875,0.20420944329476645,0.05471505359970612,-0.4517034353670136,2.176081363281052,2.287021801062103,1.7801990393658207,0.811457729871611,2.378107347128829,2.0545796070273528,1.678973805074399,-0.3518117882215488,-0.10544696331058416,-0.7783476412942345,-0.9619139912560568,-0.2162157103244449,-0.6389244441377079,-1.3048923657883365,-0.4623069436925315,-0.5994889365295407,-0.9298768902029816,-0.8179581605789354,-0.07323504324039644,-0.1564933199801974,-0.4163027011958621,1.940999630349565,1.8236153842839848,1.222585829547148,0.9321239811040408,1.8009208700040464,1.4572212178574682,1.374252845587942
ATG_PE.O_16.0_22.5,0.0062891852217047,0.05291670846889057,-0.13020299047435566,-0.46580058731028445,0.1480018559458996,-0.6963229998430288,-1.3475178629363602,0.01053572683118455,0.32510718063070754,-0.01536653245205868,-0.10402119400536544,0.278221017744893,0.04240118775716573,-0.14515385381972531,1.1849782851028388,1.6065350100402105,0.865575038983885,0.01722215985758429,1.5614468680965068,1.110631818969734,0.4877958140873203,0.17662270026762544,0.359316904388696,-0.08860586713313828,-0.4580724493952717,0.02645179189937249,-0.47451277105390743,-1.2510306346958984,-0.16836932698363852,-0.3306750443955074,-0.4983010634144335,-0.2564416849610245,-0.05525902382499754,-0.22258541278370553,-0.4233242481760312,0.9800452823924812,0.879857488697258,0.3009806835104253,0.05898208271221124,0.9211375154657082,0.6410404086490896,0.09694955340091074
ATG_PE.O_18.0_16.0,0.30559161442881416,0.215717207203362,0.23364145866590189,-0.5181400836776033,0.3142406878266806,-0.8764598840031376,-0.8414909469805696,-0.9542522526417628,-0.4891221878140207,-0.7126624320802536,-0.7566792690260051,-0.6369524388885637,-1.3900703566037564,-1.2433968586372113,0.616773185792173,0.6050144292709914,0.6577179278926086,0.06598914435354414,0.618444509100097,-0.1057811253137862,-0.17460309632659862,-0.01231219927495738,0.4966643136476602,0.23809126993734936,-0.22661327229618283,0.09707421371521724,-0.6165378640182926,-0.5682888275009672,-0.7455082888054694,-0.02535003144093745,-1.3654246361913556,-1.2233134057224555,-0.6773861037815343,-1.535104838648059,-1.3006574401358697,0.872769072150611,0.5575528247930059,0.9162541648788564,1.2422831486207464,0.19035225816210147,-0.21352450458992872,-0.01543845581878915
ATG_PE.O_18.0_18.1,2.62366530894259,2.515279759340937,2.5980566003682815,2.5063838574596775,2.529415864345101,2.298700062915482,2.6620545290105686,2.152540984196919,2.429357669758707,2.4497750167457606,2.364174881363196,2.104317197835699,1.9617989303745689,2.314120430256945,2.1832539425170348,2.279003345815958,2.3875700753919693,2.4720089129141196,2.1880746901161796,2.3655065913121205,2.7747294881017615,2.7400369543928247,2.938943259355823,2.4497750167457606,2.4080440512605024,2.6007882098470207,2.82482968117942,2.7077476431255474,2.371874453016203,3.016708256589532,2.076740236475792,2.2166026288229306,2.234358788267672,2.3602526076286083,2.2931821753869452,2.7745441750391766,2.622046242554119,2.6984033981814526,3.256161434439842,2.7064701589361895,2.6849908865039764,2.783211246465069
ATG_PE.O_18.0_18.2,-0.7942734851716056,-0.7863610792559254,-0.8113439377679793,-1.030654267060576,-0.7122907774116355,-0.9575017767063668,-0.8349003021873368,-0.4436654348446647,-0.4836237536354054,-0.1922755105591082,-0.4555786913757908,-0.48226481834424295,-0.5101152846084728,-0.5402360045384623,-0.7890653675995531,-0.554728760010415,-0.592294497030975,-0.6437232272869507,-0.610395022306209,-0.5425141346858908,-0.05541494095340958,-0.8447167413899673,-0.6269503464703415,-1.140168555314052,-1.2561820562401451,-0.9935659738551874,-0.7658107079249457,-1.0067589716695906,-0.27440801325053266,-0.24216236127333476,-0.3883239880064243,-0.5180695124319201,-0.341129503661507,-0.10530621490900104,-0.3076732321103337,-0.5282986207983476,-0.42362548459803934,-0.20914932187762747,0.01681907614473119,-0.47557641549064583,-0.27573010943678733,-0.13272405202954918
ATG_PE.O_18.0_18.3,-4.358267333161561,-4.340834543683788,-4.334519259978873,-4.4087961395632345,-4.3566640868372435,-4.834096027809875,-4.650445381893161,-5.074628684552243,-4.76312510873128,-4.587572034135739,-4.923964896636685,-5.198127409496686,-5.3812051396331455,-5.393724394108554,-5.112646019365342,-5.0964355433109,-4.998999809438557,-5.070361200718293,-4.850381082206169,-5.061779955417676,-5.0761075788474574,-4.3324157160468655,-4.3257857696983795,-4.24064252991409,-4.814958187349251,-4.5344193747438934,-4.5475488593898445,-4.747131055298482,-4.791803040273285,-4.59668149234037,-4.574214187200057,-4.746788101095518,-4.902384909199676,-4.936647155019561,-5.3133755574998895,-4.753422936553218,-5.0435471087100865,-4.946498701712513,-4.770513544661166,-5.2394776745747755,-5.091414873784124,-5.205032770470429
ATG_PE.O_18.0_20.1,-1.6900947149160717,-1.8976501356295623,-2.0183582832891873,-2.1316048562785768,-1.89915130635217,-2.6010090373467007,-2.380678739243559,-2.824063993529839,-2.2850202834752604,-2.886573381571705,-2.9980151891007445,-2.7000740259182026,-3.422739556977828,-3.2073457814376125,-1.2051664434170737,-1.2875983308408911,-1.7226794481941647,-1.85600997402142,-1.5919102674081649,-1.8163159248622371,-1.5899084636071377,-1.7162027622451654,-1.4340718758460942,-1.8474238227343212,-1.257348453012768,-1.8206273247733908,-2.21501609965606,-1.9315299926636964,-3.214435842772789,-1.6342697769565824,-3.826887485232188,-3.4469223060928864,-3.3857066978448764,-3.749317511437951,-3.735043247293903,-1.326362156690291,-1.8911882354347709,-2.070707523594854,-0.8951316503158914,-1.5151306786571077,-2.1023132356331606,-2.1039538525192683
ATG_PE.O_18.0_20.2,-2.0619990818528913,-2.1418158393622613,-2.2254440306599035,-2.2868088684947523,-2.091251192247792,-2.5546110215042224,-2.3645427600978985,-3.993077917218744,-3.47048182521802,-3.787018097171159,-4.059503955892093,-3.5796284236502847,-3.9449464963499,-3.86048080798301,-2.074235175168699,-1.9738776493724144,-2.542407493228845,-2.656202849340896,-2.25660897559829,-2.366617898824542,-2.068666113017502,-1.8509276397357275,-1.4943112330904824,-2.0855482397452447,-1.9012897691503627,-1.962405069237046,-1.821957135495056,-1.93432435674414,-3.697380857366916,-2.5278267072392047,-4.141853239464235,-4.1116469477557,-3.5235807495042337,-3.707435721972339,-3.696054010807135,-2.197584260140508,-2.514407079464393,-2.683339016578687,-2.173432028250005,-2.301044119723398,-2.573969765211449,-2.833042596708594
ATG_PE.O_18.0_20.3,0.6243118259255169,0.38538753171853823,0.09629364035423046,0.02186883129694017,0.5007740062849388,0.143534891758842,-0.03096223348841775,-1.582181518820333,-1.250469782698365,-1.0722685889927466,-1.4232491730199943,-1.3701271605948326,-1.3861693164260074,-1.508839390234876,-0.5150272981610533,-0.23147809060437424,-0.5802735572863053,-0.4682561873393297,-0.440081865994048,-0.4198091856830191,-0.31508194558403396,0.8129584241872775,0.8214335657750822,0.6709151502438729,0.14315924075550407,0.6841664268995364,0.9391870999778944,0.3930058579902065,-1.314661208550839,-0.5531915378593523,-1.3343131310093703,-1.3659532696741736,-1.3083883747232574,-1.265035426168511,-1.3609114563796232,-0.3781388628774407,-0.5198184759569298,-0.6517450544636634,-0.282044679790535,-0.35752810244305644,-0.511004874912843,-0.6566970787517882
ATG_PE.O_18.0_20.4,2.1508698018429717,2.031225784440425,1.9913052424750295,1.7672876388464471,2.1095418056261286,2.0104356997037187,1.9031708861711616,0.8445200323279258,1.1735268626263389,1.1674814201796515,0.8106567836046139,1.0059211199052318,1.0212843235380875,1.0723217313489128,1.6781131275782968,1.9006373340918563,1.7091812437086673,1.310278239838855,1.705954488387442,1.9316468500254684,2.0576737547506303,2.1432906788720243,2.330478745928342,2.046592688639059,1.6654251070262382,2.0253946848329405,2.3915731112685084,1.9119719228499947,1.1059463243652186,1.27678229107223,0.9842744740460552,0.9093960358033644,1.029170118789035,1.278238103713679,1.3116126783542572,2.005522841940103,1.9460773746569415,1.784939562755247,2.0617238821481285,2.000235043353648,1.8786974079948673,2.009007852528183
ATG_PE.O_18.0_22.4,0.6151310065849703,0.5897495531719017,0.202937034414582,-0.49639350844432584,0.664465840717219,0.12136400310199082,-0.32722539407967516,-0.3804679036421701,0.14825991835807165,-0.2071074220685903,-0.9385765116301475,-0.02015525560815347,-0.18077166127921693,-0.4444394134074656,1.6474005294546783,1.926204147428722,1.3515270004688495,0.4505077977129128,1.7544755279073228,1.7337102719154909,1.6785995180021962,0.34664249270225805,0.8230325915702809,0.34337273592343454,-0.09454110940511604,0.44109141046290984,0.3595191834179518,-0.3007021501389065,-0.17565183221807487,0.11120194280903006,-0.5762258463814968,-0.9922433413174704,-0.15559900076313554,-0.06257376372821012,-0.2134387070488868,1.7599337392809644,1.8037723577959248,1.3932788373418494,1.1576756446430874,1.8352391464823528,1.6504614563948512,1.7703530532179452
ATG_PE.O_18.0_22.5,1.1147603172856015,0.9645329532520852,0.8383983128003891,0.34536329733272947,1.0762694910779256,0.3049733903088699,-0.06934436282452704,-0.11973123059066396,0.34977352884668567,0.32266122289935073,-0.4563113067985023,0.2531730685006153,-0.03177433284154335,-0.21135141972174595,0.8878039592964304,1.259583745513893,0.5407754274066994,-0.30135603394243043,1.1358988589705463,0.9752964775408576,0.6579841333223893,0.8585923480562777,1.3366585604540957,0.967729284535553,0.5577723287514458,0.7821539633724405,0.6438267607341683,-0.07654886508161685,0.18720184123779657,0.3393965970491641,-0.01522293564399728,-0.35380614311467207,0.02938212163883232,0.00204913423634629,-0.0639964808773494,0.924495500525182,1.0612265046708735,0.5421580948022428,0.2772785889990981,0.9735660790445536,0.7566417683097221,0.6703888368956704
ATG_PE.O_18.0_22.6,-0.13801019967805345,-0.3133374308732053,-0.2647256118772984,-0.5158319249120079,-0.24636036296632863,-0.5621492179359294,-0.7288942241381489,-0.9425064392775848,-1.0639502194157144,-0.7365972429571663,-1.2531892717244395,-1.058239419630037,-1.0418341500135608,-1.0116794009418983,0.2967319010054512,0.17142060291516556,-0.0041370717183736,-0.070007605239351,0.1595877004941714,-0.18617207842876643,0.3148920278243977,-0.28750266346135417,0.10239237026066374,0.04016428099341476,-0.5052173165649676,-0.38990063946176273,-0.09560110938612904,-0.6125670981957102,-0.978540192923086,-1.124509598539937,-0.998093276074398,-1.179141849157598,-1.2291414582390368,-1.133150465857157,-1.0857848417398188,0.1282783476601257,-0.15167324237352547,-0.18175801770605896,0.05005780247955644,-0.23735917424757727,-0.541855706269264,-0.36171576745090833
ATG_PE.P_14.0_18.0,-6.14232432735795,-5.590754517295193,-5.797415714742305,-5.501790002382483,-5.88163271916834,-5.6029772106833295,-5.636624417427293,-5.362149422399777,-5.912673938733824,-5.427713217637774,-5.623362792618205,-5.798458787164206,-6.003601918978316,-5.702150743654557,-6.4894819751620645,-6.00767547370518,-5.226704429538365,-5.413476431061273,-5.842704708285346,-5.751372298804664,-5.430940719269538,-5.709738925257297,-6.089312666553216,-5.9561235421357415,-5.900775276207213,-6.1154670636976585,-5.867830991248829,-5.799151385772039,-6.12420279720452,-5.873914501948042,-5.4200281076797925,-5.759114950126012,-6.432685353740275,-5.93023167574643,-5.867847641260452,-5.522946145494053,-5.701530705748447,-5.552295951258915,-5.089533188268761,-5.427594219881519,-5.256788197630568,-5.3022919204826
ATG_PE.P_16.0_14.1,-5.056046797174209,-5.648628658004273,-5.768946589337241,-4.784321647622231,-5.2174807544334305,-5.608665530099736,-5.749092627839764,-5.899135129657108,-6.841542310010279,-6.010693909252872,-4.512896905532082,-6.302888568684326,-6.273883326079452,-6.068032578919487,-4.452526647258699,-4.122543499984571,-5.132115626557146,-4.275266201397153,-4.487639874229492,-4.730706891808568,-4.802042270024884,-4.312373768044813,-4.677919150427179,-4.982192100476208,-4.511972490692217,-4.789479855821029,-4.892406215598496,-5.005646580469046,-6.8044064673643,-6.289000384081398,-6.793919645270387,-4.9057810481248305,-6.793587671917862,-6.654260260760791,-6.659339140585122,-5.225336311586272,-5.4983818866314955,-5.6858889051987695,-5.539681653899874,-5.475321991878661,-5.5846924914664955,-6.495527460795761
ATG_PE.P_16.0_16.0,-0.3449292516371714,-0.5402663174400337,-0.6510976416413992,-1.0553131395650164,-0.3910268732229119,-0.47901456992530433,-0.20946133742088413,-0.0086244021622581,0.2980341014489102,0.4977573856368797,0.8441708334998868,0.6543274421194982,0.2560727441053618,0.6717437080187746,0.639890575290564,1.099785667850691,1.0963438785994128,1.181341612129057,0.7722969491112858,0.9977776005879516,1.2588675424377482,-0.4378995225422831,-0.11732370691957011,-0.14275127087274816,-0.5328822422084255,-0.1745283311879696,-0.14315937742751364,0.09215326394771182,0.01297214205472832,0.6687343572088251,-0.5745534875413194,0.272030579072036,0.6963455393253642,0.11834981346579009,0.4560890012484191,1.1539383731110384,0.9554279386203276,1.3601163154553657,1.829523102045306,1.2940096382834354,1.3332709856054776,1.313345123865508
ATG_PE.P_16.0_16.1,1.4756340395528271,1.203614501601754,0.8284631750753482,1.257601798190354,1.2904091047216126,1.132428578495004,1.1489003274093954,1.4314212109737108,1.0885509461751748,1.3498227872193946,1.775515631740823,1.413472148721232,1.4126788733915023,1.5187781778998202,1.7747336047281383,2.0525440673272985,1.5554555788233355,2.2187949455914344,1.8406321405129484,1.9473939586848736,2.200690030113653,2.0924241582798637,2.0598105328008027,1.6932293498637114,1.7550309378333588,1.9548947595235835,1.919171906418411,1.7676454549560463,1.146396555209382,0.9869809930221494,0.5478788515296469,1.3470019251895804,1.1112244985416635,1.3897066014925474,1.310215404270079,1.8321775842145036,1.631279849303979,1.4339682691253508,1.563009080486513,1.867218743538294,1.8518230227134256,1.747105676452674
ATG_PE.P_16.0_18.0,-0.6831334911915894,-0.8982986641211098,-1.0213258914588692,-0.7460875746818535,-0.8688843426238605,-1.134001683899863,-0.8649650671551611,-1.4830249031876854,-1.2615841727285724,-1.2398328313639022,-0.9059858206793254,-1.4437093717863727,-1.6387802156252247,-1.0107202521917866,-1.1884422976511155,-0.8767574372389059,-0.98544597315855,-0.36378484130009847,-1.1224504295869089,-1.1323225567968287,-0.7152078977238967,-0.40794862980977226,-0.15193050677895645,-0.5503363902823617,-0.18341484807425792,-0.4581947477782759,-0.4530037820462891,-0.21292837978086704,-1.504590089131472,-0.8822444767229742,-2.0254950286639897,-1.381789693833752,-1.597928598012654,-1.6494963727200098,-1.3548352808740656,-0.6330197574291453,-0.7715350787649414,-0.8423649280882136,-0.1732145905824028,-0.5268819279740043,-0.628734700413677,-0.7313222079409553
ATG_PE.P_16.0_18.1,4.394522258613955,4.2183275271682374,4.009686122812794,4.301803699185403,4.252420773687901,3.92032326732736,4.135527493940977,3.716310965448512,3.8078653077294335,3.967985944230757,4.254745885652465,3.671574853714072,3.5196134939061303,4.016141122409106,3.8387694761861137,4.132896387492116,3.96632251079452,4.939877948222938,3.921543725477557,4.030139944869286,4.295068282581154,4.696828999354604,4.94612290060044,4.475147365893473,4.981969048295317,4.6567918770598595,4.755548865511538,4.83568517239752,3.6783849304889698,4.171514699768908,3.1248729951349796,3.8377988337114255,3.492657150799418,3.577873257406986,3.8288533553009687,4.543119137268756,4.365574243941659,4.179994418712866,4.837497985796022,4.445481454679196,4.507178879062157,4.30935947844839
ATG_PE.P_16.0_18.2,0.6380284052745059,0.6261158797843588,0.5457818688466127,0.7884649792048343,0.6398158102003826,0.6549715085935108,0.7226669346857356,0.8100410990900704,0.5776457747527223,1.1612034349791491,1.4655248706875557,0.7368190678859392,0.7936833683499581,1.1877069680611334,0.6878807153632384,0.9492162841620644,0.9679659989343616,1.6454511149578503,0.7222829228394918,0.9582519555370492,1.3917974846965246,1.1379070545756933,1.2616557306288732,0.934895997027348,1.0881247013212116,1.0909090013374405,1.2340266141869236,1.3307915523990663,0.6990524861284071,0.5210898881663728,0.415373074189454,1.2014970506887073,0.5424309389210771,0.901899710246629,1.1443672593558027,0.9485960177068714,0.9712418244373012,1.0288267160656763,1.4315024205756557,1.0217515124433658,1.1906048294680995,1.3414777874350643
ATG_PE.P_16.0_18.3,-2.700862679183087,-2.90771558495989,-2.934125467205166,-2.3260120226687326,-2.7871030443023703,-2.8969104639405043,-2.785915636978962,-2.6369667939535035,-2.9196171441587593,-2.3066270937271347,-1.902671586857411,-2.7819014762579717,-2.8506522265040326,-2.663217246287844,-2.83894379877242,-2.6537612578876715,-2.7736265405410454,-2.198502930685177,-2.8730112522639035,-2.973460785076029,-2.7849910751224445,-1.9973707790542936,-2.08137399653598,-2.295014672648646,-2.337134264125224,-2.0605121134393243,-2.064289322307595,-2.1172490558428736,-2.663968136057393,-2.888137431266909,-2.9357921355837853,-1.9769584609295008,-3.066665892341632,-2.8708601196699415,-2.840138642714326,-2.9919717031807465,-3.078172329533365,-3.2068126177926306,-2.713877912618693,-3.2431637193407723,-3.213600346917612,-3.1593466579496465
ATG_PE.P_16.0_20.1,1.1761143570004604,0.9982419502339962,0.6085848582386042,0.8307428364617668,0.8962866826924178,0.4090167550604346,0.3445097610838679,1.4440056087947837,1.6798093006812571,1.4902021130276677,1.6445733939829146,1.364069859123545,0.9098238055136606,1.004199783832046,1.2881013738972709,1.3978295518261326,1.2269778194370615,1.9124750935327852,1.1784495393688954,1.3284353360057708,1.5288614708377064,1.3441224341043074,1.487535906133361,1.072238704786893,1.756821753236066,1.2054836746476705,1.2024784325142204,1.112261235477993,0.9342659189694889,1.6423304149408573,0.02914648340406084,0.881637851484012,0.583028030367876,0.3249669215185177,0.3745767946501937,1.8975663857999123,1.6940458404820848,1.1315131140029009,1.6078983094089203,1.94700752480912,1.458803620690364,1.285453091897626
ATG_PE.P_16.0_20.2,0.47451529534655185,0.3826679886161743,0.1295748028259183,0.3150414168510363,0.2090556203040257,0.06916085228970043,0.10145804077660046,-0.3887104984860283,-0.3627934490770981,-0.3550285271288426,-0.31967663249777545,-0.5168657321409903,-0.6526772515559096,-0.6010369450669834,0.12980566844753852,0.38730825610602504,0.23224958117887537,0.5693394164772406,0.13226327098087223,0.3525153503698978,0.6264105326010961,1.0901517676129515,1.0535512604197648,0.7018847490364855,0.934222589858978,0.9983220027704368,0.9537262054396544,0.8907784931536257,-0.7034315118056286,0.05703008752947984,-1.457427559552699,-0.807893661680236,-0.93298032345528,-0.997560626758776,-0.9570564212245932,0.5215064582787529,0.5330302021713371,0.02576185505511058,0.17037737957684143,0.5945389138981915,0.32912816676055934,0.25394700631679645
ATG_PE.P_16.0_20.3,2.2427185220946044,2.124925289348841,2.02805637130938,2.259832725148521,2.081055604188207,2.006987074386605,2.076855643685958,1.4802946630145908,1.469249069369934,1.934600458304816,2.012573852039928,1.4087172254359923,1.5378256757176156,1.7260758385787576,1.6668377119420097,1.9972737099145883,2.048346866510499,2.3448832396831985,1.7442740480153047,1.885916885876321,2.2574409935974487,2.8475918573695305,2.813051933135666,2.676068514890088,2.6434695416957603,2.7000844557393093,2.7554744855548208,2.8035650429489447,1.3847250418990549,1.954180496700603,1.2052219244870357,1.7915103015052982,1.2912958017818617,1.404706277596116,1.519494875681605,2.1851093158744934,2.151248343938599,1.9414802169625256,2.1051724803282914,2.1598092592936995,1.972510970246523,2.057314879480266
ATG_PE.P_16.0_22.1,-0.4168471000953371,-0.6201081128927202,-1.0930023467571683,-1.1419059074434388,-0.6475647838363553,-1.5468563771549717,-1.4883451127328873,-0.46647318680285377,0.26440013834326986,-0.09214151270534252,0.06150486274854255,-0.406763159586663,-0.8248181965327417,-0.5859641549432086,-0.9575684895497292,-0.6969876255461048,-1.1953231222181055,-0.7809999451314805,-1.0259046084513284,-1.2029415083871882,-1.1016378750743034,-0.31547669411283935,-0.1409808003741519,-0.7925167499819806,-0.2982475896793862,-0.5043992196560104,-0.6744587795376021,-0.8021520641472095,-0.7915503037093427,0.2288307219740212,-1.5630344094949886,-0.6811576556502369,-0.9503750190334804,-1.5744703944490477,-1.4016207800180025,-0.2908381538563466,-0.6599723794168972,-1.313390492196114,-0.9014376398457492,-0.3617423661291725,-0.7794729799226546,-1.2026036145988166
ATG_PE.P_16.0_22.2,-0.3822205636711515,-0.477353696023584,-0.8836001810078566,-1.2329995914482403,-0.5982126882286778,-1.0356044380603513,-1.3299663144392189,-0.6278027412824275,-0.2095309627995218,-0.5010171976932098,-0.49527116386926534,-0.6574765785180345,-0.7983850255393249,-0.6866949268929353,-0.18494358508081668,0.00253632304800113,-0.23878091077738411,-0.01157481971024729,-0.14148533608741806,-0.2481389868764729,-0.14499327086321218,0.24002314343916673,0.23137673091361505,-0.3591331526133934,-0.41124852737943224,-0.14671470995822378,-0.19409474980989205,-0.4515302654181289,-1.0239859965910938,-0.629088352086282,-1.6351959173373731,-1.2504730749969546,-1.153331003166982,-1.344796353240768,-1.343345249452276,0.4636478187188539,0.24750937174299448,-0.37215174924433264,-0.42909249682260225,0.2193388781890558,-0.0227361378944139,-0.2202467102814039
ATG_PE.P_16.0_22.4,2.739988880447749,2.804418520598202,2.848331178253028,2.5259982335465803,2.716343024877511,2.8069149111367944,2.361117383089888,3.5619184808132136,3.5811177647623684,3.627567915000248,3.3321891225827067,3.4906556912605993,3.5950669066709864,3.526685907592088,3.494153761920414,3.813463719063446,3.954899222687782,3.790752740671063,3.7141667516236456,3.733596428796696,3.945593450529257,3.003055123213024,3.0976101167065884,2.887792753097062,2.516354642652293,2.9778963333794035,3.06233779375359,2.7488716009228935,3.1921433195675033,2.775924397928203,3.014147031867596,3.175185192102702,3.224719661033345,3.2974962674066144,3.234190085493445,3.8691317024874174,3.871219298064545,3.693868796943954,3.640994350925016,3.804796744447585,3.6974024206525593,4.011228141264554
ATG_PE.P_16.0_22.6,1.5425239294843818,1.5709089693505829,1.7419124616063155,1.748815679220995,1.4054355480359062,1.4792276162148912,1.3305899999126132,2.3127921592623255,2.1472087086921876,2.547034614986232,2.4277704121871846,2.1003811215954755,2.171319012782163,2.3265384777921803,2.1190600879171044,2.2191084586742527,2.388485150670489,2.719102151846806,2.1022052663622266,1.8065923982810097,2.1382122330134172,1.911449979865626,1.9542775261621257,1.9106057344417555,1.5166954068720964,1.8374808967988017,1.9583708849345265,1.645094702192263,1.879416460001156,1.2327091035335302,1.884020988711688,2.3806259582921125,1.6319885139690775,1.4843346088430511,1.6744641270547134,2.0524270589205154,1.941163380700876,1.8658039449641155,2.109178486335005,1.7694530195098186,1.408437312255565,1.526435646796152
ATG_PE.P_18.0_14.1,-4.344144133975103,-4.657569117138299,-4.912859571589318,-3.911023705485748,-4.600159094386198,-4.940465565770804,-5.021236314792342,-6.95194114149526,-6.729104780390552,-6.631447914382359,-5.300316929711655,-7.297099474351685,-6.956656151003656,-7.141781086644898,-5.2437603941457445,-5.096741405413529,-5.692235109434025,-4.8250328535472935,-5.387391309186395,-5.70215475308577,-5.641872153245909,-3.7478398940089472,-3.840130729995404,-4.109186376154403,-3.398810361569825,-4.041681607191907,-4.4359834377627125,-4.503231233021843,-7.155219100923754,-4.850335677438398,-7.31185827798484,-5.810084559388425,-7.678391334325975,-7.439733425181917,-7.289213356357822,-5.532439499790195,-5.965364857939595,-6.447625761724653,-5.705628661795204,-5.66262831178166,-6.098742374190865,-6.541111030283862
ANG_DG16.0_18.1,3.407742731320816,4.343216761936758,3.653098150311493,2.988163198403253,2.9817620414495707,2.975340558631344,3.2437288339390906,3.9390736935704602,2.809993200454977,2.5969135973745505,3.6333890513271743,3.224000449719793,2.7564758185156655,3.6205126367080975,3.6891199257583223,2.9209724694626997,4.066568200203076,3.879187407613584,4.37837851466853,3.4388268055510327,4.178435564427153,4.255701292118522,5.20190028937869,4.403876869641111,3.330789853727582,3.350157132314745,3.739795346302207,3.40561613192042,4.833366837456753,3.002518826560227,3.356860468406349,3.73826024172136,3.578138503489223,2.505172893197409,2.6786054074736083,4.454668299476721,4.642889982615582,3.929531833757733,4.8139922010611285,4.475627980435516,4.657407790958548,4.302409899565706
ANG_DG16.0_18.2,2.148955804499531,3.2784576413648683,2.4911953501324904,1.5454227583365157,2.157461035782075,1.596215523443692,1.4730571711657985,2.0156719499355433,1.344303369521977,1.4399772632507637,2.4185957386662875,2.5704496235271432,2.042827659647073,2.0208374535470757,2.2721737825552157,2.5258672413303005,3.500227777009456,2.922509357597315,3.5570608230995857,2.8138243440093738,3.1230573562478448,2.348204761806735,3.733792220176655,2.5952703836914344,1.0341195471495177,2.3634384250084484,1.5909529131304367,1.949368316492743,2.356359110853972,1.172316606761178,2.18461683345755,2.3025977203844663,2.6235717023802745,1.87119705465634,1.547825683972927,2.5161722774574575,4.017866617307395,2.443790838570945,2.675446437407555,3.068245277106729,3.4059255665261277,3.1643578195093816
ANG_DG16.0_20.4,2.200668623035624,3.5611076689050094,2.272199831380167,0.947810505384669,2.031506717001929,1.8167133445149724,1.7353371537493838,1.1368034253560384,1.1664008483094614,0.5539331901677946,0.7050254447707376,2.3023480537074192,1.3271336301385397,1.4541070584149145,1.9111372059083545,2.3834463398266723,2.763221649360138,1.745501311300147,2.8823998582834123,2.86171007268582,2.910699774849151,2.69279428256191,3.702310569561923,2.9379146377598575,1.2898870859255736,2.033055854437011,1.84414965359382,1.2711374097567656,2.1503944332148266,1.398670064897494,1.0135595395129795,0.3651307803413891,2.562158374579366,0.7836829159226214,0.571496703969542,2.6855751738629134,3.452516003457766,2.871704398336035,2.754345091075917,3.545280126814534,4.081214235559061,2.6915199747186205
ANG_DG16.0_22.6,2.870543160091271,4.133079249637148,3.3394935710479214,2.145380912559409,2.885917480393881,2.985554403871848,3.073929953054632,3.144692547182702,3.2336415322367755,2.3560178470002424,2.016392854130912,3.3069641324452315,2.4382110611224683,2.842125539270236,2.513152944787015,2.119896911494513,3.7073242272813034,2.4019242963254146,3.362291258487083,2.8844100417675476,3.297533148080603,3.554486119676392,5.0913418583983265,4.066774268408247,1.6879308066380283,3.104909460324318,2.9565659159586137,2.888973416795492,3.9842894315724857,2.6853899478433036,2.8776056368205443,2.294381150076516,3.245937660758829,2.9225943536279835,2.3577031431786963,3.5349517641806436,3.949811678935766,3.603971121134724,3.9148927450159903,3.931312650455472,4.2795626471686,3.5370876111519096
ANG_DG16.1_18.1,1.2567092842442689,2.5648716069514323,1.0288326987700698,1.1903643164932984,1.0022491221995136,0.9365570158353458,1.187748635335869,2.254807859048259,1.7175974912646894,1.5206680991150263,2.9712144195499812,2.2813164696918444,1.2110334177318376,2.213805762031162,1.4804869776881548,1.18949915750577,2.086051802248482,1.332690672839385,2.5853213100064245,1.5607432310598428,2.806569906157876,2.627285193791617,3.40173011718265,2.28646499989226,0.697127436239354,1.524124332389987,1.7940176498721525,0.8932528646647269,3.913597985004472,1.318582900620891,1.8671933092780435,2.895921349008418,1.912587801168105,1.4874658598790222,1.2918263653260849,2.861162964230087,2.959996905104977,1.2130902239041472,2.8954920760833365,2.351372469216131,2.759491641279556,1.9677996138689289
ANG_DG16.1_18.2,-0.3208928724998709,0.7010215595684591,-0.5951937100754475,-0.6493750554560919,-0.3970862414628637,-0.6508351480201146,-0.8040319481601582,-0.09361137643019024,0.8210016043900553,-0.4926704396258316,0.659602082506784,0.6927261419430535,-0.18936342201835968,0.18947212454321535,-0.09682911707515036,0.28004314522694035,0.13448967110762902,-0.1985073094243236,1.3116474176356163,0.4080223285166495,0.5609514898648353,0.7729008805271326,1.370935030798761,0.2046009336744568,-1.2138314283047635,0.6166474683658915,-0.3965581559334296,-0.7735165830255729,1.042683585021222,0.37518450602544806,-0.2680232144193493,0.6773099729032203,1.4011149509257237,-0.415118022248933,-0.6319235763077881,1.1966273444097293,1.6559500326081429,-0.3366159459700413,1.2343238816813746,0.6879063915696354,0.9496577230762188,0.6678575108636418
ANG_DG16.1_20.2,1.2985672658615175,2.0472123483105675,1.1139275990285271,0.18330223563606177,1.6172851009025753,0.5210465336271937,0.6997605204250038,0.5867304212446418,2.061696655921593,-0.4928208190583151,0.05134805075441072,1.3264613306207522,0.3782274776443883,0.07321953134371038,1.423971848326397,1.74157789261407,1.8267865033611892,1.0157231789981565,1.7792945727723912,1.521246193728337,2.7597816757884286,1.494216158364922,3.0704812716075267,0.9230635087034568,1.3195870314808638,1.1105911468528415,0.3807087688312027,0.8721942356792283,1.1164278623093733,1.521004394555597,-0.5093058892941901,-0.20879852860826925,0.6221552939659236,0.31618822445304257,0.26990041940592996,2.4284650248946043,2.0406990069418907,0.9555814345624324,3.555305923037603,2.3950182519827266,2.421077268929635,3.021176885465153
ANG_DG18.0_18.1,2.6200562825636813,3.3743212476649895,3.186544234170615,2.720577906422392,2.147140451515926,1.883704197310232,2.8878762628627275,2.344848497512984,1.6389493461099285,1.4921925833865282,1.5980475219514123,1.6762795948050029,1.2567549717220052,2.3400177489246756,1.7357807177221132,1.5697605348521442,2.783026438546429,1.833996929518251,2.5112185558867735,2.3130577870900626,3.109384865036629,3.467236761663467,4.254282025098213,3.5517570851233886,2.647684545581912,2.349772487137185,2.572194728462809,2.403092002526324,3.4051987599234126,1.960480170979257,1.8071002344524785,2.0518512727152882,1.919798240260824,1.0608557887343166,1.7200685218312035,2.9796629904832623,3.113699239544512,3.286597496876498,2.7952626874234645,2.900764183138241,3.1326435789392804,3.338989655881532
ANG_DG18.0_18.2,0.333147239240482,1.690156419379311,1.4425983853634383,0.6889952950713067,0.7914379155909331,0.43080705347758846,1.4678319743505837,0.5730201489416684,-1.2313871326699497,-0.00498640815139719,0.04023087826076727,0.6714640761009664,0.4153192620352967,0.9467195924929396,0.9054822407641788,0.9816809404290344,1.2311303522519212,0.5620301369269884,1.6747982108085917,0.7156783402407723,2.005593534334048,1.5081867902506558,2.1511729836000657,1.453795848869045,0.5590409138338822,0.9494490499883418,0.47780779034237647,0.3366436592421014,1.5953823060655936,0.6294626732854923,0.868351745077761,0.5834135658945525,0.9439712032853406,0.4415978378009351,0.4570173059937974,1.3827580551633238,1.521987928341873,1.55242966928477,1.800747226333939,1.6767350377733026,2.0832598727727776,2.0091280843125197
ANG_DG18.1_18.1,3.544321403293028,4.277459262768027,3.769509680999138,3.1924968338560378,3.22661695821532,3.3782373434029234,3.898469649867461,4.5582860251534685,3.617641338427227,3.909798713414125,4.257993931043581,4.0558291922885905,3.5545811278872574,4.274500566892121,3.72310379289454,3.0767236661822697,4.51548071566839,3.795087513532955,4.455298018463569,3.816852885965012,4.8017102067649295,4.682973725230721,5.584991078900337,4.791059330681155,2.8525713501233994,3.43041384237773,3.955014547020944,3.4295314681247953,5.356044116055335,3.360526827387751,3.4165247385092976,4.413159391473282,3.0737566585676164,3.264389994630634,3.710168599399045,4.807859707634987,4.219821891819321,4.809949498850313,3.8441005706218743,4.8601678408103055,5.059502856875686,4.762063528530863
ANG_DG18.1_18.2,0.8869437292340351,2.06399760542823,1.5789087623281233,0.7972522279267091,1.1682336174985255,1.0221164400245717,1.3618622415178334,1.8829360006200624,-0.12788573965882635,1.6947691319831275,2.098045179158999,2.556953347746359,1.946214469119549,2.1955278519676904,0.8288392876011149,1.5245229958679931,2.4916419685773015,1.828207550806161,2.6310533497614617,2.1142077293865325,3.1041832900258903,2.2718231589085174,3.2508203651228733,2.1371810476067425,-0.04136003099817718,1.7536767250492806,1.6379781148446215,1.081424736015139,3.023469040624414,1.5531590153004775,2.054194297023303,2.1228443850425323,1.836781407557028,1.9077312881954225,1.5223383310006329,2.5009232824950156,2.334612659085782,2.798530948456465,0.5656712395878641,2.944971752632914,3.5002002519482485,2.753465523496774
ANG_CE18.1,-0.24652321229666355,1.0543564470402544,0.7714413382008795,0.7940975889782348,0.3977560455610765,0.7454676608981271,1.4194746029530645,-0.1811013708618698,0.8564960907455457,-0.6496006256968753,-0.6084186114816565,0.45099770860234367,0.13619384959338923,-0.829264719929225,2.009297240065894,1.4222108804269251,0.21549417863181392,0.02950902578887023,1.098337495217243,1.2361419178093482,2.027074006134907,1.3484704707080957,1.1990209171574124,1.1021868177016445,1.3844024857027344,0.294858381277682,0.4651896612375037,1.269394870086827,-0.2753143370105338,-0.1592112486852773,-1.6724370286008745,-1.2556797074835078,-0.5301121290617437,-0.4114424461652383,-0.6660758174857792,1.0538445383315946,1.2318526849011764,1.0920041318762856,1.3672890372925317,1.5951369058030598,1.218857150373953,1.0820087744039146
ANG_CE18.2,-0.764073878719877,0.3158687231315819,-0.05339164510328113,0.16534713542183713,0.05466027068937876,0.3862158565211879,0.7209952493747476,-1.776341010534494,0.8765796938726468,-1.279218619950785,-1.1489163233415929,-0.7413791376177815,-0.9579437471582104,-1.9526571503616057,0.7378100481858682,0.4257600839385998,-1.0739500149754435,-0.9337255983712536,0.2515376018959834,0.2811373682557405,0.6330119793858591,0.24131825642854843,0.21842786435927256,0.34366245435109566,1.077100827090372,-0.4731376745728077,-0.2470745365058556,0.4167414971282282,-0.16265966211332686,-0.709977289577567,-1.2877262202411357,-2.182040711295637,-0.21446143244676263,-1.394938054323144,-1.6668757217872383,0.04772783239288771,-0.7278478924220916,-0.4311928006144308,1.1922586102461046,0.28899596778137077,0.504489352924985,-0.04087930075107238
ANG_CE20.4,0.13743851914705013,1.0672097765154245,0.28898900814917794,0.4981669158332844,0.9020736701251988,1.1161472535291157,1.0225750206576822,-1.2063484753344138,2.0533802813856794,-1.4820101967919452,-1.4681896116544753,0.2922346199935852,-0.22876384408871883,-1.6411267613336125,1.3688225082868395,2.152909746864658,0.30301210809019263,-0.10734359004836364,1.226191615211187,2.2544086077397143,2.1103516496512755,0.870122933162887,1.440031615216354,0.6644462773425842,1.4884174992527466,0.5994594822736499,0.5295744024975223,0.7121463090413942,-0.4900964561181451,0.8175832193419226,-1.0523675822590246,-2.2364468190489135,0.30663469663219717,0.43737897083018307,-0.6204278151512564,0.8764125646620017,0.911464652828195,0.956387125723821,1.4566681122522975,2.7070317980229484,2.355745556201766,1.857182903875039
ANG_CE22.4,0.42871379148060235,1.246603501126339,0.3237766189222799,-0.2498078341640124,1.4530081567737272,1.4347046919837183,0.610758165823247,-1.7530204675340877,-0.8106089853469592,-1.3549012316791391,-1.7808762675317116,-0.4057207449255868,0.17804066000799873,-1.452575687245773,1.8412974283559425,1.9886794132769523,1.003251073110337,-0.04280249686607036,1.23986314022971,2.2882129644309632,2.9209085651909783,0.7752529239662637,1.3952815831150651,0.5884112903122456,0.17853923237590424,1.2247227072376272,0.6659384652638425,0.6235115628022373,-0.7845188284109493,-0.03768508634933607,-1.7013847429732931,-2.6866509586825815,-0.15102815224893826,-0.07859279412475445,-0.6019130908756454,1.2677370543923314,1.8478545458552869,1.4779326449044756,1.1107479688433266,2.138008604111449,2.528453684070539,2.1119450695605213
ANG_CE22.5,1.132526685484092,2.2690473130156117,1.6670003554380686,0.5993675255840444,2.111982015163927,2.310903918523801,1.9817258580051125,-0.6185682966545282,1.4181997191471944,-1.0593981501769505,-0.7029623084301544,0.7775587680918782,1.2344188754103445,-0.19851826928755048,1.702762110014436,2.245706267804636,0.901782711886891,0.26782445496815865,1.067481127400528,2.516624382418547,2.7091356431921083,1.2547812300380543,2.3799265396768066,1.500440634032448,1.6140506228566536,1.4653552160020258,1.7346206580630463,2.1754599156816568,0.2909544317371042,1.1657209826185015,-0.6790096418927545,-1.7209646209531764,0.8478977368357451,1.3555529467380696,0.9105166929115782,1.3164983140230055,2.183404617951813,1.7578728570988702,2.0950165386458712,2.6736061093293277,2.728667879943617,2.8101317658244103
ANG_CE21.6,1.4983003137457682,2.612810571720568,2.4577948192140795,1.620351466363433,2.6572271638300347,2.855243715940652,2.955120441158231,0.4142348574513144,2.3095346302695514,-0.33410406852581487,-0.16823722009613512,1.1237160378895603,1.4971775926283784,0.6088028845318048,2.617158337317373,2.799070842517711,1.7635288419947794,1.462703369772355,1.994302552361559,2.7254798646672604,3.5005531898636844,2.1578256311557267,2.8910535264424997,2.2923805011529645,2.57545536020261,2.0834848296297417,2.42237154176923,2.7599979009500077,0.6186368431614343,1.1911775351781286,-0.33328840669515886,-1.0077697579247709,0.6731659341158859,1.5780183312601332,1.8244059425150057,1.8989308196122725,3.258484842254106,2.056758177916794,2.997623261868284,3.1299813646796877,2.7345742540124816,2.9198357409149223
ANG_SM_d27.1,-5.719590915105448,-5.727540037073002,-6.5288163586059955,-5.321093927884548,-5.550954418459504,-5.76731303702026,-4.9184178107457175,-6.822090127396504,-4.489292784321591,-6.7473277840490535,-7.091162460144932,-6.04678165629531,-7.372044249451775,-6.404103186778721,-5.6937211621475194,-6.179998719350756,-6.365069348737187,-4.51706730335774,-5.722564889580071,-6.056279248562346,-4.993663413317736,-5.931631855112391,-5.055477460492483,-6.088481169314453,-4.692394790380407,-6.024849045773288,-6.066195958916004,-5.318726264669777,-6.564314048086932,-5.01726664709343,-7.343234805868811,-6.195705177732935,-6.604766555221591,-6.653641940201341,-6.725204685072556,-5.05887159383852,-5.368823449841662,-6.406205803752286,-4.4486080798035745,-5.318580636666984,-5.23403508232098,-4.985351971567837
ANG_SM_d28.0,-6.602200916103334,-6.3694426475270784,-6.869016490450116,-6.516605900492884,-6.04181683916283,-6.340776408944536,-6.241993421157843,-6.408013313122962,-4.847816619968084,-6.406466344309675,-5.871167458786065,-6.024167663058705,-7.039294294777713,-5.851766810698656,-6.224284238438064,-5.661752495888384,-6.415281162719578,-4.376539783093572,-6.4034069694861175,-7.219174333742971,-5.638871234751559,-6.3215587442575,-5.428022632806157,-6.779594615170159,-5.351564231108963,-6.8207765433818714,-6.768876714877769,-6.7070637005133165,-7.013726372904089,-5.626563813629328,-7.099949076934916,-5.734853843014966,-6.74978775012963,-7.782494429395587,-6.357948062801178,-5.6065181814507765,-5.9206540152834295,-6.445634226705501,-5.425197050644633,-5.487185183939755,-5.992991933918877,-5.721349884732026
ANG_SM_d29.1,-5.408327584454961,-5.514111193925842,-5.965486477594264,-4.849384167319729,-5.207042564274918,-5.561504956427023,-4.695114332213722,-6.271817498427655,-4.770925381445533,-6.279245819088555,-5.546657382615892,-6.293479472523754,-7.581037873287536,-5.31910853191431,-5.043525497205695,-5.176732958932266,-5.504794884920331,-3.522902348263277,-5.317593524313645,-5.658473468186923,-4.5880524938128415,-5.288414335322689,-4.617927062097805,-5.867993508083239,-4.376799479485112,-6.0302855349468425,-5.955031024296689,-4.959726758384158,-7.000443235591065,-5.299467369436611,-7.070432191959246,-5.683979030738193,-6.641251139994812,-7.463851432834205,-5.913594392776144,-4.785283580780628,-4.759800588586669,-5.855386360015592,-4.2893470251296755,-4.719152516039243,-5.562693580029446,-5.067312600202719
ANG_SM_d30.0,-4.67703467156974,-4.126289690666559,-4.555900595875938,-4.181055332201332,-4.020292405037274,-3.7261074036821458,-4.160016741929965,-4.185679739439832,-3.309810949310045,-3.692573576030704,-3.5353301122233898,-3.5343895194338604,-4.277263519227211,-3.9978236645544576,-4.5081375758193305,-4.261255243303676,-4.490014171665881,-3.4365024741134973,-4.465784545652523,-4.391076822335572,-4.110213986710561,-4.222860012474988,-4.055298282383455,-4.420534404104167,-3.331425561073073,-4.10385265849489,-3.948157385065613,-4.212233152879583,-4.311739415902816,-3.1687393900557543,-4.5199464701316,-3.690507444297581,-3.8575039307402865,-4.236612340891578,-4.350983186814822,-4.871057865469868,-4.603606385550172,-4.734753506201318,-3.6132467005329154,-4.392330736954713,-4.2674775902031366,-4.651801673215694
ANG_SM_d31.1,-7.066102769301412,-6.242920323213957,-7.01370552608861,-6.458890781648946,-6.699192122136135,-7.033711699787525,-7.414712831399851,-6.339368471075445,-6.153021017057566,-5.431041878046373,-5.245410529080739,-5.207906432007277,-6.648629964172895,-6.179414776148817,-7.095096558409866,-6.922569845504738,-6.503867231170317,-5.570439968855248,-6.884888616170626,-7.116980183603129,-6.918069156207906,-6.842269852211775,-7.6213017517051105,-6.903236997481506,-6.807346522541802,-7.112557312189181,-6.792152848313061,-6.972521676931458,-6.308970205700989,-6.865327609235303,-6.695476462644971,-5.094761574923886,-5.9999022595121145,-6.583696171799282,-6.880142637478489,-7.500130744038259,-7.140629109475337,-6.901065382279726,-8.059964743370573,-6.443756831619322,-7.08470668794534,-8.219250183056745
ANG_SM_d32.0,-3.3706803503277905,-3.0006513131941275,-3.4337350436920437,-2.9192423611688385,-3.1394870680793097,-2.682363366201071,-3.020274180311378,-2.371858516250108,-2.5758755593208376,-2.1156188402775284,-2.126024543313942,-2.062900506555373,-2.6164548338528855,-2.5775637747465434,-2.8271578868349097,-3.1586391032674066,-3.379803049357881,-2.8051474819502915,-3.336570141768126,-3.3683850059373524,-3.234314483510538,-2.841252871986793,-3.0042628644427185,-2.868591941970882,-2.5981009910136432,-3.091087590683009,-2.6505989383110036,-3.1184360176279435,-2.5264428584450345,-2.872521873299584,-2.5503921172533484,-2.4281278378781095,-2.4174124067815264,-2.4996855749262195,-2.7745298686475244,-3.6489573140059286,-3.7322071694781735,-3.941213759571653,-3.669326678847182,-3.365253292181047,-3.7872467989852887,-4.183963626083274
ANG_SM_d32.1,-0.8393243811354743,-0.2465580512943545,-0.5334273965107462,-0.09005939129679055,-0.6188996354442767,-0.41116045902715487,-0.6104582200581912,-0.01625458755654553,-0.11272888017529728,0.8090465978496018,0.7967224554493278,0.4245118855734301,-0.12932807185527853,-0.05290485702640446,-0.5691971083946495,-0.5292052129712798,-0.2751702722123066,0.11169897549952458,-0.49440791190654887,-0.8572025686142295,-0.432086216873862,-0.35349947528387526,-0.5612145782781589,-0.3108088316445627,0.4455249259879729,-0.4921796303713687,0.03397115355144486,-0.5979687676919458,-0.16871684221593183,-0.527826581646572,0.05438812897021874,0.5651864847077659,0.12381065947790244,-0.1313740991373796,-0.4601482673733084,-0.9828855378839194,-0.9157346879733426,-0.948725566586582,-0.9849461860269848,-0.5730446003548517,-0.8309348424531022,-1.636648825364637
ANG_SM_d33.2,-6.315671142986187,-5.651204993518344,-5.795828514467622,-5.385047738144576,-5.770401532785656,-5.490591276704812,-6.01565601149779,-5.748026107560477,-5.656051637002096,-5.174773544482994,-5.58248274459887,-5.459457817500628,-5.905495238935194,-5.66896506265166,-5.96551912677611,-6.775283722843515,-5.795813405548384,-5.74999380119779,-5.9827052683251125,-6.0863320662110025,-6.308941475017859,-5.597001183301677,-5.735373402350914,-5.523194056718714,-4.7071774197420915,-5.649574599844933,-5.51116051421882,-5.712443252270291,-5.791696215618846,-6.443120880914884,-5.69794288949751,-5.525231491378976,-5.475827241466737,-5.306825605225393,-5.934379744038399,-6.459972956073968,-6.032208930526541,-6.299928437763837,-6.3608114334940895,-5.889367274249184,-6.016888042789858,-6.701545686485963
ANG_SM_d36.0,-3.101874787152324,-2.4739154794695115,-2.728330446181382,-2.510867431423882,-2.7942750782894903,-2.1863483974254865,-2.3425384210891655,-3.797695756640498,-3.749689423820094,-3.5123037384475366,-3.694242278286907,-3.6459829859875454,-3.7833075062419983,-3.679427385828635,-3.4677641994155137,-3.7193739452338583,-3.6015059167368086,-3.372784817079031,-3.66499503621677,-3.698651839677292,-3.248737968477057,-2.1455490668835955,-2.2299989410530254,-2.4061818730657176,-2.266851237546436,-2.311304397737066,-2.2814226279120953,-2.125932517531703,-3.360161856468512,-3.773652118388187,-3.630981766672971,-3.6744286678290288,-3.2285988556749796,-3.012652344679208,-3.4356087054950737,-3.851595992449,-3.7971193628432967,-3.780192771589155,-4.018894021793226,-3.2610388365309917,-3.5378797589047597,-3.6341754429854194
ANG_SM_d36.1,-0.8027900619250768,-0.5190592386291393,-0.4616081771149389,-0.05279673601790067,-0.70404773850788,0.06126281684527263,0.22247571084979137,-1.3252710095487898,-1.287567677985962,-1.1003215478880863,-1.2667683761472175,-1.4649488567621844,-1.2415741679070336,-1.373658732588755,-1.0746491989558975,-1.1505409120293542,-0.8456297738309762,-0.9903070197516538,-1.0814115783985665,-0.7983288387092274,-0.582271950153753,-0.22399937910702664,-0.4900768610157453,-0.13188043043321057,0.5116831663950131,-0.4612225320795019,0.06619281870526582,0.3662301130475051,-1.007061068486038,-1.1975397169052244,-1.0630099864842886,-1.3370293586759403,-0.7536744748694727,-0.6159108211741279,-0.88158023963015,-0.889359162037248,-1.1929050410033688,-1.047760243011988,-0.9066436625155546,-0.6868489255733896,-0.5432911937968292,-1.0155105869390249
ANG_SM_d36.2,-2.5636304918843096,-2.052021017675152,-2.2066547301799497,-1.6530589267043945,-2.3157334482005862,-1.9066972666677904,-1.720101113563531,-2.565474656569381,-2.7590319634166938,-2.297688653981057,-2.372604829610279,-2.8165846275857627,-2.563931103571664,-2.5997687613643534,-2.0674875815153557,-2.182858749311592,-2.0532258544804165,-2.1030704984145445,-2.287695963602592,-2.195880604284822,-1.7482086634548488,-2.019915604150157,-2.1001540391603144,-1.8764169142225775,-1.1782749139942306,-2.139156515510503,-1.6787366927677383,-1.6454119235699305,-2.356649044195803,-2.759810589158407,-2.66162020566366,-2.6451188778501313,-2.440281080485378,-2.282571818410223,-2.371441174200445,-2.4301273129827483,-2.402490835663438,-2.469005846113481,-2.429963878584088,-1.998067690035775,-2.031040169384017,-2.2421818723306184
ANG_SM_d36.3,-7.840313607763552,-6.810182130884073,-7.542197567608215,-7.049264620992056,-7.417806348262079,-6.913452281508488,-7.189658804160059,-7.903645953404029,-8.28846647255943,-6.826432191123005,-7.0475564432801665,-7.345510109810734,-7.931227722497491,-7.757269949169976,-7.757274725458648,-8.492059370353001,-7.842931667094865,-7.796883200700393,-7.723734368900162,-8.392651120035673,-7.8914737258282575,-7.966545695230772,-7.316716878721032,-7.207716642800355,-6.582234994667337,-7.105499500409172,-6.854973229925959,-7.624533504069347,-7.651877272381453,-7.942597694388377,-7.634307799624453,-7.669855439795577,-7.518058871086972,-7.546251965151484,-7.816476362270173,-10.48281022873363,-8.019755177250177,-7.774614337081649,-8.118264588279219,-8.816173273089829,-8.765340694954046,-9.106946778622635
ANG_SM_d37.1,-5.646549128049301,-5.123441051162473,-5.088747881841962,-4.517489625579028,-5.360244758311276,-4.863754393494546,-4.457396225255804,-6.115308030624055,-5.975949891656448,-5.652634496052893,-6.052835278332575,-5.525465063137032,-5.463361886287465,-5.6468728694949055,-5.243455110024361,-5.732526181706615,-5.385543458216314,-5.278237575352535,-5.5689627934948485,-5.418783659498576,-4.98577147666133,-4.853779812788615,-5.238493347460127,-4.918513603872293,-4.1609389559764,-5.166487002539478,-4.656385945017133,-4.468905104244908,-5.533321097699322,-5.615191370538593,-5.759689304920224,-5.971116410480835,-5.404978615759603,-5.265325454134986,-5.384289721521155,-5.26565400865924,-5.327040237364464,-5.331460453760409,-5.394026175295342,-4.884095031503928,-5.335941303684267,-4.968821291755008
ANG_SM_d37.2,-7.322317703036625,-6.957817258768837,-7.01132380486731,-6.661692343351888,-6.931492548666725,-6.836500402155975,-7.091596145501762,-7.655129212489417,-8.620946887570819,-7.178311006035136,-7.339018218956761,-7.465079904496562,-7.185923132502208,-7.204721308075627,-7.051017475328549,-7.225877242159371,-7.3924571094075855,-7.007860467910734,-6.725587606166493,-7.310937944924727,-6.880182836032812,-6.904481917490634,-7.633754072837375,-7.074461402776217,-6.483535089616842,-6.988965327933817,-6.562369653865562,-7.42495964030582,-7.550848248415092,-7.300956592007693,-7.365042102568971,-7.490449979347856,-7.291704119278511,-6.889181620552378,-7.703396983011863,-7.078960600961379,-7.734580059569734,-7.284895666290407,-6.851998238302295,-7.048554830019156,-7.118310023261021,-6.997571086377729
ANG_SM_d38.0,-4.381039296585217,-3.873400935446969,-3.950960099840342,-3.5624655995186227,-4.078464637063565,-3.5593056499920177,-3.512756400950295,-4.94555534753122,-5.269147549376484,-4.400992212312225,-3.8293300892686304,-3.814383225248057,-4.795013072971985,-4.769896719509239,-4.881547388759188,-4.997572354981469,-4.938741536365498,-3.724007150541191,-5.349626729314023,-5.174533625763251,-4.681520362309128,-3.855077309385803,-3.637752252743769,-3.75853958161969,-3.7289566516364814,-3.7070645118115864,-3.5984190183666898,-3.649653999444549,-4.549803412534174,-5.276271000185417,-4.6374620552462575,-3.400117948357471,-4.203002130118685,-4.3329391555614585,-4.604147617059919,-4.780941220999163,-4.596241520395166,-4.956542155688594,-4.37020364457834,-4.7431122960743695,-5.060375693031884,-4.528830780938009
ANG_SM_d38.1,-2.570696026706328,-2.072734973121509,-2.2758269938033804,-1.7031121114220094,-2.334727325901446,-1.7878308405285723,-1.8762880375157172,-3.170878624690925,-2.885074395538283,-2.7150081816355587,-2.79185860683554,-2.730146612670242,-2.7874145705034077,-2.8412824249555197,-3.3950597407958423,-3.06615368824681,-3.16440694367414,-2.920907875808435,-3.4038826288509623,-3.15137179811967,-2.581496285759037,-2.1350509182671846,-2.0989371263765513,-1.7978161554438905,-1.4800691744757484,-2.0581680571298757,-1.847833438756555,-1.674090196968942,-2.9938582236257276,-3.068446139482705,-2.926922860556779,-2.8337350718029013,-2.2584950166736064,-2.3579864463682436,-2.794105342424181,-3.287798800954097,-2.9498437688628307,-3.230638280261013,-3.0662478173788483,-2.5595133263465097,-2.5966474673736744,-2.5925886196919157
ANG_SM_d38.2,-4.512489140066738,-4.075395090277432,-4.3286096067174356,-3.685847006762337,-4.210617298014231,-4.048152942597462,-4.114945191484201,-4.86896986394402,-4.410576014485597,-4.783735233310155,-4.85094357630583,-4.75638987493077,-4.740245842050255,-4.626329242696998,-5.405490820511021,-5.074476415290448,-5.121783294749704,-5.012318404016632,-5.046582619716038,-4.969944591274018,-4.385023807908124,-3.94501406108085,-3.978859729689031,-3.977214211718489,-3.627161379932109,-4.06042856686533,-4.0253347740696785,-3.6477513209968873,-5.23522425376423,-5.425026983029968,-5.231097737102437,-5.022972546254871,-4.641134019713027,-4.525389866344774,-5.1800966147418475,-4.788663695963455,-4.478305136275571,-5.036486300669883,-4.724210610845848,-4.272095475381356,-4.325033922091216,-4.513406520441113
ANG_SM_d38.3,-8.956777997280804,-8.458988782366099,-8.827453158591371,-8.71068779402091,-7.859613515871645,-7.435311717563322,-7.735539014258584,-8.753940827687357,-8.001411066133073,-8.478055429630174,-8.23230824292772,-8.233367537319893,-8.301329824298964,-8.190179862446225,-8.775931040530656,-8.677694833563937,-8.697115834515037,-8.953472661634008,-9.047634965322173,-9.61799694806619,-9.675433798044644,-8.224344436087703,-8.86219885722807,-8.559959362959335,-7.501027586362091,-8.357559587817697,-7.669369603171866,-8.394814390337373,-8.498196114390492,-7.666839640412321,-8.717775283503018,-8.888510494074344,-8.088471885934977,-8.138240010523745,-8.031241918835258,-8.652979503846051,-8.414694719350756,-9.684793130481555,-8.19152301832746,-8.520943011467848,-9.48737430805535,-7.61374150255736
ANG_SM_d38.7,-0.45601369219514576,-0.15043698832549368,-0.3013042568731295,-0.05315400878615659,-0.06078900167976654,-0.13079384362379798,0.11913872602596604,-0.7040644382602212,0.1455799532123918,-0.7202355002774944,0.42087278757291585,0.6475705317101963,-0.8747548429015248,-1.0073261401337628,-0.20558686891976816,-0.18849291625635065,-0.3368273626043752,0.6749587336991926,-0.41401702810513313,-0.6088887335212768,-0.2349242552128041,-0.01036069753402152,0.3926902462215385,-0.18396180756258124,0.519415579899134,-0.08417208160388143,-0.1543281303502828,-0.0846635672877325,-0.5859192400397579,-0.3013262223351467,-1.064727029750769,0.7048670076422169,-0.22783897349664167,-0.8034089578935729,-0.8994144033770219,-0.11393407347669064,-0.13568611794266203,-0.36215156640851176,-0.04449986852211258,0.01021331205468114,-0.1625645634207856,-0.3023508945714086
ANG_SM_d39.1,-4.295941213281458,-3.887708118761206,-3.75401410691573,-3.0333271288717696,-3.7887098099141023,-3.5175107997414115,-3.1496684386744263,-4.465590836920704,-4.266458231330481,-4.175042599851068,-4.277713648224981,-4.24591167845734,-4.161317062213872,-4.137150848764836,-4.6486132275285605,-4.566812489086948,-4.6930570363538715,-4.065554685291049,-4.746037497114241,-4.386203862730633,-3.923507734618092,-3.5129964744946833,-3.6889874301197807,-3.740768332909356,-3.0389426535462785,-3.637993149909513,-3.3322854313375965,-3.2368823827425537,-4.346945714888897,-3.9086901266094145,-4.466843770395866,-4.347772702292413,-3.985127787431152,-3.9591165430268114,-4.081740841951593,-4.537120814019202,-4.6437078678124255,-4.545715169056974,-4.082908529449497,-4.133076737568235,-4.125200364670231,-4.273856569684371
ANG_SM_d39.2,-6.564316863005425,-6.180114945971577,-6.70757597425548,-5.5828464900368315,-6.282115632229711,-6.231774676600371,-5.490026217127848,-6.1233130845482,-5.99113040066003,-5.499404790927318,-5.580908519180691,-5.604394221429928,-5.7922616885003855,-5.474351505301124,-5.784837907783582,-6.406432199159833,-6.553044582307917,-6.11645659138379,-6.942526990923181,-6.365244891307885,-5.89921089470646,-5.860712211210466,-6.418130787261863,-6.4114621116516375,-5.562274458233838,-6.038953874234755,-5.451595986891349,-5.923862656386993,-6.00625176264066,-6.763777511693917,-6.1896995668849835,-5.888930257517046,-5.871717435742231,-5.6969906008990945,-5.6606200129024975,-6.203390924311783,-6.30785862756855,-6.401131578647725,-5.726175040427063,-6.235481937776264,-6.170117540971632,-6.002323790623789
ANG_SM_d40.0,-3.2170387972322816,-2.6965814839253364,-2.91028478239244,-2.4318293580152472,-2.792310520601296,-2.338559881645254,-2.3212238838645134,-3.051131702393306,-2.804273451853673,-2.6821950199326676,-3.032213003279927,-2.519644909776559,-2.8307742709079373,-2.963598748893196,-4.4708315250957185,-4.332905938757583,-4.390972930034419,-3.4672379760693293,-4.561439948147468,-4.178890959514082,-4.212990988500145,-2.7957493473996857,-2.7027037818089177,-2.489372966081739,-2.523422061618349,-2.497095731263183,-2.23658211319354,-2.269155166648249,-2.88130390487747,-3.0956102723304375,-2.951108227251815,-2.8242759738580907,-2.5276193571419325,-2.546118936591955,-2.792376070600892,-4.4563531867274015,-4.485983836033803,-4.4015384685283765,-4.70877306293963,-3.8708764819016106,-4.281119073238059,-3.9990228769129
ANG_SM_d40.1,-0.6671665264645621,-0.13426603044759763,-0.3027975063911614,0.14928047586317372,-0.07355396843368517,0.3482921083963803,0.4343223845890752,-0.30981863836722573,-0.23283997234199968,0.02417858586370553,-0.21337741568216043,-0.22702479164113185,-0.06891604280439523,-0.16502085493697613,-1.5205571221362515,-1.5500288178354595,-1.469021916246501,-1.1192346683759102,-1.7086267361799508,-1.274428598038354,-1.133423224532517,-0.20105306916825763,-0.25396041066935415,0.08523725970224544,0.33265397694672694,0.2081810490965845,0.5776334780822089,0.4331442787333292,-0.21752698033544257,-0.13051621915832276,-0.13140659720791523,-0.285496268503861,0.17427980020951753,0.05979559519291058,-0.01891098543660683,-1.6879468375135522,-1.5896621015294543,-1.5516453244191073,-1.4338490347015589,-1.198119200412213,-1.203840505607591,-0.9742454557627892
ANG_SM_d40.2,-1.78239436389463,-1.3506679427317292,-1.5591974700643696,-1.1254304579975192,-1.385649906956749,-1.1278975144090984,-0.839713623583794,-1.1106779090770371,-1.056125001952056,-0.8617691482389188,-1.0645359334100852,-1.0994969242411117,-0.8944200787485734,-0.7961531559008583,-2.0871716560739553,-1.7835379277008103,-1.9349298225886336,-1.7108426860153316,-1.982239635157949,-1.758860053554788,-1.578927417363258,-1.2867058354639271,-1.26564614913482,-1.1762857914433804,-0.8296022430642972,-1.0768918986111038,-0.7993665266609572,-0.8003077006243488,-1.3132715205118433,-1.3481421306301808,-1.3668999130083574,-1.3804876838088826,-0.8828806877350772,-1.0033201292325638,-1.113819628345228,-2.0653734638921137,-1.8318914157374748,-2.262658741660898,-2.2228418947328743,-1.4483747888509,-1.661042273408676,-1.6305184704602274
ANG_SM_d40.3,-5.707805344871803,-5.633294597634113,-5.710604073413638,-5.18892646725081,-5.484915972599732,-5.021865851095307,-5.052642504022344,-4.650053961579253,-4.559742536817835,-4.675124451400845,-4.879721087315327,-4.455728120144832,-4.237929940874171,-4.231012634702998,-5.491590219607065,-5.457852678450973,-5.830596649803888,-5.487267119921203,-5.3278630851054025,-5.533502885025486,-5.048665386842743,-5.104534508594365,-5.845569356079044,-5.490838352862143,-5.3686299011702125,-5.060214584586881,-4.779204748749558,-4.738309856685761,-4.761806880500235,-4.7893440260422695,-4.888540611311715,-5.155463683286044,-4.331298474992909,-4.551697813151866,-4.553249747043128,-5.973411866678597,-5.019116004246685,-5.80942032914809,-5.646469839786916,-5.561703107532267,-5.206885986373938,-5.166391223349936
ANG_SM_d41.1,-2.7559964152922807,-2.2110809991389035,-1.9787190443123317,-1.6921795341554946,-2.0457720018007786,-1.492519167553175,-1.527723495280448,-1.7357232943391183,-2.025733301567809,-1.5892633581685374,-1.603906694490255,-1.940236191135336,-1.6226950543873704,-1.7551864994124735,-2.523223676261063,-2.676439123138078,-2.8497218234484336,-2.302733624020097,-2.765734806381749,-2.355223044578795,-2.240566361255641,-1.862364310794756,-2.087666055900782,-1.958014913759854,-1.590091946803848,-1.9035198276185783,-1.469307290766527,-1.3798702384302317,-1.665522531588728,-1.818062237056896,-1.6449188051150536,-1.9095489047029208,-1.5349655605736114,-1.3703717590528828,-1.57420324874609,-2.641962819634894,-2.7639780878242903,-2.712316591414325,-2.8669072273592606,-2.258370682000717,-2.3889061485579757,-2.3128953345723056
ANG_SM_d41.2,-2.613462292587136,-2.3229067403167725,-2.1675299940068142,-1.997906732838532,-2.4034645850442815,-1.667731472040462,-1.7094870862483842,-1.4407237821722287,-1.4998495007582835,-1.123699409830771,-1.3716468473833674,-1.540997647804205,-1.329301042580933,-1.408456298728352,-2.393263338207255,-2.382292782705903,-2.5555601046857883,-2.296428853765341,-2.5357752661726294,-2.115241424904577,-2.034252044581327,-1.959192272718844,-2.138017738871896,-2.167876117054057,-1.880548585633666,-2.0122137443832293,-1.682887835249307,-1.5714584897696429,-1.4267764656458706,-1.7096802143674552,-1.5085968634026186,-1.6784008605693708,-1.2414105166531646,-1.2562911206395468,-1.630556769835998,-2.7920467945588903,-2.7050909362517364,-2.678497578150931,-2.818824834236076,-2.023308799695553,-2.200015673673265,-2.182010730048599
ANG_SM_d41.3,-5.737686721983286,-5.396492999886269,-5.376074355593731,-5.171251476639121,-5.39173086323003,-4.751181517487983,-4.859293088648658,-4.57078897969776,-5.165258710602248,-4.645984787744252,-4.689310279944806,-4.689458414967825,-4.253592225854025,-4.197141822380147,-5.639627041229793,-5.509536818918377,-5.763634546707906,-5.408501258214907,-5.51920545203745,-5.3684836912107405,-5.054773360827617,-5.100724545659538,-5.192494708365709,-5.334680526220968,-4.988342089754187,-5.034795483304319,-4.890754793941476,-4.60524388466646,-4.703945083699853,-4.897521802107623,-4.694881517415053,-5.168486449240038,-4.340056916269853,-4.514161999837205,-4.463196959050449,-6.2105073959230195,-5.781685838936149,-6.040989814053508,-6.184296105433218,-5.380626194229792,-5.0452789654573715,-4.901579600956133
ANG_SM_d42.1,0.27820185699787453,0.8923278544799519,1.057019082593304,1.1030869679427484,0.9267752082222128,1.4886762724601967,1.5495696552929648,1.2977033442245751,1.3775938224167812,1.763715363063867,1.7235041801539672,1.1817824361072726,1.5200720904736325,1.4857445516279428,-0.1797295631081815,-0.08031946813929963,-0.22671993245195277,0.3055577920560718,-0.2276019906135281,0.02233754306655768,0.4073484190636935,0.6916622417949685,0.9930543194109136,1.139722868751204,1.2380873516166129,1.0785948393291176,1.421256334734654,1.7916452742249824,1.5767112948910524,1.2545776944052185,1.622930276169689,1.3590435329039814,1.5754350971109914,1.5131544696507822,1.5137277353514629,-0.4659998465583409,-0.22993422182433143,-0.31829572452093446,-0.5690481879086147,0.04976454653960676,0.06560529692212044,0.14802499535650693
ANG_SM_d42.2,-2.507096419984535,-1.945408531047513,-1.834866074316272,-1.9396062423125189,-1.8237449553456933,-1.2052922265549977,-1.464389770457525,-0.8272023788808562,-1.1174376590210895,-0.5194031440931561,-0.7433068899833425,-0.9486097870559098,-0.786602527080136,-0.9092247600108624,-2.4909172639435533,-2.4447501322158516,-2.669522777190788,-2.0089647093533993,-2.5065897261037424,-2.1577649427734458,-1.8792045276851508,-1.9361645745448623,-1.7063798001554915,-1.5222956189003196,-1.6444230534215003,-1.7242312353524698,-1.2843940481676357,-1.1610592987792634,-0.8638192310725341,-1.5454032178277155,-0.96621384950179,-1.0766336947409991,-0.880865457828637,-1.1212173544812252,-1.0054701920458715,-2.675269105428517,-2.5045001159789204,-2.746371908600283,-3.0780520661337567,-2.176514264635964,-2.5166088764226817,-2.4974972760923717
ANG_SM_d42.3,-1.13279861999272,-0.5090661568468579,-0.8339579859291059,-0.8077795964267563,-0.7117868272532374,-0.13844331776490537,-0.2360742573094691,0.13242749823858266,-0.00980155404759315,0.22459873408234485,0.1409789757927314,-0.20224451841481,0.2790948932954862,0.47415432967478593,-1.2260907748953849,-1.1095480820076793,-1.0928650237063915,-0.9602277232803847,-1.0700110007052006,-0.8736631497661214,-0.6603411501242051,-0.6419201834414556,-0.5139529498308049,-0.6444610511050398,-0.3520906863367452,-0.4001844403877397,-0.2298179832941956,-0.1368828334296491,0.21540645329887603,-0.2645988123813567,-0.05928065004857572,-0.3059172476031669,0.01752575707951742,0.1724730111474484,0.32430639496452207,-1.127258859872312,-1.1516511658701931,-1.481841262108086,-1.783504802437586,-0.948339142565674,-1.024408744936154,-0.7845087041848328
ANG_SM_d42.4,-5.3778038243049595,-4.549646465231204,-4.581953302439315,-4.622556443074805,-4.546638556894423,-3.772922761661628,-3.8182761895669426,-3.6749860658410074,-3.6273589705080456,-3.4135950029511433,-3.4548572050339197,-3.695512565162714,-3.2944977688229806,-3.2259446850219144,-4.99301265191173,-4.827090610381015,-4.638338940822474,-4.669994834703195,-4.888647821820805,-5.036109708532552,-4.338937361050122,-4.549785861851134,-4.559051662333815,-4.485950802981461,-4.316254047911043,-4.297204819404928,-3.8627065914370378,-3.9852144171120503,-3.2722141568993592,-3.9446895111458815,-3.5710023672110185,-4.052747956690304,-3.2622270754954275,-3.2985109208854175,-3.129144980851422,-4.922714608914384,-4.578626246723648,-5.078127044529085,-5.400250227254387,-4.878004071919198,-4.7726132492408375,-4.2981330374552575
ANG_SM_d42.7,-4.860710914218409,-4.483415682952017,-4.427518439452154,-4.31087085428685,-4.580572808532033,-4.138763713378,-4.000851921244689,-4.5644481526519645,-5.020866452388971,-4.285519574425445,-4.220194314161982,-4.4731604251065695,-4.167440996665025,-4.353975654910577,-5.51114033198567,-5.1632384858492255,-5.358124587691824,-4.8879381193537474,-5.5265536616127156,-5.684214313164534,-4.8135540858238075,-4.88392285392016,-4.7140960551198035,-4.628308631691008,-4.047288901593148,-4.336563831226319,-4.167509753683619,-4.226731840338151,-4.285374724856297,-4.443949470181091,-4.426236476123414,-4.417422958532599,-4.022749754775559,-4.0334337694993065,-4.109925830608953,-5.135539801163173,-5.062936902920292,-5.541126258068652,-5.27184880993454,-4.8664003579479145,-5.115105743162209,-4.6902685331627865
ANG_SM_d43.1,-4.406794988076157,-3.7665437972441977,-3.686057234135733,-3.4354736288435026,-3.7225515067897774,-2.8999573693544347,-2.9309467689997235,-2.994628788686523,-3.1577225268561637,-2.774843984266212,-2.628908107397836,-3.1510223764334873,-2.887695305920092,-2.810294040482354,-4.257302485165742,-4.1732508879163035,-3.935503632569022,-3.4764684184937775,-4.339857106322763,-4.171265239527552,-3.4357278143355043,-4.165291850543988,-3.671968399113951,-3.7338071481864055,-3.4541198593345994,-3.655853608742639,-3.015965273521843,-3.0554148990687406,-3.162450468419384,-3.546576292059426,-2.9461305962008075,-2.744911396003277,-2.951969270978834,-2.806846130133545,-2.618679589623241,-4.408609963981321,-4.395478100582929,-4.36333404412778,-4.177380195226776,-3.9436666669058744,-3.533046847146327,-3.827988405235387
ANG_SM_d43.2,-4.054232741162816,-3.299356923589445,-3.8891107199646617,-3.582484776445018,-3.4432914336692435,-2.780924773036838,-2.8797501821418483,-2.4233690600435502,-2.461455977301911,-2.0140080193829384,-2.2266941005929035,-2.478259517188225,-2.3417292793229865,-2.0833081614693256,-3.7088980908882863,-3.93089315722898,-3.411129374421733,-3.3348041324311195,-3.6749439978975778,-3.399244733755826,-3.0415999055822387,-3.801453888678452,-3.587972832799998,-3.400728473761693,-3.3466080739200903,-3.313341251282622,-2.6788479682666746,-3.016899535067571,-2.463288353344842,-2.429425090400263,-2.1937497217469453,-2.475704832639567,-2.242646601348071,-2.222757775896263,-2.140333498826446,-4.157364932818955,-3.7633257399425126,-3.623127075623354,-3.7161073527379167,-3.287608317242022,-3.220912102826139,-3.273986154830202
ANG_SM_d43.3,-5.883013449705018,-5.745559006319308,-5.913917240622568,-5.606712339455899,-5.460768790643782,-4.590698603815478,-4.793459107474271,-4.518083561476256,-4.648656726182132,-4.0584675414521865,-4.405029878009183,-4.509325209545053,-4.511697922490967,-3.97741259658564,-5.901993097630514,-6.134876756433995,-5.58722510196084,-5.459565475757094,-5.795480148207272,-6.136126591061906,-5.209576291725715,-5.717486258828516,-5.790677599690568,-5.897409207739964,-5.635207958101459,-5.607680685060738,-4.783711913849804,-4.994700768280515,-4.405241653326547,-4.988725860838949,-4.45060378507359,-4.372958413528184,-4.38436119998067,-4.498718763030057,-4.269422647533455,-6.772600707373753,-6.396881413876308,-5.9835349163046585,-5.768437998878668,-5.858009112126723,-5.384191082323719,-5.78836104165845
ANG_SM_d44.2,-4.098656058159052,-3.3708943193428076,-3.5375520950628117,-3.3359000766528353,-3.306320910814456,-2.3029826024343967,-2.3482079099230178,-1.7263022709885434,-2.0990730615399404,-1.5190404959785742,-1.660246695161455,-2.0747790950133913,-2.025445361928158,-1.9246797214120188,-4.123349999895802,-3.9123632557308414,-3.930985776286382,-3.4182943661132783,-3.934415515602885,-3.739995751024298,-3.5246101175278115,-3.3729642290482733,-3.3121904656930603,-3.245591772523686,-3.653426146872795,-2.965026138677155,-2.581673104160371,-2.49577640688474,-2.0836737554991744,-2.504043252291161,-2.157559008442409,-2.0334386497407486,-1.9868435701864864,-1.835114778865416,-1.969863736377124,-3.695869826507426,-3.9480096653033594,-4.099589366816524,-4.066057631442976,-3.788981455225958,-3.947344685486284,-4.113082051354148
ANG_SM_d44.3,-4.933931761904089,-4.6323114883787015,-4.7093418550146895,-4.601087100101657,-4.389290503896083,-3.5461441927588,-3.6582406943685273,-2.9424963584458252,-3.235716919377347,-2.7327430053235893,-2.9258075260933794,-3.339527778374141,-3.177337976013038,-2.975439442796859,-5.302693898440377,-5.031289881821561,-4.96359015271247,-4.4904217119718375,-4.88586534292886,-4.712699271434481,-4.48939850313907,-4.22048828613696,-4.4045054651550375,-4.5115179158958405,-5.030605006146369,-4.269496270466211,-3.642333080464785,-3.8661203364345775,-3.2616219242393902,-3.971115012636328,-3.227666931812456,-3.258919252643183,-3.14910457219894,-3.012352385466809,-3.002110313746533,-4.7977226821127426,-4.91034997537184,-5.137300782035907,-5.185801698831897,-4.7976393940234345,-4.858120507097816,-4.740713359050494
ANG_SM_d44.6,-9.28456261898391,-8.267940645144721,-7.744359588662704,-7.857551561633959,-7.60210443235931,-7.079693321949447,-7.192979761734937,-7.765211119005752,-7.477227650407371,-6.983760809974139,-6.871203069415602,-7.412269410128916,-7.5591907024775935,-7.636322016238759,-9.831373619398748,-7.385911813267257,-7.504378650249611,-7.853623059063474,-8.446512632139253,-9.369087003656674,-8.18778208214582,-9.10707678186443,-8.25521357894197,-8.600732828610349,-8.561942249991898,-8.248656862634691,-7.466575784383949,-7.542400452014659,-7.3897892908386655,-6.7072354010596005,-6.932537448925055,-7.241980376000648,-7.0615255221968445,-7.494178633646862,-7.799355798164348,-9.087079921204127,-8.861148643557987,-8.768252413158613,-10.18385235932277,-9.036974075570182,-8.428742506218681,-8.71112553443847
ANG_GluCer16.0,-3.4916904805240407,-3.3804835881574418,-3.2072328958071417,-2.993919905657925,-4.034765324165549,-4.25753138887248,-4.297554270224795,-5.896409620089467,-3.8784487787311663,-4.717388128473282,-4.514079997263787,-5.166222024581339,-5.322034482468907,-4.131866980860169,-1.7938414560090743,-1.6902417452035,-1.9243227589679528,-1.5164268547229844,-2.0173670072353342,-1.7482026785131162,-1.4930968980646968,-3.3351882139474296,-2.90830085410094,-3.124417782738841,-2.1903665534281767,-3.4993626663583752,-4.320579685253981,-4.435415465259051,-4.252280514662214,-3.575202980576826,-4.617531178372678,-4.6579151810254285,-4.490294066628355,-4.509822644203341,-4.231362209242055,-2.401652126611935,-2.2662600960065635,-2.631574953111442,-1.636762743795044,-1.9906158683518744,-2.0883743940270634,-1.8104515882100427
ANG_GluCer18.1,-2.5493989909579997,-2.3997744555688088,-2.5656045841077173,-2.724932703913447,-2.9959103981886837,-3.1898677063363645,-3.0915791763770533,-4.945761487471035,-2.778088710932921,-3.951645377340508,-4.1548538900411485,-4.376911482876687,-4.491205812682597,-3.566341719665836,-1.6124381818269484,-1.3301836674050909,-1.9588348907901416,-2.0565870689475103,-1.5935248604742196,-1.4067956282216278,-0.8577640969283884,-2.2844382838033894,-1.9280923991266872,-2.520221452052567,-1.5295774684800538,-2.6189444852916384,-2.9792497384487686,-2.9006137009924156,-3.702937333224902,-2.24740308551282,-3.703651296436884,-4.219815310230211,-3.3410516041108456,-3.8614151633478304,-3.595383819504971,-2.0009886506758185,-1.8134504988360696,-1.9521606762611128,-1.1421817706251851,-1.5348746101765554,-1.3735150560516405,-0.7847859590344256
ANG_GluCer20.0,1.1623252671774902,1.3481646212471976,1.084150966870732,0.5352181561623497,1.1022335416669984,0.4212883245536035,0.4470700271049306,-1.901832203091799,0.342886680254739,-0.9006858199518194,-1.3673000745630886,-0.7796098357089754,-1.150556627404193,-0.7220390130776151,1.324121989158226,1.6225280269249998,0.7586861159538139,0.5856503910089461,1.1546153121927034,1.4068471358132344,1.5956215306115948,1.7039996126160328,2.1013042582709147,1.025129024005138,1.7960304887824023,1.6343551860829637,0.593535894340292,0.4743857205849099,-0.44121490266652647,0.4466026344572412,-0.6353639064082567,-1.231593370457489,0.3635034310683025,-0.18904899487390023,-0.4386104337261142,1.571288604726398,1.5374848073587677,1.140337336589582,1.926226199785277,1.9604297262291108,2.02755040531772,2.3467625673195345
ANG_GluCer20.1,-3.4017472423457655,-3.178145272097036,-3.7149740281180623,-4.204448440407568,-3.364959926723952,-3.800007354156188,-3.848114102910607,-4.991837778689685,-2.593328579140012,-4.15319425549568,-4.406500633018903,-3.818642482798187,-3.9526174590523566,-3.2618964175290026,-2.187477430764669,-1.870697916632038,-2.890284152903817,-3.134837079126168,-1.994201256858392,-1.9696821729526943,-1.5998583287227524,-3.060218303766624,-2.5341020447117053,-3.488285701492029,-2.6064460743647397,-2.982973550427913,-3.756723653553944,-3.973636071815718,-3.722295172580552,-1.964605924376949,-3.972839093195464,-4.526464212338854,-2.9107216152278528,-3.254881841299629,-3.4915566801234617,-2.133200075937065,-2.246431075630342,-2.553397147418771,-1.9495042325357632,-1.427180551270177,-1.2197555777880398,-1.0536401314578128
ANG_GluCer22.0,-3.778243741807642,-3.5119392875901965,-3.3998449914593447,-3.7398975354633057,-3.781930893408167,-4.179876235589799,-4.363559253466588,-5.629416684186168,-4.527434950211673,-4.97231862392295,-5.080080398925124,-4.9949917102940224,-5.201406613718969,-4.738014454031652,-4.012419760910821,-4.092321258624779,-4.347149770793269,-4.166175593853191,-4.236140861326941,-3.872755178537083,-3.542525117521403,-3.096828638174399,-2.8458520976814983,-3.5726448675479587,-3.167139542811332,-3.177693533292195,-4.367165275146809,-4.064831999497999,-4.542233760528678,-3.6338602608809953,-4.5845428737542955,-5.02250622099264,-3.852454464680256,-4.495305193826507,-4.695856583901597,-4.022235217128984,-4.122212673856352,-4.051780670839317,-3.190351869703163,-3.5888861720305756,-3.218532453405391,-2.964509324297866
ANG_GluCer24.0,-2.4182867485133626,-2.0508112596455916,-1.914455907336432,-2.2066158013741264,-2.659652093880622,-2.766783119918631,-2.5171538644468887,-3.550816554204726,-2.1232954742701384,-2.7283747937575473,-2.781813735112816,-3.06694010910404,-3.3550593717735993,-2.6451419182014475,-2.3748543896284033,-2.3817137730681517,-2.4852774608600785,-1.984447460027311,-2.661666565163967,-2.71020688620297,-2.138196745550367,-2.0220465159694916,-1.884834901896364,-1.8967634714957788,-1.5116182050591214,-2.102168645029616,-2.6285677450982936,-2.3908954994374096,-2.572934116920979,-1.818035526718748,-2.481975575111241,-2.362821833002278,-1.892117249943403,-2.784337878082187,-2.7594665770315463,-2.8127112458148913,-2.8406422931190893,-2.7677820448672574,-1.3017440790305927,-2.753616655032366,-2.5968354921039496,-2.3165521954695323
ANG_GluCer24.1,-3.2558549639242256,-3.1127220892641443,-3.23796580633286,-3.9247862984651096,-3.612533829891496,-3.905285720146048,-3.762186475804995,-3.965783374621005,-2.409648590018744,-3.438624084602165,-3.3900787403138266,-3.356357072807106,-3.3675974572854295,-2.7181072719985,-2.1253826996376137,-2.058162127056303,-2.3462522035483646,-2.3455698594866545,-2.424977765022879,-2.4101432034029457,-1.7071242588437403,-2.911400038048698,-2.7664494283521246,-3.31835668825367,-3.1193441653112677,-2.958494501071309,-3.843170919478365,-3.805372252461482,-3.3625944891113897,-3.099767010250046,-3.3968776353628143,-3.435642851646946,-2.6686298339372425,-3.308061755610582,-3.152677896587548,-2.535883956010467,-2.5877582431954886,-2.5971399912547977,-1.901663244264742,-2.449722307892155,-2.460089789271401,-1.8907524988521511
ANG_GluCer26.0,2.3254936832443622,2.5142938494107434,2.526156696654711,2.219227060207926,2.062617734958061,2.1985906602115177,2.6863914421504194,1.4896225762903716,2.8867406869273657,2.4872413106324025,2.5380184304628206,1.8625491426429996,1.507467802824867,1.938601797603157,1.4542062953646815,1.5827575240591645,1.3390805526694245,2.197278168457101,1.2357970770448692,1.1764826334236014,1.5228214677887006,2.3327284389426537,2.412032973528985,2.161653995526549,2.743102829592544,2.33068730929446,1.861867014430613,2.3411573200889153,2.363121787295906,3.114819239954801,2.622486522447142,2.8718885388945905,2.833481470339681,2.120982293315076,1.9496141884947,0.9647393035637336,0.7179174625914659,1.2024526850866395,2.6595787122230665,0.9319036539710258,0.8346811822733569,1.4060752785777195
ANG_GluCer26.1,2.0829606288967426,2.1927318785687135,1.9728609803284576,1.054045409030048,1.9459932602976089,2.012072388324826,2.0882434453452587,2.435393681920019,4.037251953336733,3.2207346401588617,3.0890870647851862,2.8726212774166284,2.518988581643156,3.067566209717928,2.5230308016944747,2.6390498923382597,2.3284861245384527,2.796420125481439,2.344672775763405,2.331490813809139,2.702202928515915,2.1514145836967815,2.287018762709722,1.7182149779631024,1.8509474729871307,2.206155437214204,1.7122784912707196,1.7626777731385952,3.0386838838572947,3.964647978989928,3.1658511825512212,3.2160171697424653,3.584172815049152,2.8428813177896854,2.772318943993464,2.2905118679390237,2.1198430548044422,2.237902067318994,3.3727465921345243,2.151043396683878,2.111392240117194,2.6242687413748236
ANG_GluCer_d18.1_17.0,-0.3852087571986489,0.07971341455619795,0.07098730070456911,-0.3406653253025896,-0.6173858736436988,-0.6683467364703961,-0.5643896329934422,-2.540673313660491,-0.2527890294402578,-1.50817540151155,-1.797914798745087,-2.0948630006362534,-2.038697877387271,-0.6913484397965,1.0105113899668337,1.3966664742971455,1.1484679093030206,0.8956495952014516,1.257867941119889,1.489400760158188,2.128530614540742,-0.1972257198915737,0.3378398355568197,-0.18315603772669195,0.5890196150898341,-0.3625946774045229,-0.7486822207628726,-0.6588059497160391,-0.8897540135166561,0.23628878659577637,-0.9164659911321892,-1.5597048620264924,-0.57129889617085,-0.8332361715717818,-0.4370221956835112,1.2722392831183276,1.3028837244667213,1.1813507185336356,1.779671674337794,1.4958733666527948,1.5696757466821634,2.125508031056705
ANG_GluCerd18.0_22.0,0.5423870028987,0.4683893065321801,0.5181493855835001,-0.04924529868937908,0.3832387553073471,-0.07260579738109438,-0.06042304671261602,-1.2563099944579563,0.4364889174993785,-0.8859314001603478,-1.4579678010770083,-0.8303839170338886,-0.999502105465638,-0.8495090560597297,-0.2572166826627314,-0.04038785919460909,-0.6177349666099413,-0.8060560609823839,-0.17307915020289005,-0.11934745459644013,0.05448839959400709,0.7018540919672633,1.200955938548823,0.4152889077509533,1.0582353524072432,1.0450837236438422,-0.17989691143170083,-0.08927564301664673,-0.3970410351404815,0.45677337207492547,-0.7090581499816095,-1.1332757917182184,0.24262249106278003,-0.25188501811342134,-0.5497256931825367,-0.03872420793389724,4.443910389325169e-4,-0.18849111965623092,0.4276550666514593,0.1873922126250708,0.20584783142461252,0.6778776577519963
ANG_LacCer_d18.1_12.0,-8.241922732462609,-7.772696426369818,-8.513912404792492,-7.404284464941892,-8.43685127687954,-7.9238080415744445,-7.756748448216382,-7.534168145567072,-7.534492842363655,-5.9068930277550695,-5.919777462149312,-4.703199939094584,-8.004913755370788,-8.530308181562859,-7.337950473285927,-7.678836370820241,-6.839955476860275,-4.827896223287261,-7.3077262397977245,-8.39193337346366,-8.158890745574338,-7.389252988505432,-6.73034581251804,-8.200614127246357,-7.293745711854184,-8.200368700692616,-8.302411638662782,-8.16697266078806,-6.944612749953026,-7.552261503153365,-6.945911799351792,-5.494314351045856,-6.846263666471496,-7.831683132736276,-8.550239158163386,-8.149102042944792,-6.579690677524241,-6.794173604158804,-6.577792578648416,-6.723659883164179,-7.970908128071232,-9.271129838532218
ANG_LacCer20.0,-4.22214452608938,-3.7594935978545942,-4.497544049481655,-4.281000487762307,-4.269950548421181,-3.59365377366933,-4.688250070321047,-5.163784801778911,-5.912028283394632,-3.8146626287784975,-4.288517056677734,-4.259431590932143,-5.14906364858965,-5.733229749297192,-4.208729622126839,-4.4983969835592585,-3.880615737983463,-2.449619392771844,-4.063861122803303,-4.770291004214258,-5.05697033817149,-3.612617630132323,-3.665757341780924,-3.9235371662275385,-4.940036632539394,-3.7507226361813792,-3.653555591547497,-4.0248677192076165,-4.762744090868628,-5.078852227869378,-5.015129956871297,-3.719005215052112,-4.549983550817491,-5.354288016160817,-5.743992801330045,-3.118504330761885,-3.0783179576173763,-3.4761935143265994,-3.7821388462094654,-2.769957816981048,-3.076516119153781,-3.892779854830608
ANG_LacCer22.0,-1.5822429564311735,-0.995609252270408,-1.2893172921300562,-1.230103621713278,-1.7330173715946384,-1.0220480124305025,-1.7292158911194284,-1.4335600531817707,-2.6469596161489104,-0.2470644661191101,-0.5351576632019387,-0.33050995744073286,-1.864876292814961,-2.235554461268268,-1.5519946879565434,-1.7753092456933663,-1.1662705839422296,0.2469046414579218,-1.2955031872977347,-2.323618912923757,-2.4077623187367685,-0.9945427123432852,-0.8684318467598687,-1.0927355402402656,-1.7874297864846622,-1.1804068737343194,-1.0272207592824012,-1.4362310846494932,-1.031588734962533,-1.7740422050516098,-1.0350379425409846,0.34465768275850434,-0.8121767021879129,-1.8129410156814396,-1.953165081132786,-0.5532705961314033,-0.5113100597566872,-0.515101511905323,-1.0043175306530907,-0.39553115066540806,-0.8260544253733164,-2.089046938522116
ANG_LacCer22.1,-4.706917870626235,-4.088471450600007,-4.677871717057387,-4.582276966060865,-4.474710424786165,-4.094061630862329,-4.858484359995502,-3.2982067839279745,-3.9900895635613063,-2.3858334152253344,-2.7874280996031344,-1.982158062504942,-3.838600151387556,-4.312258472416316,-3.6566699679836834,-3.610701390851877,-3.126976532725255,-1.7611118980112728,-3.222797072332329,-4.463081908489576,-4.485970120665417,-4.063082261235043,-4.082860003969514,-4.2505463142181625,-4.572263364509034,-4.054798205901811,-3.9357123737741464,-4.417688911897575,-3.0131184984122537,-3.982112902129083,-3.2632217348389454,-2.2555678399216625,-2.829515100033481,-3.7065776810135582,-4.046247010810365,-2.4887419745977524,-2.429422896403667,-2.65734429296161,-3.0148150024025053,-2.4078465209647604,-3.1283491930219975,-4.31937425550926
ANG_LacCer24.0,0.9939071842344548,1.6874846856640506,1.4621500807602033,1.8834772702784288,0.9221482383234856,1.663792405673172,1.1969328185148496,2.30020974160326,0.9768051240194656,3.282578834660307,3.164882530260661,3.761407558891735,1.6532482292949149,1.0820036183129491,1.7778385616813477,1.492410059250479,2.403396398935141,4.175943521191206,1.7464322929256175,0.8857619512287533,0.5489872554492687,1.435681725195493,1.749709111562792,1.7127169926537011,1.3172455207074256,1.252621667551414,1.601726287276757,1.233969327894918,2.4972977515952053,1.4489489380262692,2.5513182997746293,4.164489878296117,2.720450222744404,1.6697078698175043,1.4030828871316106,2.2722710587045163,2.4897557374608885,2.7193353332581984,2.692219817708733,2.3709787111441227,1.7020520331966926,0.5675724219261371
ANG_LacCer24.1,0.42132763029978,1.1326387362151578,0.7131624286270511,0.8068972902935002,0.5257145383082142,1.2233361451835822,0.3589683466431499,2.403368862603142,0.9621694018510176,3.033692767706658,2.7245548029001383,3.6576264603419273,1.580315760641891,1.1180750010913083,2.1921886971115843,2.0813816683845854,2.7264661355679287,4.274133269543982,2.185970678526396,1.3392483882164807,0.8642421103800824,1.0710783036389735,1.3708245129150032,1.068719354706621,0.23244306231098005,0.9181598918517369,1.2791472571248754,0.5484382287512026,2.2550313039762857,1.0736079344604077,2.018491673317119,3.453694958259654,2.5353535374183935,1.4673205859127494,0.9631292294191892,2.7496169920848774,2.9054198425470035,3.10009491150039,2.6600784989146815,2.8544426770128113,2.000492289664492,1.3256172415830787
ANG_LacCerd18.0_24.0,-4.624381922384731,-3.9127057815076554,-4.327383615443834,-3.917258770679834,-4.794264981678739,-3.761430655306578,-4.822412436280665,-3.5784276638438586,-4.56208086089989,-2.4179130206253827,-2.6636786537490753,-1.9491788379997337,-4.085388516348245,-4.70052602693505,-3.8177420034050975,-4.102923715434747,-3.373475609269644,-1.521616415246777,-4.153451677178693,-4.600158737603201,-5.177943853673109,-4.374469519581435,-3.811779659966884,-4.121490032945638,-4.419167811728892,-4.599130589666849,-4.032618585199105,-4.487356293580172,-3.104116251359154,-4.208398548109997,-3.2093757309780875,-1.486270097874622,-2.9053717800507637,-3.972823668774549,-4.343648877536619,-3.195773754051487,-3.313565242476286,-3.059805117958472,-3.145884997000639,-3.3242394179020684,-4.150879341678678,-5.179776241163936
ANG_LacCerd18.0_24.1,-5.156594501057511,-4.508205225575567,-4.478074657146634,-4.692209513990197,-4.9915452679130805,-4.179477415863036,-5.0032515869928735,-3.2411694356536276,-4.513225771451056,-2.3314512423847007,-2.7860251237664513,-1.4693523803960986,-3.710424800954218,-4.400482166323385,-3.338707064123852,-3.3415755597245265,-2.6096437108104236,-1.1658180206326714,-3.11674030150025,-4.397734596236829,-4.556858843248079,-4.264786709003957,-4.1389680997942255,-4.305330477243329,-4.8536178945187745,-4.4261400392091526,-4.1284721877104715,-4.772011302877007,-3.161104561968237,-3.689568423013924,-3.2648021736590818,-1.9259329061869088,-2.8917094403417076,-3.9328001620095647,-4.452503885054589,-2.577673628889297,-2.814234889943073,-2.6435413723665255,-2.783342177571744,-2.3809006192780493,-3.710691246388131,-4.309949210619737
ANG_Cer16.0,-1.0343011341657486,-1.6483134868580651,-0.988647295395914,-0.4404842234488568,-1.2019621772766464,-1.2586005512230158,-1.388971377635151,0.264181700099102,-2.119054768025662,-0.1015703826874726,-0.29050543914222426,-0.9853409697830476,-0.15292646680284652,-0.6832431313855348,-1.8178782828496365,-1.2150088894337727,-0.5839556475339573,0.8244054318049854,-0.02030631682269061,-1.2613457878191634,-0.9303481947357944,-1.0276219541176317,-1.6681619211087508,-0.9951732119356276,-1.4992055327282026,-0.8390842939318024,-0.8566239468224639,-1.9027447511990168,-2.127282978261851,-2.8087249101389204,-0.603035520570666,-0.7763304961939094,-1.7659454559924117,-1.3338721925934345,-1.4557547052802744,-0.6258228898078609,-0.8044359478581543,-1.90772902499806,-2.085248687382455,-1.146477327225123,-1.5888861422622036,-1.5044986709049513
ANG_Cer18.0,1.0607088817003392,0.5614106963597026,1.0787172731136567,1.226485525968335,1.094905422248689,0.7952999023466529,0.9959294122047256,0.6522875404002781,-1.759200850302177,0.2312072082678491,-0.30224517309492016,-0.4514123478219944,-0.45036086488843513,-1.009467749152669,0.3916376721676349,0.02065933235932055,0.38929985049861165,1.53749936504517,1.5744729584029191,0.4841632436363363,1.2690904071196814,1.348996319953285,1.0131517740477602,0.6406550936193451,1.3355909163694843,1.4304939166028834,0.8825258143548602,0.03785221432308641,-0.7692908385356242,-1.2577147564771385,-0.18830878722651723,-1.1584030649095516,-1.2440114648314349,-1.1404992102063325,-1.2986169647164647,2.390786794611571,1.5313617925379832,-0.4129164894353467,-0.15473484884156508,1.1452116410654316,0.32507681170381864,0.8478350568096398
ANG_Cer18.1,-2.4446199815568823,-3.3246366038160216,-2.3796593743853225,-2.989122614909619,-2.694778883728066,-2.817500028362236,-2.665020828354907,-2.868724418226292,-2.6334425291702077,-3.0973506780867814,-3.0600387532962605,-3.1882062300766276,-3.247888139354858,-3.6758523192137784,-3.1674191927220265,-3.2688585784353483,-3.3062621696734844,-3.072775608558226,-2.10237557260642,-3.5885036455403325,-2.4238872946498953,-2.3930382829424373,-2.7235944265495986,-2.595171648166432,-2.9625462302215855,-2.3295554996847714,-2.5152221107641957,-3.1331256341454052,-3.5574797726133474,-3.306236294905462,-3.3823131388800554,-3.8888882880644937,-3.3768173861721658,-3.9293773108905663,-3.511108022063985,-2.3682274288082468,-2.7356120410085785,-4.347007926793269,-3.490007971680397,-3.8077076266789,-3.559698891678628,-2.749054752498401
ANG_Cer20.0,-1.2847271658570796,-1.0396921767540004,-1.1634251506696174,-0.7338534177814116,-0.7971714522586795,-0.9180588978281116,-1.3452495682005865,-1.8137719678884607,-3.7643005642776215,-2.0681062434685065,-2.857465298061571,-1.8618576973405785,-2.0727150350046877,-3.2215223877501966,-1.448594293070417,-1.6292079004235964,-1.7905945691272442,-1.489787430665344,-0.887541122725704,-1.803225441453711,-0.6442540669302268,-0.3563629873479478,-0.9040962635201552,-0.7887125042945285,-0.4734933223105203,-0.9429068070965358,-1.1619338983283718,-1.5613885088666966,-2.628992600313895,-3.4991034764800184,-2.317297288385173,-3.0024967147038515,-2.2202198611023993,-3.011877637818981,-3.0822124276758993,-0.9292412443855832,-1.3151265303154112,-2.559899270171646,-1.8532486373519583,-1.2046933941625486,-1.12667161668673,-1.1283905049684224
ANG_Cer20.1,-3.12577033213954,-4.297534345642605,-3.448162323685129,-3.666191695246065,-3.4136722290962314,-3.686842559891505,-3.4442721230964306,-3.717817039553493,-3.711639798964676,-3.989113428489728,-4.587591928848342,-3.7300229385773584,-3.622826270727456,-4.528132831716503,-3.828668381991025,-3.981094787454756,-4.499442547843932,-4.3925697660051055,-3.2496466191079634,-4.153919247248316,-2.7127417455903906,-3.163385363255886,-3.547532853940507,-3.3515191817905,-3.6677235889995754,-3.6106794634461807,-3.5746018924914407,-4.256572314952015,-5.12808791569305,-4.092568164572052,-4.583985137372368,-5.208978385132372,-3.6392768046958657,-4.531004863317312,-4.506544130176204,-2.6732059735669065,-3.768661167943007,-4.342630928209748,-6.132121585406612,-4.1565378238156105,-3.3507630330129894,-2.7356237688801333
ANG_Cer22.0,2.0126981575732144,1.4531232776483172,1.678156659888273,2.097853162571207,2.5268039699887894,2.5468227399859713,1.9721789438596653,2.473971314612694,0.43732783208734577,1.7424918747154146,1.0844155580845647,2.178468475324767,2.1816755949744797,0.7664343380611385,1.105875213530773,1.043274685513354,1.6066530099119427,1.586600725508462,2.3181470857310296,0.9978820058526282,1.7335009428240884,2.7953472978806455,2.408039281729274,2.76208946576951,1.962694013863037,2.164651012525352,2.0702477278114357,1.1783246775328022,0.09895345834062752,0.8870910710298094,1.3809395687341544,1.048618336396545,2.139835025499278,0.6680748124016307,0.7967348008303538,2.6406545871095815,1.70151041920008,0.7816162622193484,0.3952983736837198,1.4916375899467027,2.1574008270866414,2.217987986205289
ANG_Cer22.1,-0.39087766937205903,-1.3604031000662986,-0.6360317383195248,-0.8465093829547334,-0.5043722491206408,-0.7114830452335387,-0.5292539751021719,-0.09344506954999206,-0.7011256028152248,-0.39317779448392937,-1.0493671470033117,-0.1730425951179026,-0.09782309650587424,-0.9494905189041748,-1.050620380366474,-0.9713898492511256,-1.044817791635642,-0.961040484944452,0.2407273295901819,-1.0864612749813471,0.02451923045150985,-0.2874869734985733,-0.6337147009255161,-0.4964185288572746,-0.8883330216884924,-0.8053664951922187,-0.8234669439357758,-1.3145225955255186,-1.0085973688977226,-0.8574418571278126,-1.157067051844046,-1.3585693376859678,-0.09896028407485322,-1.0382840346991251,-1.2076282504969735,0.38554038267629326,-0.18859797751914695,-1.1959765192892,-0.6725346212089843,-0.5066404656999915,-0.09073338709124436,0.3719681902106696
ANG_Cer24.0,-3.380704752970883,-3.870586100459597,-3.2710168517212597,-3.3348934519124267,-3.1534990353952037,-2.839140178585393,-3.0390657642217462,-1.8038171129824792,-3.5900985270907464,-2.6111400265956433,-2.745609425640004,-2.7284607358936355,-2.5661074771327166,-3.17882115960518,-4.92758618043458,-4.981072282255642,-3.6945969446210656,-2.660931480848168,-3.668639295441763,-4.709298405187392,-3.4024144337068227,-2.847151168973212,-3.747509936683656,-2.550754657927522,-5.333748273675407,-3.571355997694377,-3.0198471961079383,-3.782758102867612,-3.138479305589126,-5.526487242430992,-2.632652362053773,-2.578616294290729,-3.534909473983128,-3.730237292240751,-3.749491849672399,-3.0563941228188907,-4.5160455324436,-5.105349767653448,-5.129334421553817,-4.3426609487717975,-4.29016257620959,-3.8074394689861006
ANG_Cer24.1,-4.193385692242092,-4.214270315863769,-3.992128825511842,-3.641433546203025,-3.8601877217166023,-3.677913180389517,-3.835079354187796,-2.171977457081395,-5.281343228191919,-2.8326057293263305,-2.6303140609019677,-2.6607945342262336,-2.5139972271883977,-2.696384290581646,-4.2505178168682685,-4.387680967705929,-3.712221690272005,-2.897550517999779,-3.687202660387904,-3.986417078137984,-2.6678173677207715,-3.2967758761150514,-4.336708414337839,-3.286251878167859,-4.773836958701686,-4.169633296749421,-3.666112917467097,-4.376355985120198,-3.4495269847511816,-7.554478247458923,-3.189919241682731,-2.8543484095629803,-3.2337627028139253,-3.73734196576362,-3.524375316907785,-2.9144779303108534,-3.3154691086353387,-4.3622760398846,-5.156855263618191,-3.5746810764993686,-4.499624677237142,-3.7033575230021514
ANG_Cer26.0,-0.05815422766923662,-1.308240118184668,-0.45604980741360673,-1.0083258098500991,0.06887450720927486,0.3248329083340891,-0.14816992955830016,0.582339979343174,-0.9464911258207394,0.4670546448743731,0.15059505084221786,-0.2437734814817994,-0.8188153425272521,-1.0029528617853989,-2.13139029097969,-2.0478210666750134,-1.84789843039919,-0.4654214234054613,-1.1739088191912599,-2.146840837613485,-0.2151954459232613,-0.47170486152205776,-0.6433180191298942,-0.6098478170083584,-1.43854738429347,-0.4868640196931072,-0.3970944521554381,-1.1119732682244392,-0.4033763056648977,-0.48573893063484247,0.4752271999615597,0.0504621494794046,-0.04133549330145522,-1.1961516615130838,-1.354858138290798,-1.038823443363525,-1.46406798844216,-2.309264317999284,-0.2179350912143377,-1.498930027580725,-1.6203015682271915,-1.622938737786385
ANG_Cer26.1,-0.05218502296097684,-0.99739448742725,-0.9489933049039624,-1.5922628855125978,0.3212195016255566,0.7539536368873025,-0.3316379193365654,2.1684775461170314,1.244042123334678,1.457365534381296,1.3114136694803284,1.1611881146113183,0.9649231702449026,0.45798880805567466,-1.2903307215716573,-0.8871692572492702,-0.3285038479109031,0.30957633631677556,-0.06386023131453955,-0.6510253461777495,0.4147470351485218,-0.5038930534597901,-0.6724030973988537,-1.1264437970573962,-1.7589816696120717,-0.08049580900611819,-0.27741735707115484,-1.2647993045568404,-0.14868227091353442,0.9342176417947978,0.97604916198847,1.0283773984249285,0.3660442045044675,0.1904056707061616,-0.25925499736809704,0.7672680021689137,-0.01098296061172482,-0.770426166871243,0.03182606711823187,0.05347742842345351,0.01303843297033437,-0.01539210033728538
ANG_Cerd18.1_17.0,-0.848482797907464,-1.578657327891139,-1.181670664261566,-1.565587264749028,-0.821087276234217,-0.9004875297751491,-0.9361246261943966,-0.6430745096612883,-1.248227794804342,-0.8484819575963047,-1.7215040995061954,-1.5890960963486802,-1.0407456935896424,-1.5373614333561814,-1.3185608530319834,-0.8785098428810025,-0.8705574130783529,-0.7353950037036064,-0.3556437750158428,-1.1198354119350469,-0.30045167407094114,-0.9762972483053716,-1.0007880185076068,-1.2854794590669645,-1.326477558020272,-1.2828697978436043,-1.058844242739192,-1.9244162773617972,-1.774363419997451,-1.449540238299727,-1.5156524675980767,-1.6732847277973175,-1.188369854077052,-1.293395747519594,-1.7594533056663413,0.01955262963383717,0.13363884032461443,-0.973065657024465,-1.009473089565168,-0.35700221253630143,-1.0833786971368091,-0.17125026979337832
ANG_DCer22.1,-0.6600200762688933,-0.04142393994484211,-0.75446374709952,-0.37093549715411306,-0.37079510586617487,-0.8824043497492771,-0.3999476566756816,-0.01247678655929816,-0.6826940549839774,-0.3481994628249191,-0.5401176811596383,-0.1192565040147716,-0.4145521551657488,-1.2155275831420391,-0.7971187451956013,-0.07952089275591274,-0.4565822373308907,-0.2939706010748738,0.4317275457055135,-0.08106983808495867,0.0729334994452792,-0.12862670357275455,-0.02163543444284093,-0.34611923213684864,-0.45119234297621913,-0.6674257583639861,-0.8968386390905847,-0.6263205648302129,-0.48592608420086136,-1.0206818294625777,-1.069904358151449,-0.8023635280255184,0.05652303973282389,-0.9223349950273928,-0.8443038884508598,-0.05631919438606075,-0.3946732940503685,-0.8105450587500896,-0.6870755712778389,-0.13175070855873333,0.16067196826718996,0.5522278518469614
ANG_DCer24.0,1.9350212431446436,2.761662788137017,2.103386254568383,2.077453954227941,2.237165541934407,2.203751729248638,2.406005857143661,2.560259129783283,1.538917270221875,2.2309993327219675,2.0868216824883254,2.157510545883586,1.7865572158748515,1.9381198805993232,1.0647066887368335,1.432218143907453,1.318331757821971,1.8609420762272113,1.9842957482001435,1.5855166582766578,1.7261467944432132,2.64164642005799,2.5676414328417265,2.194331967694786,1.9650982240611117,1.98035404107172,1.9482088254332957,2.227655950659147,1.5745550487625095,1.6186524441210148,1.533442502852315,2.142474639158715,2.0170224712873193,1.4038743643955858,1.7375665326522494,1.6325751194066076,1.559700473112421,1.279640501243809,1.2486745127408465,2.0193938087370022,2.103129936003502,1.8678325957915207
ANG_DCer26.0,-2.4922118306746213,-1.5726671288061036,-1.9074970711662929,-1.9723273923346272,-2.402116243197892,-1.5901051070348875,-1.427902114718221,-1.515784766806518,-1.6291447637994692,-1.690288046670328,-1.8313122833259172,-2.16215103043972,-2.7159396821771193,-2.2869605358226592,-3.6602819393880015,-2.609373771053406,-3.202976873322467,-2.820837741021061,-2.7395654538578262,-2.6143665152520943,-2.647094157382147,-1.8035007040101527,-1.8250362144281649,-2.3584242062364495,-2.2868269750114707,-2.342664300576652,-2.057699485464211,-1.929090390391676,-2.099693020193838,-1.9056677865207363,-2.554657886506937,-1.382050150808256,-1.5944891796938732,-2.6130658959926234,-2.5938547326330923,-2.567066939980326,-3.293460424066686,-3.6627444779730127,-3.340405623839081,-2.7150687831804765,-2.780856796970255,-3.09916681145763
ANG_GalCer24.1,-9.753347057660804,-9.782643961128109,-10.669306876365312,-10.25992754353616,-8.273726686610258,-5.539343934025562,-5.334212325170017,-10.960978625990991,-9.381904458465048,-10.08743112234033,-10.782655373021454,-9.553287526446718,-8.054901698444983,-6.464749646869788,-12.241641159998505,-10.996811073202442,-11.703498943796014,-10.41893315996721,-11.01950752389473,-9.182247496871714,-7.209452337593876,-9.654371184371795,-8.260928795298252,-8.541665741003008,-9.259937939981636,-6.98026254253483,-5.209825096239661,-5.100473061000937,-12.560607576666415,-7.801783819378134,-11.11201126894495,-11.251941570269786,-8.654147778866058,-8.93995940955512,-7.366165800588384,-10.792708109834637,-11.963990767631984,-11.311486878783398,-7.91576912406951,-8.412354736287947,-7.489294857915044,-8.385415371170167
ANG_GalCer26.0,-3.6229204599686704,-3.000279009618588,-5.0568628225852095,-5.150648666018356,-1.6895913263603883,0.5292006143000985,0.5555780888161295,-4.363940702933774,-4.925771223234896,-3.762289245471515,-4.407710538545076,-3.91801955715567,-2.3251810995775943,-1.8814927402383053,-4.934123504534349,-5.118613734086698,-6.396909274102245,-4.246096656396586,-5.857368147775021,-4.408753506014514,-3.044285166505065,-3.1609731155048566,-3.605280332681611,-2.611189082354161,-4.165984682884554,-1.9105691918087029,-0.15404814278860005,0.5801908365659425,-4.8005004896103625,-3.356668413175036,-3.5403796495390893,-4.1059089853324675,-3.767399494351246,-2.378775533134185,-2.2675322597720986,-4.916379754435027,-5.216019305000128,-5.27960476223551,-4.365753068853643,-4.133979151257839,-3.5001148769443335,-4.980815936561319
ANG_GalCer26.1,-4.268349940374253,-3.7221654497183816,-5.468136578396008,-5.2126215195079615,-1.6959484963133478,0.7030956918444368,0.7215391902134372,-4.127275127400036,-4.071827431429392,-3.641247966296437,-4.32890360077741,-2.7944534024057592,-1.032778483798234,-0.7202404623596456,-4.997694610549868,-4.453304862042301,-5.477656428064805,-4.033264385680069,-5.4633969617514655,-3.6151562828965047,-2.3338617453182753,-3.7233634190907585,-4.202363179838156,-3.2980178698393807,-4.002493720985446,-1.6328443202055911,-0.01861988610247683,0.6847329906915265,-4.817009665983404,-3.4172351303749275,-3.789632853838772,-4.608130290111378,-3.061197785321554,-1.6149691904972794,-1.5239373429264371,-4.672085517248372,-5.066209696691348,-4.95119089988497,-4.279925262219894,-3.8287552014213646,-2.7923320540997247,-3.4949140557465452
ANG_GalCerd18.0_22.0,-6.335507260000853,-6.555605419387091,-6.789812668564782,-7.059815411200257,-3.70745585801651,-1.833298315216012,-1.9499639369228616,-7.683682727080358,-7.575086388972749,-7.465214623006505,-8.979290758278061,-6.2131341949357175,-4.803489351382158,-4.802000680165028,-7.290598113496366,-7.874056686052437,-8.35421757073449,-7.63503309796922,-8.006535848735988,-5.795841579502894,-5.487381164284251,-5.920755263766114,-5.470624912190614,-5.667071868447069,-6.1983088522126915,-3.3979107195000475,-2.3461808994470066,-1.7510379602320487,-8.203859483585001,-6.496226654949683,-7.996508137704615,-8.719221960166633,-6.624487323698983,-4.833087287524097,-4.8225908708429195,-6.321548477235821,-6.960558709515427,-7.421980211167028,-8.925221874381636,-6.085774437651877,-5.224812718941272,-5.584369509126562
ANG_GalCerd18.0_24.0,-4.7285993528330765,-4.780201865492133,-6.0063549744315425,-5.574260013204779,-1.9905130706168368,0.05821519774773419,0.2206823807888854,-5.467118741556152,-6.023553683192821,-5.332919432492562,-5.7940372793705555,-4.323200075766478,-2.8252512499790075,-2.3311907454766985,-5.648012667454745,-4.991576204026394,-7.331815015047082,-5.001591915212933,-6.629922570027273,-3.978397977476735,-2.9960939435644827,-4.404163127324017,-4.520703831041828,-3.902959404108616,-4.716551648030974,-1.7934917334585094,-0.41373349945116233,0.41905220540719545,-6.0405661603194405,-5.011906184192259,-5.104006762314856,-6.042093595147104,-4.6234090593093375,-2.764406770429015,-2.7210736999106513,-5.909986390283826,-6.420154001273887,-6.123828656012715,-5.002662960668018,-4.155009278233955,-3.771367367704872,-3.915037094460429
ANG_GalCerd18.0_24.1,-4.983728236925669,-5.005986267209186,-6.440768028684291,-6.310692809095145,-2.8197600517295656,-0.5113336136448327,-0.44248152452054806,-6.137253053480732,-5.218765837774716,-5.775428544589562,-6.335040244487655,-4.284882424507574,-2.65463482928656,-2.0967315681985212,-5.422284432599791,-4.445009648114793,-6.86764437839704,-5.060666780330554,-6.1967673601314175,-3.9856462227704106,-2.6939298273623864,-4.596493070778013,-4.569417317421491,-4.291348432250435,-5.417926532934848,-2.0354346962238283,-0.8283804917391627,-0.06302439132365519,-6.4409327738661615,-5.409757426229786,-5.9711062126960694,-7.276389715195019,-5.097101052703718,-3.2257069243794945,-2.914088037401387,-5.778431520352195,-5.956897841424622,-5.765694831786119,-5.396499563867744,-3.9030400189503847,-2.9344399019454763,-3.441455650085707
ANG_LPE12.0,-10.204901289256384,-10.25641949127921,-12.240880796956498,-10.461701644853951,-8.425026355068095,-9.344100095915447,-9.381448836444036,-10.696388397174632,-7.35937915964067,-10.447695940241648,-9.956477621559152,-12.2284111476668,-9.931308101707748,-10.253544881358122,-9.054220771625332,-7.856969941482764,-9.017402616407011,-9.705593308284174,-8.572560786011376,-9.92962791784976,-10.342015285110415,-10.344495864141264,-9.44732126711719,-10.558298977864608,-8.126237455266336,-9.24687858247576,-9.23962414993402,-11.524268431967876,-14.16825979953182,-9.293576647798409,-12.087688274429109,-9.81941135645187,-11.495818000837044,-10.738752898979328,-11.014865761550825,-10.548714696299283,-8.74209461125897,-9.35020772478361,-7.600618359902213,-11.335888541693356,-10.356921838139922,-9.056380903855024
ANG_LPE15.0,-6.744439120807693,-6.568207959406589,-7.820054848657477,-7.338119447933795,-6.423217224801535,-6.491316185551195,-6.868299619563672,-7.28891292891805,-5.810727213011625,-6.653524985006402,-7.3075734443158655,-7.381128478076935,-7.206962729573844,-6.171304597889131,-6.377250786836322,-6.117889691411297,-6.732131556922615,-6.531552900774747,-6.620971771420384,-6.3837443052821055,-5.6582822176530305,-6.533538758212228,-7.942611181123351,-7.248793732519474,-6.706541137210363,-7.632526545122513,-7.519256697327306,-7.690016611353795,-7.80586797494634,-5.064353307648129,-8.045897231942192,-7.431119876745314,-6.854767330707939,-7.60393177924525,-6.916484492452464,-5.881930565502264,-5.821841702106988,-6.347322657444152,-4.644863687163697,-5.785388555691688,-5.245817767295662,-5.53408299978293
ANG_LPE16.0,-3.5499464744659184,-3.371506237184299,-4.286895237184894,-3.5774686734845176,-3.315653397057148,-3.457545539308675,-3.8880703333414046,-3.78349520197013,-3.25210773544596,-3.5367574108977884,-4.434412655381962,-4.239068280582035,-4.13731884830515,-3.2310334598492316,-3.956061458282299,-3.868995572241084,-3.5169605738902647,-3.0927608140296288,-3.3410883771930195,-3.53580900198276,-2.8167184382769928,-3.093172194333363,-3.851188368040792,-3.687558129442928,-3.24484087873921,-4.531556914890133,-3.356218258620148,-4.205581407200831,-4.252636439761191,-2.737633655943421,-4.564636160737425,-4.597743973644063,-4.310712637943278,-4.49863411957525,-3.958664723488933,-2.896480121194434,-3.221046810402292,-3.3538575333660257,-2.034185327708553,-2.869999803304108,-2.515435251326755,-2.905268476504351
ANG_LPE17.0,-3.6933149922251216,-3.035193723714545,-4.0305928087996845,-2.4902342888236655,-3.0889077432543406,-3.150416624239699,-3.5723864335785507,-3.853043004159565,-3.678621332005586,-2.9826825399966146,-3.699053088298166,-4.441835507588338,-4.221706663380456,-3.043183252835146,-4.272223665840027,-4.1504010274420144,-3.667632586324484,-2.8854929408479983,-3.191303816131363,-4.015802941923687,-3.31309576769237,-2.773393275763636,-4.248243261984269,-3.254027465629038,-2.850283385895118,-4.085644970693973,-3.290884771836318,-3.894648903138139,-3.89245785178226,-3.120905433259676,-4.2613082811425675,-4.196939940492888,-4.496921030745571,-4.280769931681468,-3.797314869014307,-3.4490830891065367,-3.6011272447415603,-3.772952008011543,-2.7848553545247134,-3.29702622965515,-2.775714812181455,-3.7637969400636506
ANG_LPE18.0,-1.571388163869306,-1.088164881185408,-1.6674072159371125,0.03128034672088724,-0.986310180217967,-1.2076163572243688,-1.2022141852419097,-1.6121825263346454,-1.9770263944937525,-0.5711011208649285,-1.3591504711731532,-2.5327140030115687,-2.3915665555298435,-1.1933130398898235,-2.429268736251943,-2.1808503353847475,-1.884335527331708,-0.8764888426483716,-1.249924858037298,-2.6972498590372744,-1.813073631590018,-0.513766571180302,-2.2070927443982917,-1.0038269965863265,-0.37754492860562167,-2.4102365468565368,-1.1075760113573667,-1.732099930761461,-2.049537068129406,-1.2665694268029015,-2.1546156333255424,-2.0014280075931756,-2.802977849809522,-2.6907159502014433,-2.0699829706050807,-1.7540912620049272,-1.925448220466182,-2.0423129137871516,-1.3301561548407814,-1.5893402420547904,-1.191481847767461,-2.3563921131812124
ANG_LPE18.2,-5.337812210643403,-5.1238929486253655,-6.019566194188006,-5.961566797293898,-5.3395189013241104,-5.6778903516697445,-5.5532193858071714,-6.107824919238619,-4.283257817759334,-6.056975326972214,-5.883677953844009,-6.092035403931628,-6.055294912829487,-5.501816115158658,-6.109413620164874,-6.250957989433095,-5.951274967520922,-5.849117994545749,-6.092449396611688,-6.014649146438173,-5.246214282714244,-5.389445120763822,-4.988788426335776,-5.745716345102107,-4.720014337234727,-6.022674337998478,-5.526187826403878,-5.303875535739736,-6.25353452581833,-4.581848410114013,-6.4166695859502285,-6.058998817836523,-6.244852843879496,-6.433683387309199,-5.5370044289843,-5.574982451193972,-5.412137913019432,-5.423470589026268,-4.2577818757231425,-5.304566697321203,-4.917189680480902,-4.882519479427262
ANG_LPE18.3,-5.344926329427853,-5.336755611591512,-6.310384340197994,-6.422176380618168,-5.556871186059481,-6.228640608524447,-5.844354188807143,-6.486394940842783,-4.937180098629003,-6.704145817791342,-6.110996675893246,-6.517266485458215,-7.1406954122972675,-6.570842372993905,-6.321635428266772,-5.929987992777205,-6.74625834381078,-6.6097750133326425,-6.120966509832201,-6.665061637392354,-5.877770204020158,-5.099365362594936,-4.796098273873326,-5.908175737823389,-4.616505815872808,-5.675075445606064,-5.920083994469897,-6.06897916778039,-6.582391050424596,-4.68792793205758,-6.883170594113287,-6.390165824199262,-6.617364147967024,-7.161461800898294,-6.608378284274653,-5.740104098706052,-6.240811237055241,-6.271408201485192,-4.87466263780524,-6.132986831809592,-5.938548037929561,-5.867357608524354
ANG_LPE19.0,-5.142108048800727,-4.771666771948877,-5.591761419040915,-4.312000156680739,-5.037746040965539,-5.125331671495459,-5.124273058439743,-4.813247952376962,-4.827391268750664,-4.532895568578194,-5.096553355569387,-5.587864792693921,-5.491751857357547,-4.656006549802499,-5.317892748968853,-4.996842545136109,-5.152719052464159,-3.912698627980061,-4.5449994218736025,-5.238726817875087,-4.597938894280812,-4.478400000339986,-4.517862935228443,-5.235428194960435,-3.7736736169462817,-6.075739437550749,-4.777666013185444,-5.749720148266204,-5.615339551365653,-3.9129799085249424,-6.013525497512188,-5.488860219867629,-6.48359742042532,-5.773829100969836,-5.1255087509365245,-4.1945754879984225,-4.388750173782795,-4.661976812797025,-3.7117776276467502,-4.078837177152411,-4.142038927014314,-4.665021302893117
ANG_LPE20.0,-3.481330778587657,-2.938793566034779,-3.783767756140231,-2.58838067652495,-3.169187328421741,-3.368252533621797,-3.641316938197354,-3.99536967227855,-3.3972925504642095,-3.8651662626801264,-4.469040028820935,-4.670568938111689,-4.666924118490842,-4.028840392013262,-4.603599624142155,-4.265572524652276,-4.956384745800952,-3.66527017651935,-4.2320184209710225,-4.653318283341621,-3.9107628155114535,-2.518625432971581,-3.744499020785968,-2.9432378147931466,-2.280053612434407,-4.159388393453004,-3.2022576255908244,-3.642641402471629,-4.596543803656183,-3.124967650383179,-4.957850090619976,-4.9007183973348125,-4.689963798510359,-5.363316968102675,-4.738637580032985,-4.0950073703003795,-4.246450747858764,-4.703236160041103,-3.8205492025569177,-3.851548586919323,-3.839139605310022,-4.304316835881862
ANG_LPE20.4,-4.3412362539102185,-4.295738631540667,-4.439121694444427,-5.349740178031622,-4.00857603645709,-4.255910288594064,-4.05488501919274,-5.195753196505012,-3.7725278054346334,-5.774875786647783,-5.773878542008973,-5.172305227218262,-5.411824083980282,-5.5340695149653545,-5.009093214076474,-4.579830028862831,-4.9662962339695484,-5.5302939454045035,-4.728867175657828,-4.888227872318627,-4.351064230646948,-4.318281093039304,-3.591034397531552,-4.831679881429783,-3.5259755641251616,-4.6370768417717425,-4.393474688966975,-4.501233991284408,-4.980069993763906,-3.523525028231152,-5.504780151556758,-5.6236648466255525,-4.927419102077401,-5.623843608212254,-5.23098171249133,-3.9790091240264474,-4.184445726828415,-4.458391435047832,-3.418064447309748,-4.152565479104207,-3.994231369250176,-3.3943134573697833
ANG_LPE22.0,-2.66901404685462,-2.504246388858989,-3.0675215827714037,-1.987396413965666,-2.753645377501383,-2.6502677974492115,-3.1086451598207945,-3.5214699414032067,-3.3516031818834313,-2.9418531331579443,-3.654191551832269,-4.306070268831004,-4.258944097489399,-3.3892163850660486,-4.342217000212087,-4.089717901578224,-4.321509651113985,-3.304706438512767,-3.953678969928226,-4.376595463309959,-3.967411124275485,-1.9843060721305312,-2.835798173936446,-2.4444384422999796,-1.5270482278200894,-3.2706405301914834,-2.4946928239707344,-3.051849527445779,-4.057667781742875,-3.398877633512181,-4.129354764635094,-4.189501597207541,-4.31598151255413,-4.88704876942032,-3.9275640663388023,-3.937576746113877,-4.428215165469702,-4.6180098505605365,-3.862435235548894,-3.9833798047899296,-4.01599979888575,-4.324458614623282
ANG_LPE22.1,-1.8307704753435845,-1.9265598616709243,-2.742604273215129,-2.811690829132072,-1.5884896326948923,-2.3934903186261742,-2.8081407231047995,-2.624676369408758,-1.2577493743026618,-2.826821028370558,-3.1569790534676763,-3.033064876998715,-3.4059568271698732,-3.0513334536901615,-2.9346873726135008,-2.6552830581317473,-3.018227687558058,-3.2083671178686903,-2.5415919834699183,-3.340676881728526,-3.1079994581219115,-1.401514298792703,-1.7314412581106762,-2.3991858586639525,-1.4502122039229193,-2.029589228866071,-2.2789336211442697,-2.8516340764495496,-3.1757940390041233,-2.1499490809387516,-3.9266861224829057,-3.8142951818730415,-3.436748982068602,-4.3785457439739,-3.8317174070482434,-2.432272688663684,-2.9863119784228487,-3.9145963279348184,-2.860779787101912,-2.797363688936725,-3.0106935855119255,-3.133248537595746
ANG_LPE24.0,-1.027198982732247,-1.1446004851906204,-1.251432332642796,0.19686198807887187,-1.4530716433314763,-1.5073665938096967,-1.89256688039263,-1.666437917501728,-2.49185828562142,-1.0339157658036646,-1.5378267579577196,-2.7532023794488767,-2.8983368919245227,-1.9164798589352856,-2.4055247040138372,-2.753783130500254,-2.731519656507571,-1.0587975745493656,-2.3267632344544804,-3.1401185981343396,-2.7498581543392335,-0.3431669439394545,-1.4630410371995817,-0.8616701568873333,0.8262927779157283,-2.0051166369184155,-1.155432556144859,-1.8120748013509127,-2.2261546297961483,-1.862847625385152,-2.1556025788434643,-2.034695177668187,-2.8924409479320334,-3.4206163360161765,-2.663652143089812,-2.694296485249306,-3.398225894006516,-3.295461490817458,-2.8633512634429463,-3.125827332302298,-3.185783762364471,-4.0715267421165855
ANG_LPE24.1,-2.8464827130798875,-3.031898406295813,-3.1274899332270056,-2.5593439061177614,-2.989307041073988,-3.018280153116203,-3.469284384824798,-2.1133975201343365,-2.753979706827321,-1.7435225362489009,-2.675108514105138,-3.4026282836477044,-3.357537285280921,-2.648212565427251,-2.990757300253239,-3.1702549290927267,-2.9267094192082306,-1.9238683841053037,-2.663352147245133,-3.685861521585028,-3.2352955724210206,-2.0382924108553264,-3.035922149892956,-2.924788239975908,-2.075146070989753,-3.3061316143395043,-2.630964848342249,-3.206137174151161,-3.1288713898804796,-3.284674044256546,-3.3989350850026088,-3.398989670952393,-3.9285225230667584,-4.612098089714917,-3.7130597367336593,-3.223711282737028,-3.706729173691701,-3.732073609172348,-3.296668061587535,-3.770439777871872,-3.830912538789625,-4.217294290580747
ANG_LPE.O_16.1,-8.240245861183304,-7.919569635778728,-8.584417947167651,-8.218508750187626,-7.545496164476958,-8.306482059332804,-8.72828230102655,-8.447788066435326,-8.973947280621106,-8.632108714353663,-8.528936228866925,-8.106979244449093,-9.197757505075325,-8.515817502497754,-7.904325022446855,-7.340664261326681,-8.131840435171528,-8.692357578916054,-7.799471842585158,-8.24716962465473,-7.99826702690263,-7.365930165759254,-6.703538621404865,-8.874354519809863,-6.7216952674627795,-8.007849431827236,-8.340719798387981,-7.796856632490049,-8.798167411173917,-7.963952345974399,-9.681237659997574,-8.321220193398862,-9.70581579281249,-9.551989090930562,-9.153708431266075,-7.883128027874558,-7.818217023483489,-9.480498314188775,-6.940270559144295,-7.4330132422901105,-7.837961543489855,-7.607649303074316
ANG_LPE.O_16.0,-6.71408290429207,-6.67290423544793,-7.639863023692936,-7.183329094220545,-7.05663782907119,-6.436884581002431,-6.756602637051095,-6.933260018636527,-6.002544206173993,-6.903579188723433,-7.670033555442596,-7.393919821982664,-7.729607805362835,-6.432071543512264,-7.300573318888324,-6.798706991383142,-6.79223423917199,-6.504482338470323,-6.953820893835537,-7.028842660554758,-5.771691055116128,-6.569054129853576,-7.0574669474368426,-7.142755261156902,-6.145998422348791,-7.57020262431478,-7.1913185360670555,-7.647803103688246,-7.570952537882763,-5.963966934817292,-7.799601690292143,-8.100869003696523,-7.549913832521294,-7.429254535259892,-7.451378397636862,-6.545533493157541,-6.965909874371496,-6.661239382530121,-5.313272251414279,-6.354751505895286,-5.6027045922554635,-5.940460470024042
ANG_PC14.0_16.0,2.257793394719696,2.242867304856983,2.432705164404331,2.4072045273995064,2.241399805003367,2.4387046220530917,2.1908091217631833,3.010119756957415,2.047108185138475,2.0185151173236826,3.0172904897484827,2.6265091517142145,3.025372519849631,2.499720695487351,2.94505699079833,2.7220605366733666,3.1327674278817708,2.923473592516202,3.00389496714996,2.9128367879365946,2.7624902521534964,2.070523835153819,2.0090627101702005,2.5260701474191523,1.7399786686217251,2.2624203788647557,2.3162169124264795,2.224743535546198,2.7340769004645407,2.3261138936913235,2.9906674455152165,3.1582183391399328,2.454399801721723,2.768869110285241,2.997073477775055,2.6335357302467086,2.627628596778975,2.9968056397692706,2.77867530979764,2.298774688645127,2.4759334107810105,2.6565888556639496
ANG_PC14.0_18.1,3.224972058037905,2.9301082175888244,2.388830575893786,2.154581611824712,2.7404090185818712,2.5829686083771692,2.2042779776532093,3.1251146113658,2.299983127076968,2.4687699082346657,2.1947382755785845,1.715397694697239,2.9356966075386164,2.650957914535789,2.273067055622424,1.9007912025112907,1.7670579333433492,2.264545974710062,1.7324910208960045,1.7849755468034454,1.7919839691483788,3.107292049109264,3.1562298273931804,3.499958095890118,2.7838889186067663,2.3688255037762165,2.752391768872198,2.3413128457953185,2.4158558888152486,2.7200833339969654,3.2827920900625416,2.2704596858964714,1.7851553141242469,2.091847748459313,3.2135288408359535,2.833124344613788,2.4308253159037063,2.542345157048214,2.398907553021157,2.003101197870409,1.6966267350043227,2.2497567455164895
ANG_PC14.0_18.2,-0.8843150849403207,-0.6774859314805602,-1.3489032765854092,-2.134628070238022,-0.7822939442619936,-1.1327688694030704,-1.93898813617437,-0.32008336250713126,-0.8649846686407023,-1.1628593554256508,-1.4687780419324876,-1.4286266853340055,-0.09615521939281776,-0.8796559405258032,-1.303021972041995,-1.2307496501402329,-1.8407615383136915,-1.7095810930355493,-1.7840118784310832,-1.377553066648913,-1.71286783447345,-1.0065068118915703,-0.6087065280630186,-0.6057580651698924,-1.500869361586752,-1.8048578237449409,-1.2334632845028342,-1.9847527938406808,-0.8340032485086859,-0.3679186888629511,0.19724754826648297,-1.4925192497860542,-0.8245164137973567,-0.4690358726103382,-0.08774049041167772,-1.0058751453742802,-1.1020316792112423,-0.6825250140341117,-1.3911557195367967,-1.4816886818105652,-1.557557926810264,-1.0677380941009915
ANG_PC15.0_16.0,0.01837557034192209,0.3416590044174681,0.01508398102775991,-0.7087351208068084,0.36272453636546126,0.02819402126798333,-0.3872362725057016,0.9910230020560722,0.413624025055596,0.43053258516154547,0.5201057047231463,0.5981044141716475,1.1235712804624427,0.5923085770227469,0.8791951954202971,0.958556357843902,0.8509313312263977,0.5140045889778768,1.028410665507974,1.283819050412259,0.9651501366282204,-0.13865214558387723,-0.07518903458151083,0.01778804976520313,-0.464383359771578,-0.156733846403138,-0.16729050241701768,-0.5840427472037248,0.8807805719291709,0.8337849857500745,1.1547765763275477,0.5713255561501126,0.8628297726116196,0.9363649630042208,1.318874980000868,1.0874180786906935,1.3800916628079936,1.4854321358481066,0.682555681860232,1.234438589128991,1.5641469338039828,1.6585785016039345
ANG_PC15.0_18.1,-0.286924666344529,0.0466879949023387,-1.1645393987099684,-1.8667497246969824,-0.06848411874891236,-0.6787527205274652,-1.4207136383649392,-0.6471466250004829,-0.9161418196285264,-0.7823678848741525,-1.174648934923166,-0.7146518922555068,0.0514376035710108,-0.8302616160312419,0.17814573304979528,0.2217111545138852,-0.23263150042401687,-0.49511459999248847,0.13791245084919548,0.7126616298241645,-0.04189295081993843,-0.6031303413137327,-0.6528255589451977,-0.555948164884542,-1.4622145038245604,-0.7991556920834864,-0.5362908245260826,-1.5059091916104974,-0.8105823195507796,-0.02756960835470444,-0.3135717576810289,-1.2170354098719507,-0.6019973467326747,-0.23463237702399375,-0.324385007849492,0.22346816327636368,0.8892917570953902,0.8106089181262209,0.02668768900157606,0.7322678399418501,0.796941663340726,0.9658413806838068
ANG_PC16.0_16.0,5.808157777703404,5.815265669611271,5.121219773577911,4.671418054010335,5.653210950133945,5.5339658703772265,4.75584731782169,6.501030563653226,5.446879832416066,6.121594225764669,5.5428778163349115,5.336115548136406,6.292385678039253,6.011471749811742,6.094288572841088,5.7202360355025,5.533849108530044,6.141783333778259,5.669536876279588,6.2230682332975515,5.965559328433604,5.702899512766229,5.616868114140517,6.02993123016269,5.29857727021288,4.992222661995935,5.524407789919615,4.6118879788535505,5.892848256594001,6.048498685796148,6.548202995379998,5.715715525926558,5.417210214835536,5.818652031291338,6.397141673217152,6.337494189941029,6.25004678665889,6.491593013026129,6.123143506943865,6.172263508038334,6.311301867710243,6.514794729841092
ANG_PC16.0_16.1,3.1454486988445605,3.0607639991635223,2.634216610895697,2.6679751151915903,2.917131743252067,2.525379319667458,2.413461934397434,3.7813226788469745,3.1102695959748763,3.1569627360439525,3.496695295734037,3.0238045991456146,3.741032188345122,2.9599422379088876,3.2840906952194295,3.0650256826774385,2.7068798012528537,3.4026242282364687,2.981286738162697,3.322598222849421,2.829094910611375,3.2453268857910285,3.152185939384745,3.2173184606673786,2.996779783585392,2.7204505093770988,2.573539834964529,2.4024531430069156,3.229296997052711,3.2229847686466164,3.441606352618443,3.3981255062418314,2.9047447458519065,3.114960647838483,3.5132614135151705,3.4385293696775205,3.2680985200814137,3.3524572732734343,2.977351807760099,3.1288540410007304,3.0960223066934582,3.2203668461066974
ANG_PC16.0_17.0,0.7733954085746011,1.1115072383587143,0.23744551064558436,-0.21127176849335205,0.6691250113084124,1.0446275974975865,0.13737672935754036,1.7208837876678809,0.753345522408877,1.449475405135237,0.42681223818286845,0.4941084790597496,1.9231459676670175,1.4391809159066051,1.2821199432539558,0.9078165924792844,0.6064598124074807,1.2500059059728057,0.8255921669493016,1.6007828725390865,1.6264330566868428,0.6933823411820054,0.6706391150278279,1.026469610545856,0.3952545145317828,-0.1237481976344776,0.6690940519240132,-0.05680896841862979,1.3092694837901335,1.734770000288717,2.037161760547749,0.6649568173085815,0.8805531463402904,1.571164897715249,2.0648983541624455,1.5115114336202642,1.6278742773753572,2.008828397770132,1.616208950091288,1.5864187416583009,1.7956938363606811,2.200748135922826
ANG_PC16.0_18.0,4.2379764787461625,4.437946310200786,3.5436977479333915,2.991305892202816,4.1508696316302185,4.50487796631912,3.6076306050607183,5.306104596129285,3.7703210529657247,4.886100752748034,3.1838161964607674,3.5283437979724517,5.3511526593880925,5.260327244420793,4.289025194459355,3.676112419053016,3.5031863753546375,4.704436596359657,3.577155255339146,4.8057078640191335,5.162289860448251,4.294079722013953,4.001157447711584,4.650716867089441,4.173606231278209,3.159444242216553,4.318498434553419,3.398908012794097,4.52439286831352,4.960483913094935,5.343053325776244,3.4004004739501696,3.961811092243856,4.890618529081429,5.700350616377638,4.794288300324522,4.599430050501417,4.907692871273215,4.864833084954804,4.763357597636007,5.1102791442755935,5.475566590475382
ANG_PC16.0_18.1,3.65824851412812,3.636445401618759,3.156355275774612,2.8570370025153657,3.47510472845501,3.4022489025044664,3.115519751802317,4.571414478917203,3.5674856726648096,3.957804632395612,3.528218079129399,3.229740943023516,4.323655496145897,3.8082760239491176,3.8361494924020407,3.384789902683204,3.1125318260496764,3.961597938545623,3.2585855370352683,3.9380474812645216,3.667983271396915,3.803337993668777,3.665431433279851,3.9473048575146454,3.4990498497592277,3.128106520999883,3.3938213141568307,3.0895988828983967,3.735288052079304,4.025300558369435,4.242710189766379,3.5177587285949596,3.2611201589898235,3.6130943235869815,4.2731894370275825,4.248631309203006,4.010722109283269,4.108822440459253,3.9655999371546296,3.8414213101311216,3.8740659676491895,4.252130904082095
ANG_PC16.0_18.2,-0.4834708273868208,-0.6275082421300187,-0.8302421741306523,-1.4537032550297986,-0.6484345651528022,-0.9791713325310368,-1.22835684362981,0.6762611800063482,-0.4124268963557826,0.07319817357178059,-0.448201956056336,-0.46159856082925,0.7232023156414551,-0.12956500277681388,-0.3305587490300383,-0.34590375268572227,-0.5454249676190661,-0.23812979825551203,-0.2720898152440142,0.1246928510325398,-0.7952977022154932,-0.8926223027772728,-0.4446329429216996,-0.3767088808715807,-1.10557803189575,-1.128596696073636,-1.2368088888068975,-1.7069500710393617,-0.01384781064958884,0.46225380409558064,0.6244354077239423,-0.4822165529948472,-0.1367499407192742,0.27658681451161593,0.31741669173965087,-0.00580240125822486,0.11566206559308095,0.5947986708350008,-0.06232567343914778,-0.10357948402155166,-0.04913345359198778,0.21910654044510788
ANG_PC16.0_19.0,-1.5882064641873068,-1.7408768208044827,-2.7593842430443827,-2.326151891475375,-1.9556509203839532,-1.5471200594090408,-2.5461051248630153,-0.4175166430343841,-2.513020322450158,-0.9992645106967716,-1.1387470853683237,-1.9571634557778792,-0.09020200844370754,-0.30001644119553716,-0.8808829361542483,-1.2852877096777835,-1.6068084673040195,-0.449425573068491,-1.4025236237055214,-0.501860376663396,-0.5586310682743433,-1.9323727271599649,-2.231951345536458,-1.3636102682680509,-2.1229884553553324,-3.1091554078668873,-1.6577300267001684,-2.897512366971479,-1.0264942356232971,-0.7951696121979082,0.03887515982830602,-1.141945837676306,-1.844637016787501,-0.5098203698125131,0.07764091381368099,-0.9310876350807265,-0.8704509035899007,-0.7591900841927476,-0.4130123401904623,-0.9648056778662064,-0.5198163119765992,-0.15324656207455228
ANG_PC16.0_20.1,1.3815105017311018,1.2492505250780452,0.6125194536608586,0.7473328504546178,1.3396157554365435,1.4392996019504591,0.6934838539399629,2.488197451357622,1.0759803718164305,1.552253924601233,1.2931143557729694,0.8075787868053163,2.198967763925707,1.8040340431796251,2.1454592149888936,1.6870644832364647,1.6173705719090432,2.772739173840129,1.585336902326544,2.2820539544567593,2.319774961184762,1.4133401613295924,1.374290862286497,1.857598220142876,1.6749349443700352,0.7827484857150873,1.3286800718360583,0.9303813058707212,1.41652171578521,1.3931865545819448,1.7849496487283665,1.0566485329574726,0.4189152130888183,1.1087676208548385,1.8211449313311456,2.756542106049047,2.3992834854244673,2.5864254422011963,2.975858409719174,1.9441254963523895,2.2479756554518686,2.68410877605742
ANG_PC16.0_20.3,1.8031677934304076,1.87413110088177,1.286729653219587,0.6813100712378191,1.9244225062215548,1.2826076990414506,0.5037084241471277,1.4055895446146862,1.1714446154146374,0.8018096259095064,0.27034992888812004,0.7019282072042831,1.3418956411474006,0.10139015016627502,1.423424168681868,1.661769595522181,0.8744929955619338,1.2933606065865444,1.4776064633976704,1.510140672533521,0.4408524171229992,1.8786398193873284,2.0862272661655052,2.23963088698472,1.3510021672393435,1.290385968377617,1.3760647745619852,0.35913605563996126,0.6603546291235397,1.695834245151303,1.5659915187455615,0.2116547199602851,0.7152372254147912,0.8312837135370936,0.7583489845759038,1.6825737322496066,2.0781985762930804,1.6298353736149125,0.9386719038094812,1.888772081424586,1.2884530966921903,0.966078406770166
ANG_PC16.0_20.4,2.1074535431465735,2.3818050184614727,1.621184333170646,0.2503810300912811,2.461075521774046,1.6495068889121118,0.6699599886847647,1.8417748506527216,1.8424710361654375,1.0598524642659948,0.47202672076790375,1.6777700205002686,1.918016842882638,1.0125497873438851,1.4414945697184014,2.3057760041091027,1.0963394282660774,1.2335949351287423,1.7353939131609046,2.1890696743784126,1.2243420618444707,1.5229033378023755,2.2417104819443736,2.1414353027211175,0.7595813961148999,1.488670835260049,1.406006159538944,0.5283578729115185,1.2488711722016674,2.5007563236785364,2.0070918489896674,0.7922821894464529,1.7678470838328282,1.5540214529060248,1.944596599262887,1.941130054602227,2.635380719032128,2.1405245716193924,1.184823213916252,2.735060087090214,2.3525870586305433,2.181295648264095
ANG_PC16.0_22.4,-0.01109498048792507,-0.0930367130829477,-0.574045320828271,-1.2800191330332975,0.12540853079900657,-0.09562340626326508,-0.9516894118129602,0.5449208707670002,-0.16068747438588718,-0.675560857024748,-0.5266732731920791,-0.28510572680944873,1.1168580582133216,0.14762306931346608,0.5791389515864794,0.46591327358732554,0.16817156933256536,0.03794616416478765,0.4123212643526462,1.2754980572750494,0.38341402104219263,-0.6593297883480203,0.13834544211156463,-0.15614027702987085,-0.9287401581678536,-0.5768960154242383,-0.4534674802882151,-1.1813088265470384,-0.20048430857274685,0.1021398019875628,0.3174917211200844,-0.3793507560113699,-0.18926657261939045,0.379169187872835,0.6346548003292445,0.8370579424187378,1.1545930242153517,1.1360067097930455,0.2682563290934059,1.0217046135163086,1.1385873596459968,1.549616945459689
ANG_PC16.0_22.5,0.0825835061451531,0.08876112737018908,-0.4812967199366627,-1.2000008638206805,0.19633508372320763,0.17005983340008743,-0.696073302118933,0.5433685367698692,0.04557454024130282,-0.4551707799893038,-0.4183834200829549,-0.20770651414905345,0.9154451961652604,0.10496321004590337,-0.5985573255628673,-0.06256871126261225,-0.69906184043614,-0.87563679010011,-0.4147314805190316,0.2584607116343819,-0.9096221087778774,-0.3911917297628376,0.0976158409471538,0.28834255305783557,-0.8454937529371398,-0.378781407208613,-0.2436079906726967,-0.8907814114275122,-0.2080790710469319,0.32965929622026185,0.3622184311884444,-0.5505445855334675,-0.3227959735750001,0.28544541975967713,0.8160224374683186,-0.2296963604457077,0.23020214600688096,0.27261209153064314,-0.6400429463718311,0.4673453339703588,0.3537006059106303,0.05115326182994496
ANG_PC16.0_22.6,-1.4518906874546909,-1.840614022882896,-2.3413645490051627,-2.6649832784647343,-1.7608734670219115,-2.3198485567951264,-2.5318278925130775,-1.1001234642026658,-1.6843476362433274,-2.1363496198413174,-2.2779001244372976,-1.940360385443238,-1.0828688778398277,-2.156256383794862,-1.2596904575701595,-1.3873630139735948,-1.8482520895171912,-1.8177902158376351,-2.0206492090216277,-1.4874576517243396,-2.2705303303478988,-2.111789633840999,-1.7977540659115008,-1.4959247213266431,-2.411258265164633,-2.3339720737866454,-2.339197267328585,-2.4882270201692753,-2.027192478787875,-1.4725675594032923,-0.9184957676758068,-2.1763395083877497,-2.174645082700248,-1.9309650110555512,-1.299602928991051,-1.0785675668053127,-1.107333041566349,-0.9996380086181544,-1.6440239013442306,-1.1700667757387828,-1.8027740306064528,-1.6374644239766325
ANG_PC16.1_16.1,-0.37718082214035126,-0.15621687977536766,-0.8182964196510513,-0.6774326078449252,-0.32733614579696746,-0.7537134672037172,-1.2266715320930064,0.6703582845203462,0.07300033912171529,0.01487322032944241,1.2273367953071723,-0.1837375649915386,0.7808026950715278,0.37113503267904746,0.04627139277039003,-0.3360387652490233,-0.7514381231181887,-0.1730179084656195,-0.5833318756285487,-0.16798052524539142,-1.1519032551108297,-0.2838678447815405,-0.16585265259414575,0.04415745370895173,-0.43578820204645463,-0.6411135186542692,-0.9377411171513494,-1.395763579244264,0.05473372753983604,0.41001794306220846,0.4965192469439273,0.8657909446066417,-0.3921985663042456,0.23797019473725312,0.9684590313964916,0.1371031521124687,-0.12613829923637643,0.03683230200671938,-0.39113359890412,-0.3768346154325679,-0.8852888249276761,-0.6537888519723761
ANG_PC16.1_18.0,2.5271270302276996,2.3968699607609247,1.4500871716022017,1.479866601180351,2.4456192504751293,2.35573661769339,1.5840058853208314,2.0087310724264276,1.1585544825986371,1.392337494049637,1.596211154454941,1.1190666718815896,2.0927641303722844,1.333129701225723,3.108700446030354,2.6000518892984004,2.079333793844288,2.6050011043611856,2.253352172601305,2.9131244295447796,2.526965844748263,2.611530729348165,2.7339944024348517,2.878434806441611,2.456328743620615,2.043400981680481,2.3898612429965325,1.7982067007242073,1.3363689317317209,1.7066201973973394,1.652709356383435,1.3282278400369911,1.0651423169808776,1.4634149002990904,1.849200388289685,3.1401358210325996,2.7335710818343255,2.8346408333803925,2.4972318555366657,2.562694849657999,2.456762079886268,2.8451309062400467
ANG_PC16.1_18.1,2.8236366674840405,2.7537155618460742,2.190783985075315,1.983645089372509,2.732917200255973,2.273679995445648,1.8357108577667471,3.694105773760325,2.868602142899006,2.9307168187364763,3.3451721675260755,2.549673140423795,3.112451220067828,2.7278768852517623,2.872862203732643,2.4147383640447964,2.1466537174809477,2.858215133851948,2.246303211033545,2.54471229882869,1.9967691365171685,2.5395544464106887,3.061685238669621,2.9568489620798073,2.591457438175518,2.3534482168067115,2.2620763876329164,1.883116043957806,3.0333859572613493,3.2011046712077964,3.5803421911726248,3.045256363601301,2.413280808622301,2.4462300463779543,3.241224221068202,3.341699965122591,2.822096340413587,3.175143886476732,3.1470249043936933,2.5769201565943436,2.4250008855745855,2.7746320265140714
ANG_PC16.1_20.3,2.7174732922484512,2.7150965131674254,1.6921485792073827,1.2609035484618352,3.014945704977493,2.7259664331780793,1.2432855642314335,2.850179737029454,1.7183531134870105,1.722742989173318,2.255597337180314,1.9128531351436704,3.6762318834340744,3.013198120659468,2.3779240638588393,2.1913057354273997,1.4204190191124568,1.9098673954582184,1.959517928758195,2.7735306980058203,1.488965427526317,2.326268733271472,2.6500751851574047,2.7806513400961324,1.9570219516752263,1.965441785259373,2.581984410867987,1.4038550661936235,1.7475123996353268,2.5197089934288672,2.6926622764544046,1.8829877849476109,1.7129533676874455,2.7399852071733406,3.6217704790733967,2.76942900553809,2.7594354789836597,2.9727548613637897,2.20091164707535,2.4797330644227733,2.572842941013629,2.3501385328477578
ANG_PC17.0_18.0,0.5058875772747716,0.5964225358890747,-0.45295905225533567,-0.6307968068246057,0.7678372358045081,0.8973388876813065,-0.3838836153260606,0.2766287389948085,-0.991083668161147,-0.21692222566246483,-1.2038459562103088,-1.2106463030457797,0.15965333188822844,-0.13226902659990672,0.7102059759669394,0.3930045229305379,-0.00187806622107158,0.7094071629818789,0.0910007448997365,0.8762098397451434,0.9464576789254784,0.6891382038801079,0.4797360384614884,1.061985270020466,0.3835610819019832,-0.2536537211354602,0.9786912113111744,-0.06137486924673386,-0.5635124739435429,0.04296999261211476,0.4795688270492126,-1.1558397370550073,-0.9379715756288718,-0.08641972365971776,0.36174749812578816,1.0870318917431654,1.1265346847745492,1.3688847258264325,0.9174481385715184,0.7541968232654218,1.00577289772553,1.3588440458149216
ANG_PC17.0_18.1,2.107041137585598,2.2099887569298455,1.1655970968768834,0.5962682855924081,2.209403638902973,2.2063176078358904,1.0620656477684938,1.8348376473838028,0.9672303780271324,1.4027335415279265,0.4819147430210232,0.7274027446509711,1.971506531346843,1.399325822281219,1.6506316796191345,1.502239499573623,1.1706933269850786,1.5395409445968422,1.3496330262609864,2.199173943856185,1.998018580830302,1.8953883513048757,1.8601115978087457,2.3114397065859587,1.5498589138087235,1.0813189165365933,1.916240109741715,1.096061268414492,1.4525449772064312,1.907495271612177,2.0919234841964225,0.5029293212836753,1.0848640461202457,1.6679224465137656,1.9985774679024717,2.2641222720120666,2.3168186815848366,2.313205848495888,2.0268465775670093,2.2513041587328018,2.357850646202751,2.7270452846273225
ANG_PC17.0_18.2,2.416878596297487,2.634726724609255,1.5342115718340468,0.28431896652113015,2.5432385270671447,2.5803334872084243,1.238359891413893,2.4069810329761347,1.38598020431382,1.6542821147069346,0.30564100515311216,1.0641838859754045,2.5835063057095184,1.7381640109231082,1.9340624779901312,1.6701049404607842,1.0573294524492385,1.5679538029230906,1.579489925207994,2.6051752551958107,2.280926704710968,1.8475401788108865,2.137485998486738,2.497796286023824,1.2333545814485676,1.288960287103955,2.2328237303030756,0.8271899237322221,1.649121222236733,2.485579153911456,2.618088217599456,0.31565726203748373,1.4141517330217763,2.0692086343765723,2.6365839069948045,2.5733495406017486,2.633479585471195,2.8259477259369445,2.1158142033308263,2.574523731921616,3.053418307187098,3.429257481745414
ANG_PC17.0_20.3,1.315249178220809,1.4250199689038925,0.5472659008084954,-0.33477893210647663,1.447171835938533,1.4646954473767555,0.383318613727349,1.778359777818172,0.464843268960591,0.9192981990166066,0.17669743733566223,0.26714788376666626,2.0743207367622243,1.2456581615381732,1.262754963023266,0.7808045115072396,0.5576158107439193,1.0547716593431449,0.6237080751841954,1.5734533478870665,1.4382752825018013,0.9690587906899047,1.2018793046551977,1.6408783895609629,0.7582568720617605,0.14027064628013694,1.4556631242456155,0.2396354260664626,0.9872586884757548,1.361074014383444,1.8405836961456807,-0.16297976337936956,0.4154636639508143,1.2068383420069293,2.004072330926495,1.6198936741259384,1.7312526341827357,2.0919027685342617,1.6375934226654416,1.4336500649004522,1.813351001838395,2.0954680236662164
ANG_PC17.0_20.4,1.1511855567702416,1.001400892613163,0.4085450014758684,-0.43231169536196185,1.435032838059044,1.3250727328376437,0.259120312089717,1.7940036644355692,0.2365837084940594,0.8311898290504958,0.2518741254271066,0.01503751331843464,1.5963171932117026,0.994815970681464,1.5987744067926826,0.6726874667747719,0.7008155704614204,1.3366732399108372,0.5805967899088755,1.6917066814467918,1.428063217907152,0.7045986754759122,0.9108506223195008,1.4638891079012746,0.4500609907103058,-0.06162965800891517,1.0950106706537668,0.23236809955591767,0.9452287192338584,1.052065663730042,1.8178564779057136,0.0600861243133946,0.306212178009507,0.8746523154502133,1.49243898142993,1.9628722438249993,1.68988326733554,2.293221232360161,1.999486872512594,1.3390610552620692,1.462503522766151,2.0097408328410777
ANG_PC18.0_18.0,4.025484603570354,3.8598401039114494,2.8445753223832777,2.7551808739562045,3.882402528723479,3.997241597526555,3.021233725313306,3.7993410842337423,2.5193055283593817,3.104756593481934,1.9995779048260311,2.4041587201058383,3.696322654419056,3.40107668558622,3.514357529051946,2.974203216535809,2.5777195862991804,3.6772286009539967,2.7936942336616517,3.822664298351045,3.880526619363458,4.202734166171121,3.8238161163364817,4.549883567066818,4.3574623444183125,2.8570997124602022,4.222570830140894,3.3302190795522697,2.8227232743427204,3.5152794649981822,3.8136679759374448,1.913605971988749,2.4802171686866212,3.295245663662285,3.842755656556807,3.893849988062766,3.56255302836251,3.6925028978249537,3.6955005761845294,3.738777129555804,3.8320764402105754,4.030844882014455
ANG_PC18.0_18.1,5.772542270322365,5.47268676767744,4.821423844076095,4.697336698871467,5.588289270528888,5.5431489047203,4.916230291842451,5.517477020001588,4.510557936743562,4.804539757918115,4.578837359084335,4.191663149833357,5.320952808310267,4.84343603772427,5.895814874520226,5.264523088737603,5.0496830812848,5.857178008937391,5.048947087096986,5.86203923635405,5.677205050826691,5.779153871398746,5.7705311441425335,6.116075322746724,5.765819350118027,4.9863776671102915,5.855087879202848,5.235018308049047,4.691831068254297,5.092272909305408,5.180546944022311,4.341561961808086,4.292785889417207,4.438557185401035,5.147419792346447,6.2757267211083585,5.826084426524193,5.9636948646848555,5.905519600045371,5.575112710540289,5.61046415667065,6.114973079970447
ANG_PC18.0_18.2,2.0271562966233665,1.822940257963146,1.198547032439048,0.6789117819482507,2.151937576158583,2.000155177995746,1.1788596973345484,2.733972629081394,1.8262015021562827,1.974395759644349,1.2423408568688707,1.5815842288862951,2.6193451386267506,2.0004990904043845,2.556862407870384,2.2545427318059663,1.879695763523516,2.3951444777568445,2.2363987585682827,2.893764071937974,2.4843012609821256,1.7041300305490537,2.09048962958046,2.257766601690031,1.6392083482142306,1.2954758184573223,1.8779921340474992,1.2768882529426866,1.8743598756825883,2.2597808364622876,2.425216314178196,1.1772162652651676,1.8051359349910137,2.0748970801299937,2.534139475470645,2.7883643323840372,2.760539918521169,2.9330969729438108,2.6568854272182687,2.5300090548811176,2.688714086624365,3.0167652105785296
ANG_PC18.0_20.3,2.3060062973736075,1.9317711504297312,1.5886631929770212,1.4146521954158504,2.136302781933406,1.6671386074477206,1.3499264047791055,1.0916366747717805,0.8454026975001265,0.2619063512107456,-0.1544583437556324,0.4677454273836179,0.9379096169133452,0.06741843489050978,1.6320070089548082,1.560289697864839,0.7419912591810255,1.2576475420944833,1.3862357592382824,1.5054807707172877,0.7890479213124779,2.1020778245311393,2.5603163767019756,2.502257989917441,1.8733143684402385,1.8146212420917116,1.8528545927882327,1.3198272788537069,0.6199047191401815,1.2147973408459949,1.152436346555057,-0.1025867283468828,0.7844120804856961,0.32175544856097965,0.6788738612853003,1.5827944835565813,1.816005682825182,1.6928064943291892,1.0942892546641467,1.5201620600393728,1.2392496881607336,1.1758687591279284
ANG_PC18.0_20.4,3.0409578475587917,2.978630983750841,2.4360532463365003,1.5019360269735351,3.4923682093578887,2.8063114948997328,2.0443177513158,2.0179430776612626,2.1165426535355008,1.150813978345941,0.5972238370964679,2.041080175655218,2.3167806131222735,1.1447673890788903,2.4167524485570344,2.6870603142646923,1.8064089578295264,1.622992229997814,2.3601039094239487,2.8638523431425895,1.8742136930367892,2.5285367704646458,3.244060041619764,3.014261864605705,1.9129307290969229,2.571494187387081,2.539817752903349,1.915074715485633,1.775999868335299,2.484950804202156,2.571690246493816,0.75700913407892,2.301859427096248,2.1144746321314676,2.216277034316348,2.6837193860120037,3.307698713740988,2.9714524690725943,1.985450137878202,3.077977731235877,2.929605724399788,3.1733726454650144
ANG_PC18.0_22.4,-0.0863783530365825,-0.3197277254524984,-0.6677228753298212,-0.7877409902903725,0.14934013222471404,-0.23951907306032053,-0.5691647830615767,-0.22373718091912473,-0.9587085029206186,-1.4267977903350424,-0.8644531838319901,-0.8197842610601929,0.03126529113378532,-0.34753952426163864,0.3597964106228672,0.13976607164871904,-0.33509100025066746,-0.4370834666280818,-0.02110127948580508,0.8619803661344188,0.06701530247908705,-0.661915915330039,0.04763426985438628,0.10095354384679782,-0.6323582291510527,-0.4517201599958294,-0.3537766491072112,-0.8466328200735206,-0.705305048569428,-0.7197928970112893,-0.4359685807249404,-1.048322473895055,-0.5420009143827432,-0.09340917294811904,0.520732738042542,0.7441080465651208,0.7788751705205045,0.669376067531183,-0.2771776743338916,0.4104804444366939,0.6076782957105729,1.0811331266648267
ANG_PC18.0_22.5,0.5221474273204028,0.147079514310921,-0.1004346863824444,-0.5665630576323009,0.7382997285795414,0.16689101420068037,0.0318739933850497,0.1939023412842392,-0.4174843525952241,-0.9417895696980276,-0.5125935868951049,-0.28946623577126673,0.47272303164946294,-0.28049276049741506,-0.06590481338475924,-0.3175937075508906,-0.832407611118859,-0.8713675589348516,-0.21774346962637844,0.15003226671141387,-0.5534423493897772,-0.02987456388702067,0.6937004991602204,0.6783817174792505,-0.01484686054595806,0.09146437642389273,0.3260178334245484,-0.18201660691752083,-0.16420342297117252,-0.06622658804525582,0.34048691006526566,-0.6272510395143251,-0.07209061467148818,0.1382988998227314,0.5995782528367604,-0.13737407501243065,0.3677921646823388,-0.21676845792352248,-0.6475010047366762,0.21476278493021184,0.26964989518923005,0.3770748242355556
ANG_PC18.0_22.6,-0.4729050929689515,-0.657150782444697,-0.9495662842630302,-1.6246268715061027,-0.40374610177912235,-0.9532155491756472,-1.1694802977154033,-0.8323552412556613,-1.394275088931285,-2.1129997847298694,-2.1657781459793637,-1.3135873579687294,-1.173542699403419,-2.2526590335382375,-0.4309256279973032,-0.5041873173312668,-1.1369827322256996,-1.1743505741726856,-0.7575706601072291,-0.6682948437667285,-1.2094876219772683,-1.0082775530842565,-0.426848344067513,-0.2157123414613148,-1.4387856982678149,-0.8473466498934127,-0.8062980503423925,-1.3174488167169205,-1.2043524934018135,-1.083950009294097,-0.7742065383606905,-1.6199465465671423,-1.159061254748984,-1.3086348888485244,-0.8311105860809389,-0.516030847554552,-0.3654645297938444,-0.4051428319588419,-0.6323239218240886,-0.6493430674920343,-1.2333535846172532,-0.4875194779617205
ANG_PC18.1_18.1,6.060137498053777,5.7958486555185855,5.1469876930697405,4.859146330984532,6.026969819623319,5.611673590565372,4.956783386639633,6.111505687337038,5.572406603501229,5.307221984373696,5.485415053838055,5.171796994846636,5.892933787602041,4.931251515282777,5.9001881168455474,5.687667744319207,5.07627960644422,5.704958140027131,5.497311293816335,6.057722377229903,5.1913866849590375,5.754289185496593,6.136655475726996,6.1680658418769445,5.704934720736419,5.3981551800802965,5.679153254043346,5.0094538015739465,5.303836879205448,5.8991778489921325,5.865298885952029,5.336133778266486,5.102988300420085,5.172110118684036,5.563943581568512,6.4044456344328085,6.36366859292355,6.226355482584868,5.781617276332494,5.974269161006987,5.955320955388582,6.2218142621484205
ANG_PC18.1_18.2,2.0588594378284175,2.077410627683812,1.218934917752243,0.8398103551852804,2.2108885374252933,1.4596076234433206,0.609138874223099,2.702628366315807,2.49617511596827,1.9628134223517224,1.7930786219592971,2.1657004811383413,2.6012762231017494,1.5159663919387147,2.1993935415571104,2.6108179134854765,1.755795942827676,2.0271011438014206,2.3861464775176087,2.5640681526868856,1.2364576946394672,1.6579893017316192,2.2330026812435553,2.1518235997966504,1.4516214052974272,1.2959380767897335,1.317777562893076,0.5961037995941217,2.0354667451286157,2.846169958032907,2.5812445511098603,1.6364046786859434,2.1664591707950804,2.004404463425215,2.330431624418019,2.433087410912592,3.030487463437153,2.743246041394318,2.07732060538857,3.003960651422505,2.722732006633473,2.3677661076811862
ANG_PC18.1_20.0,3.6697628420649577,3.0829874788911917,2.3676507865655045,2.0700697511613777,3.3231015235923995,3.3342656755462228,2.7165373502392653,2.966656995927176,1.370785528945819,1.6508817962559632,1.8217176072673713,1.1501632946114968,2.5643162462392812,2.0416878095049564,4.208980403634926,3.1870822377242054,3.0755127831363995,3.8742670547682025,3.115045392469842,3.798656579180925,3.5992843720335626,3.5343342204957415,3.706100632483814,3.8661438763997986,3.2113175096692195,2.913200051367782,3.681252462756167,2.963592561308194,1.837014609352272,2.0120520746207995,2.4247652521837346,1.596014556130656,1.003472352861882,1.6716677411361744,2.5846299671366992,4.410498687662338,3.9066229689766856,4.1139162953290365,4.145275152474659,3.1876816506967107,3.3988043919483646,4.13417394939257
ANG_PC18.1_20.1,2.8390674338079047,2.293224165407115,1.7105887071924013,1.812604568644341,2.6331439301707213,2.2703387801934456,2.0058401772651364,2.408849258506716,1.122312174473184,1.0710243859754056,1.3308521167130394,0.9918025751754602,1.90720803772968,1.2380547005229006,2.421520833444691,1.8444357156825344,1.6464168792013902,2.6657850148474314,1.6739160476594706,2.2602294580157403,1.9832884167321876,2.2802695667191784,2.7697418319016425,2.837109354412163,2.5881475337111115,2.0046371122013964,2.3607437445487136,2.230959115780205,1.53202853058089,1.4857629960693204,2.0640424631612886,1.2011233928422924,0.7849030472044275,1.1930843777752358,2.051432808788564,3.03473996765407,2.6281629511662636,2.7173085080869024,2.5313555124275786,2.035845573752173,2.192037309427458,3.1547124072318975
ANG_PC18.1_20.2,2.0174818381452484,1.5265570996982984,1.0202447572326838,0.6602178918051792,2.0502473812216135,1.362306176463472,0.7718219576049185,0.6090913114368968,0.0652265973635304,-0.6369755851695212,-0.6955119084098346,0.0254671492643854,0.5024600687903987,-0.6446041944936284,1.4244330518293735,1.3033484828531945,0.6118787401629402,1.2010572023448256,1.1465193051061944,1.5283203991211527,0.6574265544170309,1.4999796357737942,2.098304387408293,1.9582258777774253,1.5002930874749014,1.3106544026550508,1.5243317849404616,0.8563644455095931,0.0237297119807104,0.6593121119451011,0.5898706463807906,-0.6262897859196825,-0.0271739006999523,0.11889984755525038,0.34986074693101804,1.6793759639756012,1.7734774531016666,1.5084665663420147,1.1503612588223957,1.2357196361184837,1.1985684189779469,1.6144550145833514
ANG_PC18.1_20.3,2.380686562497965,2.4593470055825426,1.6550741196922023,1.086982908571981,2.823158485118015,1.1824782119471906,0.19084475344254204,1.4030497992353106,1.7359539095133834,0.26396516213568866,0.4190809675954261,1.634357171026002,1.1569269899094077,-0.8797608544612521,1.7160453684197916,2.3230490759383766,1.1789812587190298,0.8336764205588469,2.1886814760872455,1.7240673622185831,-0.14792596389790502,1.839540424872365,2.8477207694869437,2.361944961938879,1.428580554967423,2.1306942379722145,1.2140118004858296,0.554008495580106,0.66262233945475,2.05960642515724,1.67707746195798,0.4024424131949474,1.5146864216215714,0.7412912788599045,0.3231898313758085,1.8767172888372292,3.0272717779012552,2.1070857652696637,0.9975350783495228,2.673791317914404,1.6842700931319867,1.1052154161328764
ANG_PC18.1_20.4,2.691912841314832,3.112137652796794,2.1367950411533334,0.840285159809366,3.692906888692292,1.8493921864690053,0.8517016453155263,2.054966029595301,2.627975659667299,0.8375926935139569,0.961953560808524,2.8469886576456336,2.030236952379951,0.23091675157390265,1.9757337880976729,3.392348680547883,1.766990252069701,1.0249908350140118,3.1592139112426443,2.528024131423552,0.652820490646336,1.795817557805537,3.234999295700205,2.44089825538733,0.9106484125564496,2.613320908053046,1.461523765248642,0.6591017386703356,1.4736149143993735,3.085146129974012,2.4773661763951624,1.219258438488505,2.8254032801268494,2.019966593754273,1.506844953153632,2.3612070711295647,4.022734575166438,3.019360443168064,1.4209663463432087,3.8274723661092778,2.7298886152093913,2.424598403780169
ANG_PC18.1_22.4,0.7108454179081435,0.6751332874528077,0.15273582740197575,-1.0307039562730047,1.5509678373922606,0.28232609771284967,-0.6855340556198787,0.10813511566613696,-0.14375569097234206,-1.0621297770165006,-0.5177997534287522,0.403421951310218,0.678158812703558,-1.1354564539830023,0.558346695620455,1.1931532398718043,0.2138412237458149,-0.64142198284639,0.9034264077465872,1.195635919495995,-0.4538401422711209,-0.5417688022182395,0.9795626913599218,0.4818675375798376,-0.9466814786877522,0.4676319445307957,-0.12391350122497267,-0.9243149866926054,-0.3509242748269945,0.2484673192063331,0.4151161983946242,-0.6410103798323642,0.3918360447676627,0.4860994164975739,0.2815147205708999,0.7820732071629976,1.8023089829524812,1.3583757778027368,-0.17526640164717144,1.405203506460555,1.2819701369051184,1.3238828451483855
ANG_PC18.1_22.5,1.144277288198673,1.312524066983693,0.6285228270680768,-0.6681699469310934,1.795264883237905,0.5139959084029639,-0.3174012966347391,0.40179710401731333,0.7752378288626154,-0.7238662793268235,-0.20151321964494448,1.009939919421314,0.7403059587074072,-0.7676323307749239,0.05579205280233115,1.3396601215289536,-0.22586246150761927,-1.1660489546374095,0.9955055104935234,0.7185442102852454,-1.4736185187159418,0.01002361664644674,1.6316649931541782,0.884290265754376,-0.36213529112263687,0.8899591011784111,0.00959992144837656,-0.34332276440754467,0.04206775707550848,1.2836696813550903,0.9656947239811172,-0.12744624859352888,0.96890288623328,0.5469036962757087,0.5607597371004661,0.2249108291922286,1.840922998701477,0.9517699166398652,-0.3971375374978554,1.6791559239777143,0.8313732695952076,0.352296654156036
ANG_PC18.2_20.3,2.406687801222516,2.843396649217252,1.717938137998912,0.35105617368479763,3.28873096101905,1.3163198274681362,-0.03508716149533553,1.4890476589968922,2.0594232384823363,0.28957587916067,0.12063986520736128,2.346140662365589,1.6042425006433298,-0.4206044743677458,1.683108851159474,2.9763458908577394,1.0651557947202457,0.18890208637154005,2.6998851123481376,2.2117848901913235,-0.02955102260019981,1.4173432962969803,2.915253646055927,2.2440040278778817,0.9219530195928968,2.175059870551046,1.171667620176435,-0.1617493466803864,0.8468813369495415,2.555658923926192,2.072186322532463,0.4918961624132059,2.1784432422225533,1.6141031397103025,0.8827444487593895,1.9032444400170057,3.536961369442435,2.550945395062909,0.8392193022985467,3.365188520826756,2.2718043107784145,1.7755653956316768
ANG_PC18.2_20.4,1.7810931224365525,2.9013152356314285,1.2761088063348922,-0.17514667827952107,3.626326441090605,1.0045278011328769,-0.3770753137862717,1.5778015718506664,2.503989198300983,0.2326176499033702,0.5495219936600162,3.108096764302856,1.700652852622083,0.20232600525559427,1.436909403428508,3.663122165108953,1.1319539325615462,0.20137349067505872,3.071802252623195,1.9397111908577935,-0.193116707089028,0.6333873996304943,2.825850241915832,1.6136219371285214,0.37500744230958943,2.0621674399438543,0.5033541934640577,-0.5569993762575397,0.7166454141364067,2.8049084780564346,2.180302907134795,1.1618655429123552,2.899337943700393,1.5685238983957248,1.6786858552688368,1.898302890624345,4.055888883914477,2.697938090248182,1.1354194816726295,3.974294058384196,2.287693828196091,1.8928584435464475
ANG_PC20.0_20.4,1.8031825356188729,1.560356941096153,0.9477060879955962,-0.42493087448158745,2.276106480452797,1.3927291592915094,0.742711722688161,0.32159384616705033,-0.762046523498848,-1.2130268289505703,-0.8782126013263513,-0.4660607155498517,0.4225524058571091,-0.802793337811632,1.5422252083736063,1.1219531708341726,0.7376295628380455,0.18132628143784643,0.930801744505238,1.5580893947739296,0.6492362030445208,0.8702620289416292,1.9700818454882585,1.4469439545214795,-0.09335663365024505,1.4758786684934018,1.300959303310675,0.6743027208597892,0.10123555951442112,-0.17600207629515413,0.9585827246994814,-0.7186953281576731,-0.4502120393043376,0.3380066028978277,0.7799251350329537,1.8004940047306393,1.5993528754364137,1.8755193694657812,0.6580417464279543,1.0421009592198345,1.1521437715109792,2.211350765474626
ANG_PC20.1_20.3,1.1833018222375535,0.94687170216232,0.5284705273085,-0.14688044226204439,1.578592674819108,0.6853661278575186,-0.1378816708232862,-0.11145438735032467,-1.3565720606222804,-1.4188000661188804,-1.7705022015422551,-1.1192578192073763,-0.13646741957631903,-1.7139743619541017,1.064112394896387,0.68892712971581,0.1041444626638392,0.3387492076235311,0.7502702022800365,0.9430561936327344,-0.46751371052113855,0.7368661614704822,1.7230480057202309,1.3538741824890694,0.08810081676644806,1.1829741933738744,0.8799587705828923,0.17426950311288128,-0.8375482365408718,-0.5078310212761764,0.2303566240162213,-1.2743359652945196,-1.0637991837769247,-0.5593876556157087,-0.6717704368119839,0.9919310231557772,1.217323314198849,1.1794753535199016,0.02685484535038476,0.7763959186785656,0.7024154614404322,0.8553956062346031
ANG_PC20.2_20.4,2.5830861715527864,2.954793677094389,2.004465587619151,0.10387101771862836,3.774346896306823,2.2169627079277063,0.686461692698582,1.39055006043746,2.1531982368546805,-0.12573018989898305,-0.05967571914183978,2.256445470511567,2.082743664408232,0.01660705072891784,1.643893415289415,3.077287997408207,1.5200728635130043,0.2403553570882152,2.772984642249017,2.586644172044275,0.2196957681811021,1.078744436727841,2.952382633207628,2.0472543561246663,0.15562088398781598,2.625631272835915,1.6553599392321274,0.5446330431891703,0.9952002946870356,2.535242973226999,2.4460693901202664,0.31227732105801514,2.4152319607514796,2.1447434941855934,1.8282106842415211,2.0225570712686634,3.7067335944077873,2.924004058358473,0.994069781322224,3.3607620362866837,2.8032728516808265,2.73206992395173
ANG_PC20.4_20.4,2.304867384141458,3.2138764978969325,1.9628055053801383,0.601429359492842,3.907151221653764,1.5274026276298935,0.5906259644774413,2.1902681269187405,2.296746795882603,0.6387818400860876,1.612506973262546,3.376931142274558,2.3257830877120247,1.4844387915771993,2.2520242858857955,3.9033490982846377,1.866004573310813,0.8631576300373497,3.5440707001950686,2.575414307919016,1.181013828957972,0.932719148556711,3.155150274698673,2.079459246432638,0.9646565724475042,2.7570875645620823,1.242069446910664,0.520967917590642,1.6912153441977569,2.6047314302665825,2.980538730986231,2.108082280058587,3.142458351871648,2.3815143256059668,2.979149000613537,2.690978612423126,4.276027058862596,3.2109461591572104,1.8281807160386168,4.158546986631341,2.6285687416522068,2.715382202601006
ANG_PC20.4_20.5,-0.5879018539556782,-0.9529286039448288,-1.6186699955075985,-0.9949573732143054,-0.7741541836067536,-1.1991990738112457,-1.7834526467819487,0.8324347281918353,-1.083228789382912,-0.398576987181187,0.1860562479306656,-0.7373247767722664,0.4929049530997775,-0.1829960573819899,0.02954481175839503,-0.6028221126161873,-1.0188073262022266,-0.43039701961087545,-0.9301623296245162,-0.0901644762178916,-0.6836568904662307,-0.7385518219789597,-0.5280477148877416,-0.57795163381671,-0.469169990328846,-1.504405623721638,-0.8635806345097984,-1.6806659699674311,-0.4205664196327042,-1.023590337379426,0.40582130471848904,0.09675453989374908,-1.2672712096798957,-0.4532369398146612,0.2101335567391903,0.2513314597568847,-0.5388374611072931,-0.06279305569053767,-0.4291349734436411,-0.4450831992186345,-0.45195523190439807,-0.08858532767520008
ANG_PC22.6_22.6,-3.387493378244774,-3.724240137701216,-3.240125909303587,-4.026803569711909,-3.040367261345832,-3.608237766023845,-4.290791007493416,0.992840491325277,-1.3518334641945644,-0.5322574478673898,0.9375825440526911,-0.1594371579935614,1.0092428237849245,0.09982760139666644,-0.6071550029517548,-1.3598142514864606,-1.3349488047784277,-1.881129802015591,-1.8737493133127363,-1.365128207319213,-1.9155350318128417,-3.8390581184084978,-3.196753819935011,-3.527369283462535,-3.592145899165784,-3.161719787835575,-3.659896787222236,-4.319242539608614,0.2408059042324591,-1.6299296617962624,1.3380811739455594,0.6470629147188911,-0.6127118507195489,0.2358754654249629,0.49569102555967776,-0.8679046327632975,-1.3681115638937045,-1.2397757589411689,-1.4341526210506803,-1.7374851869649972,-2.1544216362296686,-1.2360314653173636
ANG_LPC14.0,-4.403615231215892,-4.938262523545524,-5.1882832634890175,-5.294004817407812,-4.815563523867906,-4.439714442960285,-5.075076503219616,-5.5439895383240785,-5.402975245428273,-4.351836942137838,-4.991721510365998,-6.153641944574998,-5.076432605709736,-3.2205478475592373,-4.058042065290955,-4.733845711507124,-4.636109751731961,-3.570368091477007,-4.959372336482865,-4.75069561035633,-4.001291072984824,-4.349862796536094,-4.481988533372316,-6.40641379423202,-3.885761954207252,-5.151759919074092,-4.595261272352079,-4.724373584274173,-5.426824452308352,-3.149722314671655,-6.154434175135357,-5.57198604350291,-5.516556144306421,-6.063933828192295,-3.7751580952998745,-3.144318747437775,-3.895562506238517,-4.593220890978831,-3.0740700167610915,-3.3340813454452864,-3.9977823240088544,-3.992335056871741
ANG_LPC16.0,-1.9794310554772048,-2.596614387399913,-2.8349289111064677,-1.652879562428076,-1.963191116969727,-2.445023698846514,-2.7877589285874373,-2.8352902166678917,-1.5433007485471768,-2.0862816396167885,-2.6325871938818373,-3.3140260011539246,-2.8802805638561386,-1.6656738553094113,-2.325280258770511,-2.9607509735896675,-2.764168088219229,-1.9810179169112616,-2.5217346159520253,-3.0167134601135452,-3.571038105465992,-2.0958818115832236,-3.290964516620948,-2.4196595388588733,-1.8985442130005956,-3.2355063323609294,-2.642297137552486,-2.4653241400280117,-2.7526180340759976,-2.2958854529613,-3.25508583914841,-3.069679572241478,-3.5036520212786213,-3.392073226334996,-1.6236382787112125,-2.2255364362043526,-2.4040054664883592,-2.306719196567345,-1.1089730822829893,-4.254008683679309,-3.332031598695983,-1.7493535606306043
ANG_LPC16.1,-2.875131500873123,-2.3672573156616608,-4.222102108494275,-2.1756023028126346,-1.8827071722644129,-2.8268904112040647,-2.619389658828291,-3.1556830610837587,-2.874261972301178,-2.974461207614418,-2.55840166979801,-3.3475570166361837,-3.5597774730710334,-1.237169736498784,-2.763867853191467,-2.984197591473147,-3.515195921312073,-3.3272859492228832,-2.970028976562495,-2.499997369211724,-2.225395590346545,-2.4637162239605925,-1.9904900574608504,-2.2579391863528917,-2.2001594152523603,-2.722792166929342,-2.5655972959511333,-2.1897150368583977,-3.465982643341986,-2.2689790537028576,-4.285086060421139,-3.0249807774516033,-4.504116992059228,-3.9386174551069546,-1.9662638922592852,-2.9240740851393157,-2.125809394336585,-2.912674517342126,-2.633552864944209,-2.961261028953269,-2.081688066299925,-1.463275876285543
ANG_LPC18.0,-0.508019580224029,-0.4536479077952219,-0.5006566722496082,0.520766198481051,-0.5335075296075473,-0.09382036171494092,-0.6632335498359181,-1.1950735678545512,-0.8530921720521764,-0.374488617370923,-1.4097275561687697,-1.6743490255139029,-1.1340772241574444,-0.4310521884207478,-1.331814914015169,-1.985633047594524,-0.993523556216429,-0.12407039216090024,-0.8621717894298022,-1.016582209925901,-0.6964855159722817,0.1382676836666503,-0.8195632048352809,-0.2193668233004718,0.9113076121871037,-0.9740293662695768,0.1327587250527136,-0.6464515328417877,-1.7492937829974626,-0.5068174300435133,-1.4156399052414768,-1.4463782093368664,-1.129178583402291,-1.2710507930635573,-0.8876338315839897,-0.8283604927140724,-0.847393181312516,-1.5423538068179674,-0.10098436515070928,-0.8290329312843107,-0.5152766226135541,-1.1021949756285496
ANG_LPC18.2,-4.096853003194178,-3.218320243845007,-4.1122182986949465,-2.952452616538229,-3.4918147972697104,-3.7528404215748066,-3.3970942144621095,-4.562047859657474,-3.83564314224792,-3.801865125494461,-4.156209257363711,-4.197455016413246,-4.356640449685302,-1.8728966209398,-4.468967896404306,-3.0773904407824557,-3.97547637568256,-3.995860961559803,-3.9276289876017825,-4.564936193981558,-2.929242030213739,-3.6887922909947255,-4.970040255175537,-4.1074015530393915,-3.3186341422042265,-3.55293099826128,-3.222478765528028,-3.397023188831671,-3.974556809733481,-2.9829478688400264,-4.635350013732858,-4.707732213751925,-4.221612950354764,-4.798262311066547,-2.133739046436218,-3.939689403285738,-3.441296205062429,-3.558810075552915,-2.516444862503517,-3.195878469826942,-3.2784790608753505,-2.6688397541770343
ANG_LPC20.1,-5.329093118410276,-4.322946411012304,-4.157949840297741,-3.236691837969305,-4.822773029495754,-5.535442802898631,-3.945070424496905,-5.666213474369092,-3.5761613064745186,-4.967896459302665,-5.243348757285473,-6.681063834495065,-4.824213787273399,-4.343088721464473,-5.250712711803017,-4.9261469316255395,-4.727829102821063,-3.990149451369466,-4.422591532980212,-4.310511942501178,-4.255365444650341,-4.99897508086345,-3.993087607223716,-4.305502895253211,-3.0152746456096415,-4.356925666494858,-4.029131852323966,-3.9792304187099496,-5.5576552593861415,-4.410614125961711,-6.820993741870968,-5.572556529991634,-6.114257834321257,-5.959265505332643,-4.949188562286957,-3.828873204974577,-4.169023195346455,-4.341416386873413,-4.08822864607383,-3.8366308838395424,-4.739393339387198,-4.376566465860232
ANG_LPC20.3,-3.702152331785137,-3.321674586263256,-4.290802988505881,-3.561861160839026,-2.9953104384873535,-3.822224724136736,-3.321553531243505,-5.6974416997748,-3.9974980807087106,-4.701908357387442,-5.554240544335496,-4.670967432448787,-5.077936040223358,-4.117566929945663,-4.282547228027219,-3.1140812563773044,-4.764381605531419,-4.6952753328739645,-3.916191061844444,-3.4917372374652076,-3.1994513706593795,-3.837943130524731,-2.536541043830044,-3.632544304032044,-3.7164663107744143,-3.3941505238503793,-3.186992833692206,-3.0800654409106594,-4.678489273762308,-3.4566376418813594,-5.422152681090632,-5.766392952373867,-4.971747301463323,-5.142952921990197,-4.077406423617524,-2.653959265653532,-3.3708496422083227,-4.232174813223046,-3.3423419403859582,-3.3488304364291333,-2.9505129644131176,-3.094716541253673
ANG_LPC20.4,-3.24162695168674,-2.4994136697881575,-3.2661066181626857,-4.0034774455922735,-1.964392235441094,-2.542110169222632,-2.38456381744192,-4.066382035861002,-2.694299289621833,-3.9549475646213392,-4.789563144981124,-3.36748352155422,-3.190556502138557,-2.7406149318672974,-3.0367242332949123,-1.929876204576724,-3.172998065871913,-4.145393335239119,-2.7939695847179777,-1.650604657855952,-1.3596961088070962,-3.247215135667265,-2.3903871528116456,-3.441396452446296,-3.894041541448922,-2.645252007757654,-2.747526850066894,-2.6822982999662237,-4.059352821087855,-2.1313284244103023,-4.443031783214145,-5.182137699898989,-2.581917001687852,-3.756916471061203,-2.350604729536081,-1.6020120894206875,-1.6957238148856026,-2.7203563810476674,-2.0462900592319015,-1.2028606417563794,-0.7630584426312674,-0.4493454085600264
ANG_PI15.0_16.0,-4.689670228794133,-5.425405754337876,-4.834393725464313,-5.113039072799164,-5.862969047588172,-5.331569277534508,-4.992850514250969,-3.55423202248848,-4.2548777943954175,-3.508546336220662,-3.302674294497975,-4.035278098680495,-4.251619698536042,-4.022220504781348,-4.729230219657805,-4.738722118194654,-5.135977951839036,-3.552135157435158,-5.441468667619332,-5.467547189086252,-5.741104262974521,-4.38531261129508,-6.511463824201902,-5.4334551056653435,-4.336058639246284,-5.21610886668537,-5.842518789404671,-7.018351546139434,-3.6612685055322873,-4.047813549067097,-4.1664080060862885,-3.5717814502345457,-4.306511972955338,-4.706357577696222,-4.527346447668402,-5.265746970797127,-4.941132876306651,-5.718632401748695,-3.9971214692230745,-5.115703699179029,-5.3747671689500365,-5.451389698090508
ANG_PI15.0_20.2,-2.0305662192758156,-2.5851026963662114,-2.2837904533568523,-1.7432451384156993,-2.2619626976041167,-2.613353456575182,-1.817198855398861,-0.6599610581435341,-0.8196867907413725,-1.4256286208271045,-0.2834487460646184,-0.34025910897542333,-0.9716922440800164,-1.3317239192828436,-1.7135933570888908,-2.020055388717512,-1.8838220463539816,-2.11045219479442,-1.7576282850578928,-2.321339421339138,-2.3014333247596723,-1.88098154978679,-3.0903449974160018,-2.5442331877384508,-2.5792347508975215,-2.2121016418445683,-2.8700186465555073,-2.232242043484223,-0.33425995863488706,-1.2805699488766549,-1.3392559646898012,-0.4069073218538641,-0.8159448007755591,-0.9778233566223752,-0.6895332574014844,-2.473664750171494,-2.3419053298207033,-2.032967356687028,-1.598187679830726,-2.4747731938263415,-2.3832858538717128,-2.450460520376586
ANG_PI15.0_22.4,-0.5594724258071898,-0.8266433217356791,-0.36586296441473215,-0.9825201523356226,-0.7693470519164881,-1.0581619334656551,0.09537517294364035,-0.715008110497674,-0.4551329403427665,-0.82453580943939,-0.4354122052522643,0.4978572347845589,-0.1719310325265264,-1.0305176668362332,0.12120665370112704,0.4649410750154289,0.05533861524874262,-1.1688623147599204,0.3814735225803146,0.1866515143456588,0.1304884950246357,-1.2668218500505923,-1.6714199553070013,-1.933253575119514,-1.8090575998408984,-0.6032208414659445,-2.1557923826696026,-0.8425919462036938,0.2561204626625604,-1.0817046520011282,-0.8547192181096191,-0.45443676907143155,0.8116659812427004,0.6163803366420244,0.16526613396423603,-0.6099594470045119,-0.11741168078550553,-0.02324183255724051,-1.0979787645466774,0.04114806212320714,0.4928448369221628,0.23142648278087907
ANG_PI16.0_18.0,3.2527006631778774,3.0563479689170956,3.2779658868855925,3.4036001371719147,2.8238076289395013,2.864070327353247,2.303944388374779,3.5193428937777544,3.4865432553293187,3.1692301130526497,2.7334084670573793,3.585741471557928,3.3191584222113,2.673923154697628,3.009947860021386,2.820127091708025,3.02469588852581,2.9406025600667824,3.0448713140500208,3.0048766106518205,2.7171753832009817,3.407844929828467,2.451792044584317,2.6595747881202354,3.59852296573715,2.795562759869654,2.0988466926269775,1.9139990224443204,3.9773486428088223,3.246255185709698,3.170259238233026,3.034925903583321,3.754232937371828,3.3756461363474584,3.0843250119091237,2.990994700892333,3.000303003140508,3.2341383210561765,3.2227516772626443,3.041691131825148,3.3330335214319384,3.081455172559971
ANG_PI16.0_18.2,-0.9222667869787567,-1.0760731322692825,-0.9688190818837404,-0.7028767589060344,-1.5330364582225615,-1.1921488155051625,-1.32996460084185,0.34321756755127364,0.08750775321554961,0.3349788683252005,0.97367710501102,0.5826087595879949,0.30458158361787896,0.3832883718084421,-0.922928820300308,-1.231625491917674,-0.8438879626682592,-0.11674126539635885,-0.9548115223661224,-1.620283757660336,-1.4484889543878905,-0.4089475118599161,-1.7100735307084718,-0.9982155339339897,-1.2030541962020616,-0.9646925789592248,-1.5444857162846104,-1.4732885260454456,0.25602549085407844,-0.12119187266714183,0.04809444324102379,0.8303922521946165,0.21227475783061409,-0.1198823443073402,0.3828021450343019,-1.2614777900672949,-1.2457557014893288,-1.359931598729139,-0.6858083507763583,-1.7581917485473744,-1.7469519827621387,-1.7253026526507742
ANG_PI16.0_20.1,-0.9267803540331084,-1.8993352559672072,-1.5392287627528305,-0.2943995330062851,-2.236027580497939,-2.3025821485134212,-1.7338494169508378,-0.8221789697022792,-2.3149108146226105,-1.5346540192512492,-0.6817560868986668,-1.857203671250912,-2.112291873723952,-1.5790766199199957,-0.864281561765134,-2.265897887113908,-0.8726783647448226,-0.4577511086720899,-1.156999005314055,-2.422355446730655,-1.792967207249781,-0.918305554619012,-2.309040185156132,-2.033435725159988,-1.001701493927435,-1.5597638607947537,-2.5848850831012213,-1.5178516148317158,-0.8929764747947987,-2.350248916286626,-1.9971889771527975,-0.8046179143902293,-2.65276782681785,-2.3634377168829883,-2.023276517752163,-1.7605968867483348,-1.7803883442040211,-1.0075366169314814,-0.9707539893891988,-2.2993798583673426,-2.3436845783192353,-2.303851477931456
ANG_PI16.0_20.2,-0.2093019763468267,-0.946732036761736,-0.8635287526239186,0.26630762689317944,-0.6091499956770018,-1.1426693096986482,-0.15489888408504474,-0.9612450284585978,-2.1143565832950797,-1.533580023115095,-0.44122430724137385,-1.390481030832191,-1.490195637384653,-1.0007497891179964,-0.4705989546635712,-1.1910849987690664,-0.538863166458753,-0.0354069800193426,-0.5390622189421104,-1.5948665149813357,-0.8959076654117785,-0.06827383066892995,-1.3224273895215743,-0.8790535848430534,-0.6112330924839217,-0.16458245095175822,-1.1863375104558926,-0.16145596944695445,-0.9966452877120122,-2.4663764978829272,-1.762167484404262,-0.6446066751167463,-2.408236268501382,-2.0609713562361516,-1.2680697072946887,-1.515762989070928,-1.8799798513892243,-1.7011529785000916,-0.7431537259193783,-2.3189428685046547,-2.2420697511568672,-2.2416826172021276
ANG_PI16.0_20.3,1.510292136392203,0.7768590241639564,0.9807357768313778,1.2451937131219124,0.9572583793348816,0.7376793312893606,1.4550738633806253,0.11447732517693962,-0.5998813469188173,-0.4009847477669078,0.5605174910761999,0.6278339401054237,0.23125005482283056,-0.2388484130008765,0.49093832769313633,0.47122646124638273,0.3803212050578717,0.29781508792957195,0.7078416614338969,0.02751643539394963,0.3787980126340543,1.444359965260826,0.3617992277916034,0.31359162729907225,0.45275837709102734,1.5934478894669046,0.35204897169891697,1.4856946474419337,0.5229097927967636,-0.9096622934886128,-0.21967844486486143,0.4386159931374707,0.05915935627951383,0.15196135685827705,0.468578045611283,-0.6385305484504981,-0.5464457275064045,-0.7116294145620206,-0.4003314341487758,-0.7318494667909982,-0.6388490519312495,-0.7198910188023231
ANG_PI16.0_20.4,0.8120341256148236,0.6004973281677433,0.8614944536024326,0.5646173409727323,1.133853262270386,0.3496077932827647,1.140813790037812,0.721303160711949,0.8250685975192591,0.1616944437940218,1.2808926913275345,2.3637226529995456,1.558033660039671,0.066584823510152,1.034440597402629,1.513755541761015,1.412660676698399,0.5123302835652478,1.5152319844454212,1.5499184169945404,1.020726349361526,0.15112642170572707,-0.05339583894570378,-0.25626003284905646,-0.8024635742105122,1.0911045233215333,-0.4927570052676083,0.5310695061498186,1.4279190483386703,0.5322708844902977,0.43857715763074234,1.156002220461609,2.4448704721344607,1.9289680952885688,1.536935888182044,0.28494071982962094,0.7086021435821785,0.7673727383250696,0.7471108469475144,0.5690732617840886,1.1700861561029898,1.3024586823020394
ANG_PI16.0_20.5,-5.001908343336601,-5.723136288043265,-5.481539935375789,-4.990556375938428,-5.515429402235212,-5.339200313968153,-4.746809713318448,-4.05900020157167,-4.2808399860119835,-4.446110474532589,-3.4729384363181808,-2.6245991567528053,-3.6313711015757697,-3.992826428612944,-6.246514713857709,-6.022195534944023,-5.914332928997654,-5.601298120682517,-5.938123592512679,-6.909477374979418,-6.654363349807608,-5.409635498974923,-5.983077137119083,-5.784975409980259,-7.315866117235895,-5.6316148076859545,-6.332326763606032,-5.868077500931225,-3.222461039093836,-3.795142140611774,-3.815447576791832,-3.3454222684429755,-2.730109090453573,-3.3021456015130832,-2.6269648687761724,-6.210153662125268,-6.2712415156436485,-6.55187275834845,-6.964932434572768,-6.434925073559108,-6.661875564320337,-6.414823167698698
ANG_PI16.0_22.5,-0.9553576775330048,-1.5014078882394848,-1.102868779564261,-1.365337766223,-1.448749931037925,-1.5220121970296987,-0.104365142343675,-1.341253166220134,-1.243744179280608,-1.7639656633711926,-1.2245120514697805,-0.425268888527319,-0.7327607883442264,-1.4190925368042415,-1.803471192069057,-1.434201962176798,-1.7250102504184817,-2.914457303773764,-1.4180506756205171,-1.945460515323096,-1.874536782611271,-1.920030964965896,-2.3134520440938533,-2.6191104291850293,-2.417628277050484,-1.2256514790985833,-2.3465520001712425,-0.6130166914846666,-0.2459997636170048,-1.674580095550353,-1.480289254101456,-1.1349649172287106,-0.691038714651833,-0.4820658985627528,-0.3789690549961581,-2.48127230361408,-2.0818909527515355,-2.2012116062624134,-2.8482935071348607,-2.275012056104527,-1.7168286188946806,-1.9294835560364432
ANG_PI16.0_22.6,-3.385555826232063,-4.164394092927895,-3.780511905065246,-3.604719997511523,-4.360750493123311,-3.7106718729499506,-2.197600015582088,-3.3853115134019274,-3.3128839635384733,-3.90387670777592,-3.092835601217688,-2.7932579450306645,-3.27062952722827,-3.340132711983548,-3.4679648161265137,-3.4332098429647413,-3.164427473062962,-4.231166645586722,-3.2707740316728864,-4.187071796463718,-3.5615179133802495,-4.190604008838789,-4.577283843634805,-5.092195984570152,-4.12001293087088,-3.662970361185628,-4.536283458194818,-2.838892390694867,-2.3700656609506416,-3.7739366056663113,-3.6571698621212554,-3.183273125951616,-3.242445150942921,-3.199060529912094,-2.651954715875517,-4.0759064958849605,-4.033968313536281,-4.092984799022514,-3.643467303546737,-4.298486863431495,-4.0307348026661165,-4.4468944745581345
ANG_PI16.1_19.0,-1.6834301697757506,-2.2294780279643764,-2.155822515393874,-2.0805981286802155,-2.1166694313255587,-2.2134947298058867,-2.067769373884647,-1.243850395520622,-1.7747663220435104,-1.8946003456510363,-1.6472148715549133,-1.5429877783506387,-1.6760102716921466,-1.6620050440145675,-1.7605976909615724,-1.997321095226536,-1.828177413683044,-1.8042616750715603,-1.4488705673148443,-1.6848515862352142,-2.04295845841292,-1.7311113390806214,-2.611635138314173,-2.7708948470833583,-2.2346503508874465,-2.4070056436148333,-2.7790758756637315,-2.8555514969845333,-1.3832600255119918,-2.0018775359500585,-1.8977000398236512,-1.5092351005870868,-2.1632340605214577,-1.5321718800385935,-1.288653752141237,-2.224928311920295,-2.0180727386018567,-1.7423327785081617,-1.4821405607436715,-2.0441502434694137,-1.8182807422585296,-2.0899130257903193
ANG_PI17.0_18.0,-0.6919217069106752,-0.9641394051352662,-1.2687411486302778,-1.0692189029821897,-1.1253422896190448,-0.854802933358365,-0.929764853514719,-1.0770730648550215,-1.9273981640887017,-1.6741596152964149,-1.6368320002418644,-1.296035981766319,-1.580466460683359,-1.223394358959502,-1.540741224918653,-1.7919273659206076,-1.6135376568318598,-1.7463751211880452,-1.2396424820101142,-1.492339145227157,-1.4114636532435585,-0.5279340311583636,-2.08223820839071,-1.80161484763939,-1.771883122846489,-1.2854739445343302,-1.6390091176884325,-1.3271950848474123,-0.7895302543677938,-2.0109036715623305,-1.574371010192707,-1.4707517045562697,-1.796215172141715,-1.403706240026814,-0.7333360623739834,-1.6364818301638753,-1.84891454586368,-1.5687200427381265,-2.06495465629427,-1.4553470040490533,-1.2352268845180407,-1.6140670113379418
ANG_PI17.0_18.2,-2.568755912162816,-2.6040293813312174,-3.2671257834155982,-2.6240691202246333,-2.818820538964688,-2.1249608465014593,-2.363179271888995,-1.8134543143700503,-2.136889218335104,-2.243343500216646,-1.8023196396751735,-1.3583898560795689,-1.1433590584646591,-1.4479404376232778,-2.8083205845313755,-2.61555635046513,-2.1449036391032874,-2.753921064384075,-1.921984826498191,-2.5986532991332556,-2.0853321922456485,-2.4941077427672096,-3.6594784430989646,-3.4594341364159127,-3.4645361185024663,-2.5032279327457125,-3.2770122551448826,-2.7197307041514436,-1.1513816540564084,-2.4257841752188942,-1.9151460984022477,-1.8072657063356476,-1.292508501409367,-1.1379053690822365,-0.8637140588147848,-2.896504626923308,-2.988334298056756,-2.5917456798946916,-2.8212454043158273,-2.8310808889686276,-2.437895397236065,-2.836446191134511
ANG_PI17.0_20.3,0.1649818144475717,-0.5538723731788195,-0.11324394681514188,-0.3022752978569409,-0.3231661807681585,-0.4393412292097983,0.752603605952636,-1.4325820292702538,-1.716477027944312,-1.8765728549465337,-1.3204732257604,-0.7515427149810421,-1.1239687947363477,-1.294950890637747,-0.5153933640352009,-0.21394237670647095,-0.4125821986502218,-1.4010270949932273,-0.25974297890757136,-0.6374429921940573,-0.09754666349544852,-0.12899371772237722,-0.8790475069548508,-1.2578090976730052,-1.2319801824227965,0.42128341960121374,-0.9320045287265892,0.43548581107894063,-0.47473526557426937,-1.9345422452096288,-1.5145886748403483,-1.322971365622179,-0.5182844253752681,-0.37106035232138856,-0.2691704143821573,-0.8959294059500398,-0.9064393580570757,-1.2268976639233282,-1.1963583643346103,-0.7542699444308718,-0.27519797048625305,-0.4063559780463524
ANG_PI17.0_20.4,0.4847212321287297,0.41084629968102415,0.7869307078426018,-0.23082069093318416,0.503812532086409,0.4739637722197876,1.3977747543168688,-0.06031619828280583,0.2485373739526061,-0.3754909949627018,0.06661739108028461,1.636094726360305,0.7868839871360873,-0.06712377247785387,0.8479463858761213,1.6140707351556307,1.2417821105883262,-0.26716293356525966,1.5017572390421676,1.2515456802823193,1.45812412231022,-0.39757117698509664,-0.6878021945200133,-1.0098598318652685,-1.231029076923987,0.7763877993958914,-0.7192483089879874,0.6281515363261357,1.1012241290863642,0.291829553579724,0.11951770097554332,0.19204708522521177,2.1521540195396653,1.9389455828768265,1.4341947246162068,0.7770323696616198,1.2829533359773393,1.1331653304057938,0.5029672009246235,1.2898849393542553,1.964484166193541,1.9373876842646036
ANG_PI17.0_22.5,-1.835517086555557,-2.2990510700464917,-1.3364636414356204,-2.0490175513286557,-2.1551188116724576,-1.952091437238832,-0.03771934006092006,-2.274543026377742,-1.9401255670408728,-2.4307882839209776,-2.29507660648521,-1.5001209698151623,-1.8253240089757752,-1.6595465034247854,-2.198485865918686,-1.805141210459435,-2.0392894525957024,-3.343933486565721,-1.9234767945192104,-2.241625785430958,-1.6865458471121977,-2.7413230432547797,-2.4450331192125665,-3.4607483918851583,-2.890942031019368,-1.5715022446424758,-2.7412070133515103,-0.7539413091855591,-0.9800008380209024,-2.3567412356916875,-2.2439732433588353,-2.1842754818897587,-0.9922817306685136,-1.2628931052734265,-0.8293941729622776,-2.3193402916263905,-1.961536427786234,-2.143450227709009,-2.932581967114658,-2.1024717603049585,-1.740112979758483,-1.2958630646947489
ANG_PI17.0_22.6,-2.8621406881898452,-4.007547874029381,-2.5624307475946853,-3.0810489220957655,-3.5635368804085834,-3.0697492408673672,-1.0257061822115396,-3.1135504960622717,-3.0236792181246797,-3.3093295537115126,-3.0769606342595126,-2.528932684146441,-3.1025025158081165,-2.611122722987502,-2.636184793366066,-2.425005424945597,-2.5699663651162266,-3.3795829699566555,-2.649159560022217,-3.1985168449252455,-2.2119242649922777,-4.171027667718343,-3.649442084881208,-4.498229919922791,-4.243017612260241,-2.834436272225149,-3.7618022607670927,-1.9558136348216253,-1.6948680761103996,-3.3258991691064588,-3.3327758038359967,-3.2387393183641913,-2.3583505057833687,-2.612699925798453,-2.0052670237636594,-2.85338970950281,-2.777303832985994,-2.6809172487006427,-2.835090164944498,-2.943188137675397,-2.954174795807965,-2.2416044204986147
ANG_PI18.0_18.0,3.1942481160239717,2.319661000494866,2.463256542256142,2.645342569648242,2.2485636758897014,2.197139401222219,2.724302025631838,2.062044055363956,1.2865855359280332,1.3774874070526906,1.8906867644105585,1.8375168038460392,1.4646361563500434,1.7436039553749505,2.3211239564577757,2.218618352598539,2.2893938009853656,1.7708950317509269,2.4626794317768703,2.082958578011049,2.361712803916029,2.8441089104690587,1.8073978384300775,1.383058927736753,2.1909031296159256,2.7545098575204134,1.6912889595159473,2.4164984561122087,2.6010137490447263,1.655607661892277,1.6193334209169257,1.9115814218100375,1.5452242117365746,1.9483877279625952,2.252202107348054,2.279099069204269,2.261149977731655,1.981411632783381,1.761529423926691,2.458496817890819,2.514161840184513,2.0665437507301085
ANG_PI18.0_18.1,6.140734023806758,5.341000882466046,5.2438274309717405,5.377862661899277,5.180006447912415,5.190658720755844,5.595265888506329,4.924673196519994,4.391008666069961,4.415368743764363,4.852778475699123,4.727933640263358,4.406218763820545,4.6178478599187764,5.1975040031565,5.104625169097715,5.0014561129649975,4.300886695066184,5.305461863622156,4.817646334020818,5.294150812220828,5.886846632885766,4.871893882571444,4.252326585344236,5.102432035968162,5.591268427743111,4.594339073784011,5.358097287633784,5.498133938874712,4.656463300654022,4.461599146594224,4.880630253281581,4.477917278068516,4.771841131811738,5.1316811715590545,5.173041197353099,5.206388601848156,4.875244415901102,4.491899671542533,5.350267729751783,5.4478016814516295,5.078642317391875
ANG_PI18.0_18.2,3.959535835113035,3.197734677356158,3.2742818339551256,3.0730113273260984,3.3562328771584635,3.2404323115627394,3.648179021936266,2.775767002551514,2.4296156819889623,2.235972799234772,2.6653828354447753,3.147809726564692,2.9580059459999877,2.898470837588485,3.1734364872262812,3.2658530450827215,3.1972719261692943,1.8504276495825065,3.464424564909362,3.082475673607206,3.3080056996593283,3.5957198770823102,2.7734579359485276,2.0987072477220012,2.42564470211388,3.8876680736187166,2.536856156227697,3.620511331508956,3.658940118880242,2.5999491389134497,2.724900079360162,2.656727706667255,3.1667954758864427,3.4729466037696866,3.7037671825035057,2.8924704922184747,3.1660379018264844,3.0763262439460606,2.282774897672782,3.142454789779805,3.3134574115087045,3.1573785301089408
ANG_PI18.0_18.3,0.3607752461177106,-0.5512976230894814,-0.5652589265612771,-0.21599333895524947,-0.3931727435772403,-0.605700676278576,0.11563843220888324,-1.9888864572455536,-2.5842590183760006,-2.330451764326916,-1.9388340112254816,-1.6789316762213613,-2.2899795289991136,-2.0594081458673346,-1.2215856839534935,-1.0766891310023137,-1.7181894304221692,-2.675732567978876,-1.087333793322533,-1.59983981969941,-1.464436636915831,0.4355638725560824,-0.8490032298614195,-1.1612592607596488,-1.1970925397737224,0.47167531680361,-0.8413182985087752,0.20664156603181957,-0.8309407862152408,-2.3439932073892797,-1.8252271927975932,-1.883079504868002,-1.6537261582574307,-1.4820765623458725,-1.1528483879634346,-2.2710818476274097,-2.3976365639193453,-2.3436375609432583,-3.2691170640031677,-1.984617178104059,-1.9331983138280808,-2.317877478410456
ANG_PI18.0_20.1,1.7595361929743147,-0.04983359971682524,1.1069780904701187,2.431269626817592,-0.0556232203178483,0.03585611846880521,1.7130671909887183,0.9021734979365612,-1.4867017785385348,0.07083899078647883,1.0322471559102566,-1.1638019206823127,-1.219850435047185,0.715456459575033,0.689669810398395,-0.2852513422948388,0.5395123578124474,1.102215248702505,0.03421820077580403,-1.031949496026212,0.4025436305060852,1.5622297079756948,0.33881657895431705,0.11096860616378748,2.329245598912874,1.0059201335209855,0.09546227442252984,1.8239509539729184,0.9224996710922976,-0.9893526589123668,-0.7792653434093478,0.6806089080068659,-1.884266821984814,-1.6297030866967823,0.09964184165071358,0.6571782837446037,-0.17555546164197594,-0.22910809366996124,0.6650484671587721,-0.25810379578175424,-0.6285307207926772,-0.5209641080706655
ANG_PI18.0_20.2,4.658758278150738,3.4796946569028715,4.00686408976208,4.262069394440456,3.754323474801846,3.4557742201881876,4.8510684935151005,2.0917300884908765,0.7039474586165227,1.4694725385244172,2.363430930361965,1.4784603286058589,1.1519096248721417,2.303343387936388,3.569289615860158,3.294882705830037,3.1881767157660144,3.067038013127626,3.3711703054377096,2.666203054563537,3.6328667137234274,4.4177782595224,3.8408269202739223,2.9262382856837283,4.314945204662377,4.638435698470848,3.3599116343188578,4.82068683955644,2.6256301375738995,1.2098065405733642,1.1010276688839562,2.007615259541203,1.0521494618327432,1.089146980990762,2.389264764622874,3.4642050296737867,3.2018394567631088,2.663598481697959,2.7324128381911676,3.2470452244982058,3.0170554200217885,2.825799381805691
ANG_PI18.0_20.3,6.767868728516792,5.9184851350593055,6.373884717774921,5.9530151150179815,6.182314233588097,6.072631888196561,7.088947408460083,3.7696275890709257,3.2156623704582934,3.4111526520049384,3.5102635423498656,3.9410896959258,3.534506223118894,3.8561297509160313,5.422653872224302,5.448337042015023,5.05650877510919,4.240391852647443,5.430225046952634,5.05365506508311,5.542921793768534,6.600373968056862,6.229676788622032,5.248023128404366,5.94387101316742,7.006651184821148,5.6961365385526435,6.864621090127334,4.6613855546011065,3.4103974079096773,3.4673773937206747,3.644177493247007,4.044553404623486,4.027280618491702,4.526523596736103,5.165896965048049,5.233236259495166,4.768451643088036,4.175352194271929,5.278611522917347,5.3586653727795674,5.267989530986648
ANG_PI18.0_20.4,6.371206875839658,5.84091122292175,6.621410927904835,5.473492680867091,6.248328965942067,6.001930323957074,7.076170360755163,4.909349609856108,5.151187257892773,4.751931634634803,4.4208848781219645,6.063270077020065,5.478881329795947,4.815889701494491,6.29914163205753,6.764064704547696,6.325332636437949,4.726843362942724,6.614733047045346,6.4996666815475255,6.525601106483213,5.3172389818663355,5.863089425405653,4.649676794892397,5.335906899896259,6.541297997951141,5.066035082683687,6.245252359650884,6.006963508640332,5.058063590426744,4.76898115984101,4.656971400731292,6.629974062957205,6.38236490175657,5.981999030918445,6.566143003784308,6.795098753919753,6.626644758726636,5.73295347084523,6.799661209516053,7.146333950850229,7.389020482996511
ANG_PI18.0_20.5,-0.22919712878117648,-1.156743281190968,0.0205909672531378,-0.25995047753870343,-0.8148998946253116,-0.5773043697364082,1.3160847603858332,-0.9564309287915465,-1.0460308739036686,-0.9717427175023828,-0.7375857041301653,0.0504352403170065,-0.8560030880200444,-0.2230648799541108,-1.8548900127845025,-1.327840926372268,-1.7107424802869986,-2.6741661990849828,-1.4175821971134217,-2.1256894051708333,-2.126669420231848,-0.9895290180366014,-0.9390331772532332,-1.8218828672036833,-0.9072698817605764,-0.4996953528280003,-1.4776140290677784,0.2807330055248808,0.5763139385542754,-1.1332742751748035,-0.4856151272695258,-0.46242260062462914,0.5488204766061289,0.12411070611858604,1.0434066219501212,-1.5536781374256283,-1.4024277632482045,-1.59134294805211,-2.28463614436932,-1.57725398347667,-1.4833009894195597,-1.6160473346551525
ANG_PI18.0_22.4,3.902911184945969,3.376063985314598,4.195367195097248,3.8228764653192098,3.691149378598124,4.034213195252694,5.2041384776381605,1.582246538820507,0.6779125520668383,1.9063886099060745,1.6726280638341875,1.5262376410421603,1.9605458951439911,2.68456555997888,3.3214930072613464,3.265532191112614,3.60661250867258,2.7856518580984164,3.382023455627793,3.249730901190973,4.316915320037905,3.4433208772538633,2.9326569252935033,2.6917910474267903,2.887816048537518,4.144727094353422,3.2690578265877126,4.739732258843251,2.355407240980483,0.8052249442132335,1.4502637124706526,1.5888124964593917,1.4190804747335193,2.1644432306276515,2.997991144015864,3.522987313535449,3.633189982276877,3.4161429219900294,2.786814170173176,3.3644572597394573,3.8558082501331934,4.225994224782751
ANG_PI18.0_22.5,3.3292813000102495,2.71455522464454,3.815565012588897,3.3170213730056175,3.052076762086205,3.2941026752750697,4.798576316682269,1.7201950219217876,1.129391641296032,1.8116186186436405,1.427119171495581,1.8703366424354584,2.0242279266485728,2.49628431687444,2.3311387292249925,2.45381942117904,2.404128099665691,1.4184079812948165,2.5284397463470976,2.342133837807468,2.87096430493624,2.5653042203599696,2.417171363234035,1.9767405248337235,2.6033028536153324,3.499840185706054,2.4274622513864275,4.266627053779796,2.678351179167132,1.004816676019559,1.6569484168691213,1.5917530199225858,2.0868448324658884,2.2915879056714825,3.016604219276131,2.5062288286545584,2.7206695262332534,2.389370706462918,1.4509437350162506,2.525316560971111,2.880698062838145,3.080532559427447
ANG_PI18.0_22.6,1.1977864468421513,0.6200580224713595,1.5106560454460505,1.3638862237435985,0.7919370769227254,1.209414646934769,2.7168199774174853,-0.3256556679913568,-0.7359360662219321,0.17625713126998488,-0.30611588564944076,-0.31212656932919614,-0.2321354341966871,0.6286664388688665,0.8045768040128796,0.8026520006135961,0.8522080481124538,0.13505861225722093,0.8251765346634138,0.48496541981922336,1.3244487956793165,0.4454831558236333,0.2732704959387323,-0.08241820073872913,0.566848338408363,1.1321009272441582,0.3364586838888957,2.2876689453906556,0.5859133233586847,-1.1334957346402388,-0.28650603536221536,-0.16301309222609375,-0.4199188107862208,-0.27504534424386634,0.7197006326610488,0.8402846070684193,0.8257432184631669,0.5867554738073177,0.1410058445123978,0.5468636574439134,0.8057217083801156,0.7975082180550458
ANG_PI18.1_18.1,4.428519768400551,3.642779275105686,4.121387551660922,4.564415337342468,3.851273343261705,3.7938977743838658,4.663476325849533,5.3254549169863825,5.503868581014159,4.745229791147633,6.210374304485549,5.882881900530036,5.101610456276488,4.377923930879002,4.996145605396609,4.794891325670975,5.077869348184846,4.309610661884121,5.137987126356419,4.344673539818537,4.105008715616763,4.214512753790506,3.695748327885256,3.298567901461887,4.0718483308812266,4.887048483692025,3.4687632747896826,4.723597932910698,6.123432525787134,4.810269310382909,4.5976453317215755,6.054422616610613,5.1582960298294545,4.848267674922054,5.008322313797016,4.7433989059030885,4.446641486008479,4.643469465139133,4.868020870969519,3.9360230446899407,4.098657940860863,4.294655113506422
ANG_PI18.1_20.1,0.0616453857463369,-1.1323887434675917,0.14773436140523916,0.99929086709462,-1.0131859875491556,-1.0293204645871108,0.8225696863214408,0.4376051631890278,-0.967217093492015,-0.1339604932810737,1.4325172082029656,-0.11575442997348102,-0.912945842829269,-0.38968570890028725,1.176484297102249,0.5675037223419716,1.0717793339237036,0.6926133463879061,0.8301606778118427,-0.5702234569707719,-0.06326046566029589,-0.2932173416005981,-0.6134549138897426,-1.3650976045080505,0.377308626450257,0.4088756527052556,-1.260913877677416,0.7714244999087135,0.8726117041556224,-1.674887211619885,-1.0610309412506105,0.9490502950374672,-1.0516416000671749,-1.3393988929785905,-0.6627266758921454,0.6222226879918089,0.3028852487281691,0.35160148713562506,0.3164503192750258,-0.38572237802874054,-0.6273444798834319,0.15629088628323473
ANG_PI19.0_20.4,-0.2294334558673804,-0.4876566832891509,-0.05539635464896279,-0.7036501138589514,-0.1942510978831359,-0.10005210484323077,0.601383392701858,-1.163466697819032,-1.3111678631175443,-0.734647270734048,-0.6375248937012367,-0.1922330989382244,-0.03428061810686433,-0.40831135662611306,0.6505452598024063,1.1730876937395498,0.8874691413927932,-0.00813590254684676,1.018637498858195,1.0928934182539247,1.4763695591789436,-0.8527977055194069,-1.2613636041104133,-1.6197484666047943,-1.7765779738013965,-0.00663137578894076,-1.085501936923207,0.00437002085285828,-0.09431266364172572,-0.9274459197677576,-1.1016481066899015,-0.6624758601105044,0.03585907236334413,0.2486984446099706,0.25785372464691086,0.43537110484023817,0.6116721507585094,0.751270142589941,-0.3439937206501038,0.7679134647113786,1.440355489201233,1.2670061357468938
ANG_PI20.0_20.4,-1.7725699473392682,-2.0673460325988624,-1.6801102681555895,-1.810992097725333,-1.7312674745240926,-1.7956444126542257,-1.2985664641487795,-3.1009040335642815,-3.244427436040552,-2.560016607836888,-2.4987550800083795,-2.4680933410482355,-2.611559966902704,-2.731071489797282,-1.664021247371681,-1.2082109043963876,-1.234029083748928,-1.5490611195094015,-1.486508243474392,-1.6475889931356076,-1.117847700010626,-2.1391403392359147,-2.6266503576205484,-2.7495666762199376,-2.7132165686472898,-1.70796987164409,-2.235097555552936,-1.3909542332486864,-2.4083350344368895,-2.7666600015387086,-3.2967614789110775,-2.972789973434377,-2.416667722544849,-2.4079618096545268,-2.5003061979097954,-1.7274839528691084,-1.872420413187476,-1.5586574397523592,-1.755144944985429,-1.7907590964751603,-1.2728105024009475,-1.4339055756325552
ANG_PS16.0_16.1,1.0937049555192124,0.7077970531715784,1.1494761835292735,1.670240015473292,1.0517237948693894,0.09085153357911624,-1.4416883550578703,2.0573428253629737,1.9298182610164996,1.1542733990214216,1.1239665741168148,0.9411234339855992,0.22723284475815064,-0.19890349267090535,1.671837801189582,1.4555922909608592,1.065825780680751,1.9129475931842668,1.7057609757904937,1.183236803976379,0.07589234037375311,0.838609682577676,0.6703461577026509,0.7065759179084409,2.9491031384526765,0.92839396933895,-0.4207253440110677,-0.893440530146063,1.0872272832267114,1.1219860461422009,0.7573779265437826,1.7042442349446114,0.6252419611880342,-0.34379447249623424,-0.8505311400652529,1.8052786087073325,1.305020816930749,0.9839605726815368,1.05544278742274,1.2783662084604468,0.8189453317645179,0.22169614940667523
ANG_PS16.0_18.1,4.767266823024088,4.655885310613826,4.749514312991083,5.130018429021463,4.670432507886908,4.699629020460803,3.19258545611558,5.762644031307543,5.245889964265434,5.19725583540069,5.144996402786744,5.252222309963472,4.843868400655484,4.963055220793169,5.358817768601835,5.038044945340116,5.585506893629664,5.7275180175820815,5.2186028038368395,5.459916000570863,4.018436575466814,4.794357733718291,4.073268185320839,4.859181671367279,5.843311069016285,4.617683798655961,4.271451370739063,3.713468328806301,5.105497858839895,4.469783486949236,5.013736795614659,5.880196874204676,4.457565795617043,4.636117400027141,4.114652781743009,5.348283162905007,4.965018952705993,5.062816799415353,4.896384848567692,5.091412151910188,5.095027430519513,4.324971116535846
ANG_PS16.1_18.0,5.712025888450586,5.937777042613867,6.203799407762728,6.450233492253977,5.661536666486635,6.109993391538492,5.565949150179558,6.488741695321935,6.157806782814622,5.99992946269949,6.02125655596456,6.3530691675675275,6.383066122888872,6.437207616075092,5.8148169764473145,5.927629881774369,6.289944292754369,6.215464753457248,5.982020576113622,6.381440129353889,5.421436766884635,6.075478420056107,5.474721975912688,6.313118995784748,7.1887401345308195,5.951701899389558,6.0391321756245,6.339371352467843,6.230661814923867,5.624203282642239,6.111026366319908,6.95116197448335,5.8379799445683895,6.577639617882909,5.902070962092199,6.0803213665791045,5.668943691576881,5.881664818846632,5.560058566551665,5.847347027179873,6.163621567815944,5.778707578021304
ANG_PS16.1_18.1,2.502852981317693,2.204768378001953,2.7467220976409235,3.4182316699287343,2.285753650199711,1.9597314845392748,1.597081291014974,3.5877847202462827,3.767346280038843,3.0619875064924837,4.311303438619846,3.365741822995254,2.8430271545188153,2.437081661996939,3.282861653780419,3.1725858314894797,3.417750609274221,3.464558097291535,3.3244620481210148,2.9829504756047625,1.289634319873756,2.6600679361249324,2.7157739904967855,2.996431140721555,4.350952148119923,2.782043853848087,2.0318761084743335,2.199394834743621,2.7156714982591055,2.7553165411111307,2.4064812829740125,4.793125284156923,2.85132044932319,2.390208560197884,1.7580217761158583,3.2671609670736137,2.757390531165862,2.865821159838549,2.7734894617725923,2.662121239404848,2.4275497240404498,2.1196910277995076
ANG_PS16.1_20.0,1.7583656159331236,1.7781901954853891,2.5886567992723393,2.390688481241652,1.8166038440023715,1.8805069996718784,1.7313968099266102,0.6578687055087094,0.3482960366402481,0.06659254540352154,0.14398395219191568,0.1964518991683997,0.7528049514276857,0.6127369909055579,0.8493165424510318,0.8233090848702606,1.0391975239557614,0.7758089972501074,0.986388840083723,1.8247473828498264,0.3531670347376807,2.1831272139979068,1.5324646395494528,2.358003129481565,3.097624354956472,2.09760243203348,1.810701784005603,2.405921698793446,0.3301693752089791,0.6722021528685953,0.3128043071803474,0.5012312036641808,0.7219836321143378,0.8938210860506655,0.5008364033799971,0.6253306817759386,0.35467278449059236,0.5373177379056611,0.23393582712293545,0.7296462407162971,1.2289982162123592,0.6896266439750545
ANG_PS16.1_20.1,0.6124837857447863,0.5477453766722853,1.451841534983561,1.2678691933119564,0.38684138844101384,0.6298259625334854,0.6027559730181696,0.875123946205982,0.6744158222397296,0.10687310822411523,1.0620636465421596,1.153917656732193,0.7955942917344931,0.2073909738455002,1.4604851859739674,1.5384530652732524,1.6519987094917654,0.6832784870528432,1.6113157526675868,1.658874693717667,0.15527680223292498,0.6256688055668282,0.6426545421754869,0.7686614459742238,1.861602307586507,1.4710941060012137,0.22313645022220216,1.3183561124672372,0.424519655997011,-0.29627941540167746,-0.09288649696612428,1.3066928653901777,0.5782319485607113,0.22150964766245404,-0.10375464887149956,1.2041222684599808,0.6581209463812518,0.8691740173947802,0.12326302754561776,0.5508535908456965,0.82274978381549,0.8035670122686157
ANG_PS17.0_18.0,0.298688715884875,0.5513751438060703,1.1456645602984843,0.9611329282109804,0.529941566683444,1.2619120319848889,0.5664437240743864,1.1301407591581123,0.7982678035487899,0.8902879852494728,0.715361612452757,0.8598967710478823,1.0414526120176937,1.3161509338921007,0.4926441354219514,0.31417559505547105,1.3227485093112394,1.10229290240819,0.7903426685860075,1.30749623276594,0.34084217505584713,0.4252106480118063,-0.13434615661895222,0.7608494549860129,1.4000206545880556,0.5922578615214549,0.6420869322858235,1.259673249297193,1.1057446228503325,0.3735387664005456,1.4122355122487678,1.6656367974029398,1.090468275084373,1.4964051203549775,1.134021117841412,0.8140921521398342,0.707600650446792,1.2881048802817083,0.45210243961974395,0.8547590614927184,1.381658372549179,1.209804948312094
ANG_PS17.0_18.1,4.073150374665271,3.9949680469597713,4.8323069026418395,4.449815621784523,4.130797640262811,4.635866581104836,4.24290500892974,4.602805712144632,4.069535624562454,4.240208837169166,4.394088610403643,4.360796941291917,4.522334284602893,4.755192508200056,3.9892194760435857,3.821854530116044,4.67972322478843,4.436811371533061,4.238585894657516,4.637502620440187,3.932014316255864,4.0449953009553425,3.5580514612122056,4.273505672213395,5.096908543863094,4.321719892346361,4.2266551618649695,5.004534714404418,4.61053172314168,3.7658733568651543,4.884943146743477,5.247041183586838,4.600472441341866,4.8993149840739045,4.7186503750714754,4.254615397725308,4.047646002662008,4.768446431884944,4.023307879102641,4.340999182822056,4.910458329675768,4.611938367802144
ANG_PS17.0_18.2,-0.18843986615693045,-0.07925775358611074,0.3532382671217235,0.5646452342213982,-0.19886763396477483,0.5464092446488907,-0.22102541085576627,1.0782717824381314,0.30585837247272507,0.7923254228511434,0.3280116187588198,0.8784180831442899,0.6297128675268131,0.6236470492274141,0.11356450447405024,0.21941872842265128,1.0547115530201632,0.883419212979893,0.6495340104416206,0.6136428437269708,-0.18659975077384625,-0.27618277175165007,-0.9847441359429542,0.06885542303172752,0.772998862260446,-0.10767096899268724,0.00777811204561086,0.3752725587280074,0.9382089000656372,0.09071510489312104,1.119103961470069,1.4496983360852325,0.9187598977445968,1.0519440855655582,0.7793122051163106,-0.03780796770073905,0.06399121626021433,0.9443990392528352,0.34130858857941293,0.4010303399572341,0.7152344682866019,0.4655421312082255
ANG_PS17.0_20.3,0.5477779217022112,0.5178050690745545,1.6579723088341574,0.9395232484823364,0.7337835335719141,0.9006669157562001,0.2958944014841049,0.6007158940647552,0.39219938403262433,0.3667171141695775,-0.01604187623207418,0.6378607621694349,0.43120482845582936,0.3197948539933784,0.3210729451438427,0.394537075279655,1.4829476555240415,0.54528545933069,0.7872536728613849,1.1413689916963805,0.01069676480625685,0.329968331189692,-0.1422475969834578,0.4967932470505041,1.2074188420858294,0.8547153097428128,0.15270221918627755,0.77826528799341,0.892193144908642,-0.08280780296732668,1.0922313071323346,0.927375515848324,1.1328262500762798,0.8846012578609836,0.5062120734616994,0.2753249210817597,0.25946454619904974,0.9508412151884196,0.17596740351644188,0.17411858665867197,0.6485630190432397,0.391594206250274
ANG_PS17.0_20.4,0.4574679406101147,0.41810656308176675,1.4560271277220638,0.6526708208628379,0.6598751908038873,0.7575030061884942,0.4840182075484348,0.5717854809096035,0.3078438666459223,0.295878302062863,-0.02935825372009192,0.8135835982816245,0.25432366364457026,0.29413131369621176,0.2101316148095545,0.28372692414695655,1.1074707053632165,0.09262385511629102,0.6292267202201396,0.71860162595252,-0.4952152066622298,0.1335142609434104,-0.32204126522926363,0.3900625619282034,1.058678703799982,0.846017122661223,-0.09236838018574864,0.7233595992701511,1.129002717648544,-0.07032114764201429,1.016142872537778,0.8230636761799582,1.283071270319556,0.8481642784264789,0.6268668202266041,0.6008526771831131,0.8151967728893382,1.174494323229298,-0.08186955931992249,0.35794925515313575,0.7517051352483755,0.7681510010853301
ANG_PS17.0_22.4,0.2446068743302406,0.4218244475686389,1.427963991240724,0.8509740423168805,0.1573691001169401,0.6039119966916446,0.03602370215916996,1.3742211685765295,0.24514193162774908,0.9161971229122058,0.71655506355555465,0.8161865144462428,1.3021752908616404,1.436273487265974,0.7585296204400026,0.816020555726269,1.9791472741145195,1.3789349852578467,1.2053954847064643,1.5793130815957928,0.7247346217548181,0.04138166418767065,-0.10979476274100625,0.4625218492590413,0.5730587829376356,0.3554386978221101,0.08431550208992271,0.09856869248146163,1.2949703695525765,0.28832316559185184,1.659601468157861,1.48692502647461,1.5232928603800708,1.4354202254754411,1.2490375742083892,0.9000647614856073,0.7631878041927705,1.5265318981030511,0.7623318335394257,0.6296295996089581,0.9371746059843749,1.5310492824163733
ANG_PS17.0_22.6,1.6107900278238183,1.4246537325456408,2.68635902559079,2.078636713137321,1.2972060082490686,1.472228876870753,0.9463945366610844,1.907100932140864,0.9235955155198236,1.4665305101331902,0.9671388853698746,1.3052589987778231,1.4550540406365868,1.4500463164671775,1.6331641134382535,1.499760465676919,2.4951225091204052,1.9653685705493489,1.574016913224161,1.7032557761043243,1.3285596256518988,1.3612743079905325,0.5491996412166202,1.491542211111447,1.991623205588204,1.3201370564678807,0.9889139709408544,1.4030327986654534,1.9501107281979355,0.7481960615256128,2.1293128046561645,1.9521202126750752,1.9930631061818456,1.7236918379903376,1.5881462257629877,1.5400478317149944,1.2354080547771755,1.736919783888402,1.2375865138469704,0.9190536334798164,0.7931633473777462,1.1822476460068356
ANG_PS18.0_18.0,5.4225354282689775,5.27955685740637,6.078722893129474,5.5832569409059785,5.271175116979522,5.446758990492639,5.8006595538047945,5.6820485029333145,5.218194785374327,5.209355181315625,5.435273624404621,5.480865298684704,5.4816915093583765,5.999889980052385,5.062517408970008,4.563077302301694,5.74570663749237,5.429360170423318,5.224049555577511,5.635995663353909,5.2143015342090004,5.321211949615461,4.84349987391194,5.462050767744546,6.4307614070508,5.502199381588404,5.282867484583642,6.534144840557948,5.679533539813244,4.76612653152342,5.944296318101888,6.136160436075993,5.907195122470709,5.926769456110823,5.936919282248012,5.1155857787829735,5.326810516268833,5.737072853059801,4.868443310830454,5.26461870987911,5.6147565055280815,5.713357150206783
ANG_PS18.0_18.1,7.802370248081334,7.6970244085565875,8.569889146844126,7.9229278040988,7.791841592020108,7.861595838827644,8.149107398284137,8.074738435086507,7.594157208243063,7.554385911518274,7.778378312048129,7.805073534468936,7.856260373475138,8.391247235646608,7.427912750251758,7.180785615324628,8.196122677117657,7.805051432609227,7.482407763152993,8.063678917535974,7.647637666987202,7.724359466961786,7.242213715758665,7.856892596772505,8.899137655004493,7.869482603092907,7.653281279537931,8.881762656722572,8.230999822917292,7.150596029200194,8.220914597357078,8.518053525373793,8.273159619053114,8.386400092877013,8.310493835971107,7.595915984983973,7.683041950558486,7.984345356248491,7.4223435958586785,7.729775994542086,7.985787086434661,8.068366839382056
ANG_PS18.0_18.2,4.063558181540934,4.134333124799817,4.944059026372665,4.5565747254928,4.204007608383441,4.408565408441888,3.904614327349933,5.022625237829963,4.438565610700592,4.57425765798608,4.555937783832684,4.976104056593427,4.81495646814779,4.991274638190429,4.201662703632355,3.941272038463043,5.108962506759816,4.626091110970292,4.533962602995825,4.640133818240343,4.363486414813694,4.014441505209166,3.492128464583181,4.204939304885112,5.005496643138432,4.057121165199794,3.9412896697809257,4.748012990709216,5.181175656727741,3.904524739594076,5.261535374531744,5.374603191679224,5.275334264697058,5.155838479941556,4.951916947571872,4.312838946933387,4.204788806737181,5.010717184389853,4.134056374333463,4.4209835060894545,4.819227276352657,4.661611027139951
ANG_PS18.0_18.3,0.24504955876816,0.4131735105776512,1.2031999279772854,1.2584455113508413,0.43869929904611654,0.32006532058402903,-0.01632411631399716,0.06359475474841059,-0.5281658491252341,-0.34265573499301233,-0.5042667773068662,-0.09168769223389751,-0.4608646965412851,-0.4427791559108496,-0.8852228136916194,-1.2285520802605472,-0.40065762968706226,-0.6748058853767357,-0.5680897539347911,-0.6559464432667911,-1.358834131694851,0.2871604988598855,-0.17069924699582742,0.2396895469309237,1.6176838921756258,0.32643314992563843,-0.1775572250927819,0.2065531439879841,0.5573954876653056,-0.0909768352068964,0.6034169572494533,0.5861539426231709,0.5207892570134731,0.16438118005556546,-0.08030687513140812,-0.6796118148232394,-1.0120060849737584,-0.771720819075291,-1.0903400147086268,-0.6125387564767062,-0.6345621213772515,-0.829296595428959
ANG_PS18.0_20.0,0.7071683773636303,0.5018465065488171,1.466742629767931,1.3130010798734206,0.5649109211577905,1.0347203538192482,0.79717126290363,-0.232336821261987,-2.1720333475158484,-0.6236144098850525,-0.5072339927532792,-0.8673654967297126,-0.3568479728682953,0.03113782448828428,-0.8395993435133816,-0.7364216740119435,-0.07808164559449203,-0.19711321990649663,-0.8246371557131322,0.2570774210448409,-1.187871635447251,0.5915568712945484,-0.22734868980608608,1.1564168492675635,1.7627730046449233,1.0150463613074483,0.9503492876206968,1.426865245197649,-0.32822512703088136,-1.0005475562656654,-0.02591627373841278,-0.510201522155227,-0.6518101237304399,0.1913056884337903,-0.01524170539599935,-0.7328673086455437,-0.7073331141427333,-0.5268292999045354,-1.047150143572291,-0.7632052112823655,-0.593034435360333,-0.1073668554725096
ANG_PS18.0_20.1,2.4992545268663133,2.392466725962337,3.038779063744058,3.1481193302827246,2.2288316821821716,2.7883743721089336,2.3738726295490755,2.441505082704375,1.4648720445151406,2.084830272715413,2.4003965100888465,2.028808934227958,2.423971244685092,2.4514777092095295,2.4485469563504676,2.3323860911646825,2.965376296262909,3.016270740235145,2.4771947159094925,2.8295050420935133,1.7289573657066697,2.299394208070935,1.6029655249956134,2.891187600407581,3.628558162084326,2.502728427662122,2.6083635918660537,3.3327803868683596,1.7333921728344817,1.031468438402851,2.478799489656948,2.425587435555786,1.7494216122632993,2.378852766776551,2.3681137696315586,2.18755643596403,2.0256773702742197,2.118776042117743,1.7054402330571323,2.0265075303443436,2.2422547478122725,2.2632527122886676
ANG_PS18.0_20.2,2.986008108141842,2.92107458601063,3.5600973732622396,3.597745915174386,2.8208629492378474,3.3437697658770276,2.8581900925005272,2.863697037057298,1.7445658709781942,2.525687788979434,2.683877452182846,2.2853636740753456,2.9829647598249887,2.968672575499781,2.8222245211743338,2.82341764707111,3.507901294575301,3.2255205546093606,2.998597991634803,3.3729347942929917,2.487087975392408,2.95068307255482,2.2922433713939507,3.397703077500855,4.02382871718742,3.0902369054056416,3.3679218947497676,3.828777020017359,2.360185849097713,1.8630920569916216,3.109898226312963,2.9506259778649513,2.5049829642612673,3.089183486412358,2.817242058490949,2.394513883224355,2.2505012435375074,2.439330789499938,1.81473463633844,2.3007737937495216,2.528772930885059,2.3830887218683876
ANG_PS18.0_20.3,4.548066421830279,4.726775788080685,5.6769409399527415,5.362269727207301,4.733660204298349,4.993421724810832,4.376044407694253,5.099325862852214,4.100882067294728,4.83439976776187,4.892910298686607,4.665993400675584,5.2277644633108125,4.859780767325577,4.350405484964537,4.520173217025378,5.294719102400629,4.754022621898745,4.691263747583277,5.067425424590436,4.17802944016584,4.5334211163298175,3.892032791370806,4.999909268734119,5.472574050830058,4.789630536644075,4.668388232089239,4.837125415203298,5.035236530475734,3.947370246417408,5.714852323115506,5.619607831082719,5.10325761521126,5.570173976407803,5.345261104482494,4.14800583253823,4.238058640569266,4.421401415036093,3.763930864831035,4.213875176962026,4.2845528102273995,4.321731028131671
ANG_PS18.0_20.4,3.882368196032516,3.980155206424482,4.788639365001242,4.422906511536794,3.897756139334028,4.168901689400533,3.722601012831174,4.081340718136175,3.392595632802955,3.8233129668093726,3.775331185578165,4.12118495278237,4.024356995678522,3.902362924269316,3.3945923400361795,3.8039535062235834,4.106293964689054,3.403785107655718,3.7431184931722687,4.056057853485604,2.822907904463438,3.858119064247828,3.1036293429305646,4.160990655627837,4.564685428286054,4.096714307632432,3.920134889652435,4.1118567992123705,4.223845112718046,3.3290443285441462,4.812989512826962,4.509562169029277,4.701683180759125,4.477436948934134,4.358714059773459,3.560992480462258,3.474241781789792,3.589699871484956,2.84601608490959,3.5813371983485505,3.4229303801055564,3.566763454012984
ANG_PS18.0_20.5,0.02179319329822467,0.19438916235795936,1.0747310224731217,0.8094267979156194,-0.1119996694560442,0.25192903560352853,-0.20695796252556037,0.4917610791288263,-0.4992127244086157,0.5585186477584878,-0.04592882989733696,0.5398586835163114,0.16844751514531933,0.4765165706296152,-1.7653903491146183,-1.5468013915207417,-1.3492267905022726,-1.5946695952989658,-1.2957788440172182,-1.5269239390711495,-2.686777471626689,-0.35407101419154624,-0.5456853793879508,0.4440203756752137,0.9582046478610444,-0.20646472520403367,-0.16618801041194703,0.04110419769110002,0.8426017155804488,-0.34243695384863687,1.4545373730260684,0.9192890115939492,0.81910917519882,0.5365183722095433,0.7101562922335651,-2.1734055492076862,-1.6188952689124383,-1.664276510734939,-1.2602244924660104,-1.6376929017418045,-1.9639177287861935,-2.726323206444244
ANG_PS18.0_22.4,3.791869584380001,3.7414916090598807,4.550377686534324,4.308785768696632,3.4508886952099895,3.908432237460786,3.2284262936994534,4.649673288559164,3.8033612067010942,4.202063197313399,4.126349297743074,4.258071313665623,4.777500919550751,4.888906694383666,4.257281767301606,4.1639640216500755,5.081559429046954,4.6191784944212975,4.323597439389605,4.81655481610846,4.5540757109943355,3.3874008828726394,2.893248609113225,4.021910084998049,4.161673645487017,3.7453425663949353,3.767198216408554,3.6767514896752194,4.445293955614861,3.316216555053886,5.030479465520929,4.900961136408322,4.512220632436223,5.087476582080175,4.758920558776008,3.9963526836531194,3.931831979071311,4.5389603281837125,3.9224376957093714,3.8402261384434824,4.608227752777653,4.775416390961467
ANG_PS18.0_22.5,4.172253205324885,4.28895461638619,5.290322453392066,5.057730518045248,4.066440247368927,4.0762663147668405,2.9539158721506635,5.292257152037352,4.534200930363626,4.909627751442069,4.701838982316548,4.863726570753643,5.128976434659145,4.989606138775694,4.326529659935041,4.217679615631851,5.031196930797527,4.590005830214133,4.50688949973023,4.763586980615563,4.205093399735999,3.937433354014634,3.483703781099252,4.600259725709401,4.968330853012919,4.185848101613721,3.693909744514409,3.335897404024488,5.2557295279445055,4.0308249859970005,5.6142987658758345,5.409272894684217,5.025902456884203,5.401903911385843,4.741621197503314,4.128506367185634,3.9795952443965823,4.569929402911332,3.8305613866890225,3.856806682375402,4.361918444200191,4.483094770830267
ANG_PS18.0_22.6,3.6286323049289377,3.5154388723529784,4.5340714922242125,4.206772296087068,3.3095246806721277,3.5149542066525443,2.7905369979666252,4.337909688087476,3.382005196331464,3.924858292763055,3.626330316960985,3.776000992869161,4.04583482006928,4.038941427777123,3.7740956003439297,3.404098362735439,4.468420298136284,4.220450063880851,3.744020583829914,3.8487261102389376,3.6497483564434368,3.447514215549251,2.812876004041604,3.883267226787396,4.339663153398448,3.488746593674944,3.3114370796823835,3.0619110176142086,4.221386637608968,2.8532787460566302,4.6163289499981195,4.432320954005259,3.915466793688349,4.218516778707463,3.6710721663813817,3.644449489435704,3.094977636811801,3.702755601544539,3.4191559881502274,3.003728985771381,3.208184503184055,3.3985671499606434
ANG_PS18.1_18.1,6.2613298787479525,6.0223668804609565,6.914792061639785,6.944293319860397,5.922583863531459,5.820552845619573,5.840636812338419,6.750319485992367,6.55972224666839,5.808808253271947,7.300541453424993,6.920475406205846,6.423878019818867,6.094719717740688,6.633918915655073,6.726479003336114,7.08867757108085,6.518226601786563,6.599604598165569,6.380655993379496,5.3295246137109205,5.968565518966408,6.071697524256796,6.185561551726929,7.895485710349977,6.844529795359864,5.622273517723634,6.813141668104781,6.810611232338834,5.647081970068041,6.456712932126534,7.775591241389791,6.8200274368892435,6.038255531909304,5.866832845135976,6.82087529438298,6.32774753295303,6.695628550136573,6.400060515170349,6.180216498697741,6.10185565699014,6.154742795544981
ANG_PS18.1_18.2,0.8109175348026717,0.6753673267484352,1.6568930762617995,2.015773177546541,0.5223887776053769,0.3617354580762796,0.27463880754546566,2.0432729790126243,1.493153608259547,0.8519999463195608,2.2451069846899427,2.149190007894551,1.4997420643275663,1.01455819100817,1.40934693686416,1.2548810093443343,2.0587178695529578,1.5763220776573676,1.641101444306891,1.2090990321130983,-0.13621920845990762,0.8106585712415636,0.5478752887048747,1.1628108033475952,2.793224577549902,1.6754809249280904,0.1328254289415284,1.4264067686808497,1.9779580939503472,0.5443265991116284,1.752559385775244,2.8918060115320396,1.9037267411816592,1.0276761043255442,0.7842196050960387,1.5468621104506064,0.996912482158317,1.745748476328793,1.298970846717073,0.9677267179394872,0.8538288155552577,1.1810507605464258
ANG_PS18.1_19.0,1.5607298699865697,1.6603123233408206,2.4706394939314436,1.857865814577987,1.681938773861982,2.1636974969774023,2.02911196555543,2.530277261323314,1.5679220091577988,2.2751718058342347,2.7493999027169207,2.200242483614128,2.6942397988700617,3.0833187374084257,2.3503205930108058,2.1514585428382302,2.6515927537740622,3.0493054699566735,2.6016112724282525,3.0531224690427887,2.317500984853444,1.774259152489364,0.9518489737196576,2.0763237123649843,2.8040977896236634,1.8958841471496997,1.9765808322605816,2.605482473195979,2.2753846330354635,1.0505116787750604,2.9104155916330807,3.393881499401022,2.3922381612969783,2.9086876471510936,2.845862727603458,2.2367629286023427,2.0707003683125143,2.515854482383526,2.0804452972059275,2.0748150650924733,2.6192181395768936,2.615919679046925
ANG_PS18.1_20.0,4.432503405418937,4.53912287208014,5.462307560306954,5.155579920125742,4.498625508308169,4.866658516373388,4.752435868895597,3.134363945089448,2.2686105126565193,3.084636500258159,3.287598720822356,2.862641838489524,3.547317585173238,3.837822599912025,2.9236398148386877,2.559724690011364,3.162564519014381,3.481477676380973,2.8743745037834687,3.719399194136988,2.526987546480089,4.744744224322423,3.9238961299993576,5.265733952046942,5.873565175641748,5.044228920535543,4.893385362718215,5.480212918681632,2.858850393006187,2.5557072400293497,3.635738899852508,3.6978204290977983,3.1656521983571606,3.751810182512216,3.620458308418696,2.7180907604836197,2.439933310542498,2.786346044336941,2.4320272198851844,2.5018735955924187,3.2195931542475065,3.271099069222721
ANG_PS18.1_20.1,3.769588082815012,3.6937274621475766,5.03054884659281,4.389887562745628,3.683167257819442,3.9852680798332623,4.303608605483484,3.736355881265931,2.951604358733547,3.5218859979303767,4.4549982505209185,3.972324373737285,4.2224164442281165,3.9779092496882695,3.720263632241176,3.6892794543398457,4.259034901308112,3.974669334219605,4.055602903619445,4.170564067544166,3.0191839409272503,4.006395345831154,3.687920290331831,4.49025325004837,5.1636588254299625,4.894629638128966,4.051008966911087,4.9209681680092245,3.2382600440318883,2.329443795736472,3.709375518603688,4.570286683208197,3.511017072044973,3.5787347714136435,3.4983262559935957,3.3949537153482696,3.1053229227429076,3.3957481193446366,3.1115597618390702,2.8589876297348757,3.2798920147972708,3.397210045478698
ANG_PS18.1_20.2,1.415218834112825,1.2111822690586476,2.799204819810759,2.245305457569096,1.4209415642242966,1.401229093693278,1.532755321278606,1.031654856747214,-0.20386805181117224,0.6387750562942311,1.9234251471854331,1.2114700848903042,1.309418414022168,0.8406080455257715,1.7008342553519118,1.856472175710661,2.3293040051926095,1.9812034641479728,2.0774593639222125,1.8534117856345325,0.2193756791269511,1.7038598370605165,1.3576612254532778,2.059596624425709,3.041036288985355,2.712913420138682,1.5636663117629352,2.131556135461587,0.9401223183787404,-0.16283744377278053,1.1393269403918005,2.168488114872594,1.013575823107005,0.808982710612139,0.6117060556643249,1.169147316468503,0.6166866008919525,1.3061720326224593,0.9965412939791718,0.7406494261381968,0.7528017181083018,0.786138700964888
ANG_PS18.1_20.3,1.0645999500530687,0.975944261218488,2.5718072794274573,2.04988569999186,1.2464549192628385,0.870376765014747,1.032052790392211,0.896822668845703,0.7437346182839503,0.5835671719546958,1.6521142519357377,1.5996047424479307,0.8408358070160952,0.18248170141275732,1.2230628298752146,1.5101722636810382,1.9386228398708356,1.2494623959680968,1.494460093596243,1.0488745536357322,-0.6923760886209819,1.1308623614411455,1.0045028887063294,1.5477848135613093,2.6376855360935108,1.9828709910469884,0.7450174796767638,1.2642796698105585,1.0622918540362456,-0.3125731578060184,1.2875497596733678,2.179204414005788,1.3274778337504751,0.7629983383453791,0.2699397946625102,0.9189877523527042,0.916149713254254,1.2280835540171269,0.6571614742455926,0.709428911358764,0.31961771699754854,-0.42443801217992727
ANG_PS18.1_20.4,0.520550840496919,0.32183498016129286,1.6084626708764656,1.031032619473058,0.286007263545032,0.1370485359093918,0.5816391548653266,0.5234014999625718,0.330708120914504,-0.142526678245574,1.0681573051248832,1.0449419901003636,0.05967033588308469,-0.3970973826023077,0.08889739991895154,0.7432888576651806,0.8164498585889378,0.09442949782506532,0.8061833153479332,0.0718833343744702,-1.295563913376265,0.31083677188932224,0.19815569912049225,0.5391547213871414,1.6041888357067795,1.02299719200227,-0.2016231466703959,0.6989581328903932,0.5008235664127091,-0.19038103885731708,0.6392941300184725,1.709692379821374,1.105796481425791,0.1666278171989203,-0.06564570197608086,0.40369986268356495,0.05240109660612886,0.2291890543524398,-0.293651349256779,0.4399156269880152,0.2104493410114001,-0.2319289512180553
ANG_PS18.1_22.4,0.02337785036436126,0.10625972072594804,1.4046427156672494,0.5042748224189698,0.39658959502762214,0.06869305210089316,-0.580090384701953,0.6065561084712348,-0.04354163272462624,-0.3812422099909881,1.1578826975419754,0.7700434601676948,0.8150176541030149,0.3563908079981721,0.7427298718283085,0.9870426267421796,1.5445285132644355,0.8000847762434083,1.0010605526437626,0.7016954911457569,-0.7629090760628642,-0.3143843510141715,-0.45770854653640847,0.29064767253936324,0.663152998488938,0.9105902360882244,-0.47266986924917725,0.4698723825381973,-0.11886769992302176,-0.5343116592036062,0.48028715427561586,1.3398311680963997,0.4411542789004725,0.3933934335186726,0.2431825797769901,0.5679270912765046,0.44816715517762656,0.9250507506209954,0.6706669830713651,0.25550510046451985,0.35229792279459815,0.13733918153772393
ANG_PS18.1_22.5,0.2069665248187995,0.09902922086677372,1.871574532672148,1.3274254833184542,0.06590519911869379,0.12867952298514623,-0.4506159380512768,1.205680994843089,0.33978317515352885,0.43784446346838535,1.733406818946302,1.0879595808015474,1.1908470230333503,0.40332486313215093,0.36138929733739095,0.4888355901944406,1.3591983464729895,0.5750545412304294,0.8306523883266935,0.197005789770711,-1.7678048151245196,-0.03254678786606587,-0.08209322202508813,0.6500515117442061,1.5581685103893486,0.6989352570780795,-0.6104411971234439,-0.3610311411910229,0.8730321085434397,-0.3475669408101485,1.3325590815715456,2.2573060771895737,1.077485938312867,0.6129308058400591,0.15560713824776456,-0.23249194342895263,-0.0092101918358903,0.4516702473432785,-0.1941879754388476,-0.08940538289885072,-0.05020193902838621,-0.5120749686353141
ANG_PS18.2_20.0,0.5135431701660169,0.686276264024812,1.6454712392055646,1.2935745400970633,0.579091736068186,1.0055761996665955,0.6782732419999995,-0.7953155614768134,-0.6346815166634155,-1.0419028108429,-0.5446603427562478,-0.8246838600109353,-0.3905280472359758,-0.3908308491704159,-0.754544647028271,-0.8484252302490235,0.05783479129830015,-0.03907185542276178,-0.6414425394502458,-0.01435462732470468,-0.8712285093619371,1.0422713377923654,0.0981353132109866,1.4062698886163023,1.577284516743467,1.1936236046254962,0.8828783011850787,1.13835685721964,-0.996706957367996,-0.6373713729464581,-0.4634048608896401,-0.14039178262237575,-0.7249800466798848,-0.1182192579482502,-0.6995288448568862,-1.1391802469629146,-1.1064512878178554,-0.8090038778124041,-0.6463742655913323,-1.294477817662492,-0.4863247456773093,-0.6278242115408612
ANG_PS18.2_20.1,-0.5736120876874944,-0.420967524325884,0.863900777475985,0.2287301479297607,-0.2957920537630178,-0.3571190448012991,-0.08598585079773549,-0.27021839514229934,-1.3793356261781538,-0.6886898387123609,0.2529470253144998,0.02585996785453539,0.08417035006826713,-0.26425148173911744,0.08300125766456255,0.14585972428748423,0.722333500571293,0.1283961385381775,0.1289871590711758,0.2900055259698446,-0.9112280021570596,-0.35841385457512764,-0.47908249263032526,0.02078968433567308,0.7303473814983298,0.9467608473623432,-0.4136930851633443,0.6864892571838076,-0.12474114421085414,-2.0090759079224503,-0.5079336925699258,0.4919850363774434,-0.26882325768867504,-0.1750029204495521,-0.6358023358666275,-0.16626845580891833,-0.7668927280947065,-0.01996034762042798,-0.4013429136714898,-0.6635418079322114,-0.5011649298735973,-0.4977283995007402
ANG_PS19.0_20.3,-1.6287529454806906,-1.289281945507566,-0.5871711640600821,-1.1129038255256762,-1.7786244698488278,-0.9490023034488452,-1.5908473363431055,-0.528984999170726,-1.530624956878512,-0.6635758693633429,-0.7245931592916172,-0.8577814814346028,-0.4014787113193041,-0.3638368716559812,-0.7664274095289849,-1.032525082587615,-0.32554317931806426,-0.33985441019432366,-0.7601105506657592,-0.4308661651936717,-1.415219645543323,-2.089159528102551,-2.107175286483524,-0.9424526029271032,-0.9067671468780046,-1.0355658949633844,-1.2836498391927285,-1.355671410496199,-0.778861050689142,-1.8695933242387015,-0.05821608150957373,-0.41399699356557745,-0.7123714648342847,-0.5456956201694361,-0.889592370538708,-1.2615866216352627,-1.678495626452806,-1.0547556821629007,-1.047214613777948,-1.4902844491263456,-0.9179193786738518,-1.157681049017841
ANG_PS19.0_20.4,-1.9909217622218895,-1.3688628756720915,-0.4526229845464008,-1.045243385747919,-1.7244037366538567,-0.7418905228181927,-1.4440077817819956,-0.3175512634032581,-1.1729013341775856,-0.7670985587979331,-0.8671010833270741,-0.6627376648363343,-0.562155281173191,-0.5217437817719951,-0.5805294877854907,-0.7939649232577031,-0.3983963392007516,-0.8219983307369035,-0.7431134544120114,-0.5404115555265471,-1.4578063391412606,-1.868697404046627,-2.334737677621175,-1.132989054222698,-0.9813610733746904,-1.3418982995762332,-1.5961603543867429,-1.2209292810417136,-0.5877045665934256,-1.4256276463353192,0.22665078696671817,-0.11940299610641024,-0.2999239689193911,-0.7430499628467663,-0.6737710173021557,-0.7949979915975981,-1.7085516585559577,-0.9316622502622632,-1.758093774616011,-0.8614533904135395,-1.0136060681159544,-1.0260199489129194
ANG_PS20.0_20.3,-1.5533920157832957,-0.8568458676814533,0.10728121684941674,-0.06135372383587616,-1.225948277335387,-0.42325640058596387,-1.7759555424212274,-2.3813552358379364,-2.5023384812152893,-2.9135012308560944,-2.145372415579675,-2.6137280686834403,-2.1913033484309947,-2.387072288436829,-2.2797286463384236,-2.7913023918394884,-1.9128852841871715,-1.8315224433901225,-2.567322505820608,-2.0602111783214054,-3.119126406523917,-0.8810915145449058,-1.543043925405731,-0.20894845470542495,0.13620105257979326,-0.9125407609313092,-0.8815544682553197,-0.6905656522783812,-2.826252585212029,-2.7266872139916405,-1.9181303853557783,-1.5487295041659008,-2.754070496912832,-2.1202317936960515,-2.8481846988388946,-3.904304364750279,-3.710883535397064,-2.834047547246335,-3.055631352922172,-2.9103978606933474,-2.359175204231105,-2.4225586389010667
ANG_PS20.1_20.4,-0.06002510824067644,0.02243788392723863,-0.275484122914124,-0.5602058912759313,-0.7633011444899065,-0.28102566959607655,-1.013202167741418,-1.940470542981112,-2.2561534647007933,-3.3075136145600523,-2.505371736829445,-2.028057340866004,-2.352541883346102,-2.3880545597046066,-2.3990299206802965,-2.1266866639409474,-1.7990749687455794,-2.4432113996307887,-1.6750096788832525,-1.4622745704808964,-2.4583308596616567,-0.01544949953825064,-0.6698816472945853,-0.5134109095472212,-0.3339618565245899,-0.12967008187409007,-0.604867156601521,-0.3104193332934361,-2.3315975024967415,-3.046497150528167,-2.0819752514676395,-2.2954295923945853,-2.0386025776942933,-2.04619652728836,-2.2343042963428945,-2.1459924585857157,-3.173403734367702,-1.967434386645906,-2.794373158815838,-2.5524465837966424,-2.2310290869444698,-2.5491500048242375
ANG_PS20.3_20.3,-3.0853205778713173,-2.711279412329296,-2.901320247581822,-2.3428373915959506,-2.556866350739945,-2.8099342174775077,-3.3251156951239755,-3.5431690382679264,-2.448608234788736,-3.3624196247744846,-3.2751831077564115,-3.065014614104811,-3.572798496055098,-4.050716475269477,-3.5067369475033456,-2.593909500412089,-2.5026736240575658,-3.538072135139956,-2.625214717021084,-3.3398081813669025,-4.5098365297474965,-2.987435699195529,-4.681298103174006,-2.781025395593823,-1.4859627914679754,-2.55292124261625,-3.8152132347393466,-2.857468195878693,-3.8604835801088617,-3.077276229499233,-3.1869986396390906,-3.2368605406056448,-3.4942306615923107,-3.819723639508797,-3.7160037900478313,-2.467379897579963,-4.044543086666039,-3.3884692353159416,-4.079467035367193,-3.3026621823050206,-3.639563619647597,-3.420241807554183
ANG_PS20.3_22.6,-3.877938395101705,-3.929585344853682,-2.4124942975078616,-3.337440605483807,-3.6030893496051175,-3.774019589882906,-3.746182254038387,-3.477442330294576,-3.3102932203855633,-3.560330889429546,-3.525928125135916,-3.960724974354474,-4.154096426675913,-3.629280337506302,-3.131465312368742,-3.677931069361238,-2.966410345387263,-3.6579777992260007,-3.4237210573769947,-2.868990276046913,-4.670320637893592,-3.62655670155264,-3.617569497324701,-3.0872129777000334,-2.270333041298064,-2.9486525799702297,-4.6159186634241,-3.617397131626028,-3.513108876438229,-3.1199282837843785,-3.0817432178788784,-2.7844778927455405,-3.093496046247176,-3.5903802251684267,-6.070498923569252,-3.329277633690894,-3.213960892143549,-3.642761310272562,-2.410590278881747,-3.573276734699118,-3.8223790785405938,-3.088954901076422
ANG_LPG16.1,-3.368318015380172,-2.8836578028312227,-2.514837095686033,-3.0585247133458258,-3.321460379974466,-3.4358409366309046,-2.9981783700173588,-2.3697173052257434,-1.8953123733257908,-2.476718663570384,-2.6466260965937503,-2.96607804428854,-3.26059982058661,-2.7372155359462527,-2.53292184016229,-3.3964348924748577,-2.5392888399887696,-2.647837087154502,-2.6722965353888735,-3.5460371969664934,-3.705623101448905,-2.573695625242647,-3.4735600060467897,-2.67087608835729,-2.5089328583224635,-3.1454696563367825,-3.1751375653931206,-2.279080082554599,-2.5638497558970164,-2.242850935370687,-3.0347184827054536,-2.801601574889479,-3.333832010957077,-3.147488309422352,-3.671973457607741,-3.01633617139019,-3.3311947280691885,-2.332927453265613,-1.8987200596658775,-3.3322587150520793,-3.0208037770889615,-2.4985007756528756
ANG_LPG18.0,1.1220645727933105,1.436175064269581,1.7368566129624177,2.308007483620532,1.3830658186636184,1.200652602642339,1.4456090182176644,0.7027223606139182,-1.3753644575545665,0.7755269063708384,0.20493807184786245,-0.2016170684845124,0.03912419537459664,0.5472446835718867,0.08557645087355645,-0.3954835533136741,0.4730017240131352,1.2481598756257442,0.5130806782234751,-0.35326043232133353,-0.0641157204596564,1.7117841939081244,0.3418919188073577,1.9144663535949935,1.973951550075229,1.4647799268864874,1.5406377775657307,1.8636667601350376,0.3080150014386154,-1.081799329250398,0.5210215735382857,0.5043089932284688,-0.3494437945864543,-0.5003343652173347,0.20510054165641375,-0.29847462222141635,0.07319795701686137,0.3383394010425009,0.16286779879051813,-0.28162266004329667,0.1909239277133715,0.13908687780087517
ANG_LPG18.1,3.391729099519909,3.530964375698101,3.51073122230729,4.489855337579444,3.808897052088941,3.5135387612055786,3.5958503758075127,3.4933627269312937,2.396977370927865,3.1879794836755355,3.665635878781958,3.150814910232853,3.048403517469941,2.959867731355377,3.0080925044191065,3.005245015738161,3.28884897631843,3.7750433204966543,3.1077799725320445,2.385953625883773,2.1715865835047277,4.222318742947328,3.071674173472141,3.662087785960824,3.5623877902753613,4.338047744047874,3.594176576777774,4.230654485802223,2.894578875641522,1.7211415597560218,2.7640522052585093,3.64054479718041,2.887790361252871,2.3127620443185415,2.687929523082235,2.8502526019486387,2.8187648892575305,2.953726353281828,2.6320641894844496,2.302657625014224,2.9742868773278026,2.898717470099182
ANG_LPG18.2,-1.257026959695413,-1.1412178413517715,-1.3850727637856488,-1.0321602451245324,-0.94018233149262,-1.4779872517870372,-0.6822742433184403,-1.677971966651583,-0.6363490717793401,-1.1136971321427434,-0.6216635258889103,-1.0809821710724254,-1.2584375072143494,-1.6422190523796805,-1.1951267824482996,-0.91527350009354,-1.076653399910414,-0.9732991846011828,-1.2013723924126691,-1.032157218299914,-1.3564310717370889,-0.30304380652062907,-0.6190218021157115,-1.1491795298088758,-0.857155254237272,-0.26781662892764363,-0.923123297686805,-0.40805761080973424,-1.6495404192355585,-0.7795480089941127,-1.6400581087243915,-0.9800996306601868,-0.8456836611473627,-1.784676658251748,-1.7754097009186185,-1.3373412658336767,-0.6638746293907375,-0.8602763917371374,-0.6777451903754834,-1.0980417971009304,-0.5785417860462013,-0.7965256344339943
ANG_LPG20.2,0.7526675169936449,0.7785668386562369,0.8091471983514672,0.04708876097451452,0.7682372934243196,0.7513974261824156,0.7927959512893352,0.00461519255358586,-0.8612199197010141,-0.5506867566645188,-0.6030268268866164,-0.2547063834293716,0.38730410168172175,-0.00227951707128379,0.8910404621967973,0.6779656193905897,1.0963765433159578,0.7701778197676518,1.205703452915362,1.1559756657224391,0.9089007449261068,1.585488140593358,0.3883619397894842,1.1965894363407206,0.5962916166104409,1.6862422646451816,1.4615158762224234,1.5422092005456165,-0.412331086516992,-1.2167995834402148,-0.3203744715254364,-0.811052338053164,-0.4219442297097568,-0.03010729638190519,0.07432314982560108,0.5010864567448896,0.13467155197693997,0.6201979814735433,-0.03062725154747224,0.35930840098180905,0.635627820909084,0.7582862739622046
ANG_LPG20.3,0.387327431849406,0.334288083158771,0.5855079266636988,-0.2345888692644747,0.7555219899816102,0.44602577938328,0.7311904337357353,-1.3491536657739298,-0.8256722382909177,-1.1472611452105927,-1.4241479625249802,-0.4504587632949651,-0.25569829234990643,-0.9963843385362032,0.3256243617953595,0.5712152210903331,0.04675970165494191,-0.02147073304442795,0.5911020518826762,0.451741429828299,-0.02459129766526943,1.3488015332971182,0.29729815349963457,0.5670897583975462,0.18787022713839135,1.4322624646697066,0.8248034228210349,1.5235437621985477,-1.064367096235748,-0.914948348132316,-1.082558780286338,-1.3139078087670462,0.1987116094634201,-0.45025325007214506,-0.4475799063685086,-0.18576196547891227,0.16742789969724625,-0.00168877530223695,-0.29585905229353,-0.16085512692703116,0.5108301687460107,0.4321431519978058
ANG_LPG20.4,-1.4983229571212218,-1.0015863370184843,-1.3544054774472911,-2.0445756348921846,-0.8061258063077728,-0.8449263287633281,-1.7280082164551462,-3.110026083810205,-1.9834136367862576,-3.1832855691193305,-3.1533918050766827,-1.050399990777731,-1.518472309888502,-3.0408495856403275,-1.636194021554211,-0.33633783948904855,-1.7063588256680162,-2.1687243388700517,-1.179913118799191,-0.6383804238398851,-1.868675618078308,-0.9988262605396578,-2.147679668198037,-1.9586199207881585,-2.3821086709153234,-0.6049449653153233,-1.1460616273052462,-0.9566197234143742,-3.1148946584076045,-1.85717577334065,-2.6893520790101393,-3.172653788857641,-0.5069967962018558,-1.3096025708977528,-2.116409373042722,-1.6573238132478356,-0.6939245387820645,-1.1650151654259748,-2.603442315242266,-0.9885891487662058,-0.04817683675696728,-0.6254204408050484
ANG_LPG22.4,-0.3847777966568862,0.10045801947378365,0.11301103311766528,-1.4938446673408996,0.12684188059862564,0.709395989870653,0.44125685165702205,-1.5455786792027069,-1.9970783910175192,-1.6433733207910572,-2.497603484993354,-1.0220444585103317,-0.2116735657447662,-0.6132989058333881,-0.2781584543449001,-0.37706124858677614,0.6899698507815368,-0.0011175526680941,0.21915458115540695,0.6879837547875123,0.7722408349772515,0.08904072042807398,-1.1911690163363364,0.00133803623711041,-1.1777789943837276,0.3301657926851221,0.5954546400161275,0.34525731379698044,-2.104269478185397,-1.4794420634767282,-1.2076968914705202,-1.7898855676861187,-1.0843435779990191,-0.6184668086581251,-0.8345362835560942,-0.409479558955234,0.09342686141798565,0.5774672180735667,0.14723552493224945,-0.16152318471437205,0.8913099867243495,1.33349867578544
ANG_LPG22.5,0.01779790191256377,0.3714255053356898,1.1573807871832131,-0.7821465228026137,0.8446105754581186,1.1663229765677627,1.6260872576081902,-1.858149952885169,-1.2827204023586276,-1.3864532872853217,-2.459180016169245,-0.5385317686220514,0.3443045224773337,-0.18719175326647855,-0.4664729168967208,-0.09234021755885716,-0.0737105391931954,-0.6445769437800044,0.08443876403986408,0.671019244174492,0.11687953039828997,0.35078452584827813,-0.6068827239548101,0.09548275073967308,-0.6153798899674309,1.041590032415414,1.0359523462561722,1.7671357015865985,-1.2436300266179965,-1.0139398042953485,-1.1451119992997336,-2.0972709586453098,-0.3363842447247087,-0.01062150502545885,0.10355676405511428,-0.6778959597891983,0.08333556984443197,0.2438841611801394,-0.22319790219751665,-0.13200136690292918,0.857267907539404,1.1158821929798524
ANG_LPG22.6,-0.11382828327291222,0.36348541269368245,0.958608684047547,-1.1315510316708557,0.5340629563616339,0.9469934152632884,1.6450629051250565,-2.0634344900289427,-1.3480533417063287,-1.6744784632460628,-3.141657202333072,-1.087594084575186,-0.2774542624361944,-0.929368731925544,-0.12919500223821367,-0.23427936745082029,0.27150816548108975,-0.438563607593681,0.3298739031455823,0.34212679102527316,0.38368275905209903,0.06875140376417156,-0.6507146057158172,0.10195834851070104,-0.38160583801681,0.9807729185843168,0.9792836739310808,1.75000693445069,-1.3879372469647844,-1.2639712046518985,-1.1426548401150012,-2.7365485473507256,-1.070675317298219,-0.8191998544202339,-0.1799125464702449,-0.2983309681905182,0.2536531318771606,0.6040571967589782,0.5007924735074782,-0.19481069654834252,0.46872305999295005,0.9220946646111324
ANG_LPI16.0,-1.1386615671756686,-1.527996053371776,-3.247668380856106,-1.2323276489269248,-3.3217726090135606,-1.5475228266667898,-2.213292711720536,0.08529557716514961,-1.1538115483861386,-0.4835237668507907,-0.8842751695702695,-2.1597438450374615,-0.280243145566367,0.5641951987289318,-2.315572585485252,-2.823910836892616,-1.7172597914262604,-0.1412922943477315,-2.118793332343015,-2.1655127088977126,-1.6353313114119816,-1.0467915240832488,-0.9777082103793404,-2.461037156999636,-0.3547555096178186,-1.4396246358315634,-1.2193197562122042,-2.692422731125651,-0.8405883843609718,0.0369984067402454,-1.1791542946001627,-0.9566780641600532,-2.2678445520575994,-2.574151584487334,-0.6884714058661673,-1.3169000404061184,-1.386885943216171,-2.8780612389791873,-2.2565079205370746,-1.6622493205591589,-0.9813546988426362,-1.9018032336050292
ANG_LPI17.0,-2.01326426264072,-3.0317655025626844,-3.656342572629384,-3.095863039591211,-3.2462130831850273,-2.379006511919489,-1.9212784849251097,-1.3778920172645457,-1.4838194576447552,-3.0767381524962936,-3.5964830783568296,-2.769554123206119,-1.38304283938404,-1.3102090192941955,-3.6062896648995793,-3.8471398908349577,-2.19613484844018,-1.807447913106603,-2.403930818663521,-2.831761852155495,-2.7236914042170346,-2.2110021348261566,-1.870953006836554,-4.202831821317225,-1.1315181478459149,-1.9085181944774192,-2.4267649894312973,-3.263072858025082,-2.7750732318107874,-1.3047855195733296,-2.8237791589343124,-2.836400055164103,-2.8507634561899557,-1.7826888332043216,-2.190612250725384,-1.6287971987706265,-2.290421752743082,-3.00876287356322,-0.9468813782959926,-2.7751463732613497,-2.458250397526488,-1.9723251496604168
ANG_LPI18.0,2.8837231673201704,2.1783536016447,0.9007456184537076,2.508997532312459,1.89853272767892,2.608509267871049,2.2066838209801074,3.129461290278454,1.5759013118472105,2.2172755414630014,0.5411405938862351,0.7961716603381546,3.094207415015622,4.040507132979589,0.9126425297791632,0.8458121762107607,2.1875176925591053,3.5825548632520996,1.9289686793589464,1.8495704421184624,2.5605973343837274,2.8797609179216153,2.2305366786848504,1.3094564538841795,3.329935570576649,2.5844131162339035,2.8018806633606843,1.2724375429419892,2.012511719272281,2.5812210486768197,1.6920638397604897,1.4901026568913245,0.7722354960596433,2.386294856467942,2.7722811056479917,3.1536942464493634,2.570277766168706,1.9964244648801168,2.9715400871871207,2.6549829026154392,3.016299032945561,2.7749580165718393
ANG_LPI18.2,-2.179797624562202,-3.25788630556873,-3.8940712620372615,-1.756023215913404,-2.968075644336567,-2.914436832478641,-2.6862114763662404,-1.5806265468712972,-3.1380177331484846,-2.1288957580873893,-1.6529437443630712,-3.123328808022405,-1.3194177630306054,-0.9286568081901726,-4.5910606981394615,-3.907714844083027,-3.44520028759459,-1.6330288323319575,-2.702851799772804,-3.739768936110116,-2.790942795065193,-2.054138461687516,-3.1212656113784,-3.07112819958855,-1.1344805927839063,-1.684654913744307,-2.487288884419661,-3.3702433863111985,-1.945829613207937,-1.4075844922969087,-2.079419852187481,-2.5707705500332505,-3.321722824983293,-2.5201512930492513,-1.6338081796457586,-2.3887565593675744,-3.206779182288982,-3.471925294038394,-1.540938248956034,-3.694464216488635,-2.672197062786162,-2.5025021345925844
ANG_LPI20.1,-3.2255370538085772,-4.898460806337263,-5.185477210737741,-2.72188240453132,-4.282517936108126,-4.714697778094378,-3.667154428288419,-2.844786511078176,-2.975318556519688,-4.282379786677784,-4.2678594442043085,-5.20101920402628,-3.1774868377185124,-2.420799340326866,-4.910383987396963,-5.363614197216098,-3.3933540492198144,-1.6206676249112109,-4.019304940989515,-5.618576458907506,-4.313647372983711,-3.6072516434587825,-3.0417589485404664,-4.511576084527489,-1.3538534919755427,-2.2396679744755774,-3.871890158283779,-4.316679977809277,-3.3987867755803363,-2.815556437770392,-3.789907502784419,-3.67630632954582,-5.2652419731316575,-4.572211360118561,-3.914729876183367,-2.7486599321308223,-3.500660725252265,-4.623776468959466,-2.2437915709240976,-4.398522977231088,-3.536046854678889,-4.5470069716417205
ANG_LPI22.5,-2.345097340873656,-3.2940266557982794,-4.186917816899658,-1.7222969112079072,-3.8275764598702033,-2.5853539647694563,-2.441037429445257,-2.4927705312439454,-2.6073105887111248,-3.859614212904586,-4.621571317268906,-4.174623507712869,-2.3459164727856097,-1.9054197763005147,-4.7686025805842585,-4.499526313013133,-3.1964854981904596,-2.9635658758192887,-3.8185255604060018,-4.371160427736386,-3.508331338026855,-3.714797293550789,-2.259478625403094,-3.682259247571649,-2.025975266548951,-2.225477019865526,-2.3145467390898262,-3.2035396260089897,-3.0026529138027658,-3.7482417686653937,-3.3609979869947453,-2.760778698609319,-4.531409716986469,-3.314892757462626,-1.943178364088312,-3.0125263312991986,-3.184523991960181,-4.023763167282497,-2.0930692805869113,-3.501117098185655,-2.9394221192870593,-2.3542510210401155
ANG_LPI22.6,-2.2896085525599825,-4.123588131012749,-4.6871477243115915,-3.054219357445217,-4.0532542963349085,-3.831131949111213,-3.3593904268078365,-3.1875501726589457,-2.8846488046166288,-4.60941258714836,-4.883417360903764,-5.071854770747424,-2.7913500178954327,-2.841865872266714,-4.8253285761553775,-4.700933318731437,-3.1634260216069436,-2.613357693715721,-3.263207137300943,-5.115867224337198,-3.5901108732831433,-3.850619245264703,-3.3909773741636657,-4.333042292730978,-2.4792133163739245,-2.1997323926727916,-3.3489470067674625,-4.411212130681511,-3.4545227314270863,-2.8924025019324846,-3.9558806148608663,-3.752380444205149,-4.398588185820167,-3.6669259993338184,-3.184911070802597,-3.285000548609811,-2.797401515088891,-4.301386281741094,-2.731549092859123,-4.2789789160949905,-4.1024150658872305,-3.1178691334532145
ANG_LPS18.0,2.1276168381543905,1.8332640705368195,0.7708004254279291,1.4046627380997585,1.162331083703643,2.2670256425339312,1.3821556155539076,2.930639039364531,1.9662496331813657,1.2683468143307997,-0.18151791460175423,0.9933100712995104,2.6257175010843237,3.2319087407906286,0.15606310113122493,0.1978403606407807,1.540784972414187,2.588382585736121,1.6168052590353796,1.2969465351870215,1.674193816086835,2.2926367299192028,1.82448403506684,0.9431882858370868,2.533672887534829,2.316930650506606,2.214473697350422,0.9230635744907092,1.735400980946623,2.479117298952613,1.4164904981566058,0.6997461260467139,1.139920363186689,2.172928469145709,2.3641708106191106,2.2021337118494446,1.8730918879233531,1.5518444558147633,2.5732392748029085,1.9724001927772437,2.212911193012141,1.914000800015502
ANG_LPS18.1,1.173760162505413,0.7579238597557078,-0.18171426129625648,0.6627101560422436,0.20271839257746208,0.9289934000815688,0.4712078116328995,1.6139540198995246,0.10069625052351316,-0.2517128153485098,-0.45280070304076026,-0.5576234727899028,1.3300284181771294,1.8852472375479004,-1.1854137409078638,-1.383913624949504,0.32093530351453786,1.4893279337492438,-0.40806566424188095,-0.11355624780630576,0.01434893805436074,0.8297009705367865,1.025746490211522,0.01377307154245959,1.5944004642596905,1.6596608220643658,1.1870177652557865,0.20768461616748285,0.19655368064096584,1.366317820818085,0.04995355918241159,0.23649677875639083,-0.41490601999940147,0.3533679889056457,1.280384457707491,0.42792374243585674,0.4619131435428079,-0.3073137687949685,0.457512358863158,0.30391604842963654,0.7263242395568742,0.4068908921350911
ANG_LPS20.0,-1.3520964754392166,-1.5748952379183827,-2.6011217598748857,-2.2184903377958585,-2.113077932437706,-1.4711216231482256,-2.20464264438385,-1.942682131663504,-1.9389264260034027,-3.966241525920721,-5.343185609907585,-4.281411044222286,-2.0310339217948004,-1.5734559451838117,-3.80945105135522,-3.88682794442805,-2.8819527704288697,-1.259911323287788,-2.718781153686383,-2.8272921584381083,-3.152072878741559,-1.1309505477303765,-1.3268390488685986,-2.5271462328227097,-1.0063788992576592,-1.1752416684276308,-0.8897247597840394,-2.478990670095183,-3.161957397339681,-1.5201221212996905,-3.221280534117206,-3.907081550906691,-2.780550469212175,-2.3661878600751804,-2.0083223329486177,-2.192371022640355,-2.441634478871934,-2.9593201871967985,-1.5019538776324626,-2.432583012577706,-1.5308239828265806,-2.1603977965813765
ANG_LPS20.1,-0.8773687173065186,-1.078965836242493,-2.4894784950464124,-2.123975627288107,-1.6610202261882818,-1.638695678886122,-2.3435966374651196,-1.2972241804040514,-2.0820645640757345,-4.801644074409839,-4.912099639097461,-3.456453709000109,-2.0435526826012453,-2.0394087530558123,-4.021053041640837,-4.182594469054281,-2.468777344017662,-1.8095273129615308,-1.8674273631078968,-3.1494531065072655,-2.8475664201166624,-0.8917840316634409,-1.280681593298076,-2.302113808919195,-1.2579768475827733,-0.5310179149280545,-0.8570849077447489,-2.2782278772985354,-2.627587248981973,-1.3720902689217098,-3.264066365932538,-3.895384494566665,-3.5233870571714374,-2.9060542448504627,-2.0572503261632344,-2.446545395278975,-2.1795286459905414,-2.9552893918068333,-1.416814123441331,-2.275656655537887,-2.4084686690836223,-2.7584254466122076
ANG_LPS20.3,-1.4277022347104662,-2.3245008454252925,-2.971699078232827,-1.8199661961800568,-2.1894404932000913,-1.5195718882494926,-2.051634389596828,-1.134698185320795,-1.873447989242087,-2.693675309189976,-3.519854498088689,-2.6203302127448658,-1.2015419370490288,-0.8962960958981517,-3.895274801465636,-3.403457660973671,-1.916586814232755,-0.7083392988573138,-3.128457607472652,-2.9995390837103324,-2.391291755992875,-1.3301688977228614,-2.1205725650887093,-2.746691007425178,-0.7731005002415028,-0.5115326973715801,-1.4996032011644878,-2.345148539391983,-2.3655510320240594,-0.7217066006050329,-1.9457077675709729,-2.998017241534722,-2.9978467605167833,-1.9678856049779192,-1.8529022565415387,-1.319169592743762,-1.7807446959734174,-2.9154529828260167,-0.8017931397512525,-2.0946511179373144,-1.6300556077974633,-1.9727063421767803
ANG_LPS22.4,-2.3440408912508235,-2.347469129890298,-3.732391512658423,-2.516753530961397,-2.888133659388954,-2.2433116435171816,-2.9825834766992885,-1.1531641360275562,-2.5257350338001068,-2.664553502945205,-2.9448171622163755,-3.875203434175606,-1.450447678458319,-1.2811584167323826,-3.7247441059471247,-3.870127472907782,-2.0257715331056714,-1.10641475374552,-2.313734051384251,-2.49773942409146,-2.6267004589896676,-2.124544220765733,-1.8972124606546583,-3.292988130168388,-1.8519788987326025,-1.1761122596095188,-1.779293338590737,-3.636757289295572,-1.9495709830752608,-1.8075089542493652,-2.969089807892101,-2.642175288760236,-2.868566384541428,-2.248524392991005,-1.7637491880776597,-2.607870371801435,-2.060808545946821,-2.4107081827112515,-1.5514511478263204,-2.104404637293956,-1.5307291371183152,-1.5558297989645875
ANG_LPS22.5,-1.535774756526982,-2.0688346014931063,-2.685668612186946,-1.8732480249560737,-2.5968816496776337,-2.3721177991842763,-3.564530734914969,-0.396622821432662,-3.1697059163417145,-2.5119983196563953,-2.6846088171300204,-3.301293026605268,-0.7493789171310367,-1.2454748883516802,-3.526421162683044,-3.893851400676498,-2.104659681495512,-1.396810137325722,-2.7876085144395613,-2.836750385169054,-2.320985948693792,-1.8057427256091472,-1.8431559712618828,-3.5428180416280854,-1.1802049046307634,-1.270408609949354,-2.4717050227779387,-4.287338097576055,-2.119065765208551,-1.3134170349864926,-2.535079496849065,-1.9419752416876224,-2.8501160903095606,-2.0536022673246155,-1.6818373933668065,-1.710109074950768,-2.7477146077094647,-3.366432708172749,-0.8719792941904804,-2.230065995327472,-2.081136650413785,-2.5172165157259556
ANG_LPS22.6,-0.8712808613825677,-1.4651386985197523,-2.3325974600575603,-1.544027728204847,-2.245437447836065,-1.5276567596247097,-2.0963330095862536,-0.8195707243580715,-1.5137818500032345,-2.500621095670135,-3.229378466666672,-1.718676272462135,-0.7629372112924954,-0.4298755672074197,-3.3031981031208097,-3.614589555036261,-1.4107733805424258,-0.04505018867279983,-1.9065511882371804,-2.1375437494534273,-1.6165322317211006,-1.0513812269233571,-1.7977485598273268,-2.0349013121487833,-0.3943712636199022,-0.7593122274890723,-1.5312434682454237,-2.989861430089979,-1.742221777764003,-0.6129482694814463,-2.3239721392463006,-2.494130641256261,-2.5618425652271593,-2.107536485699815,-2.3459188833913753,-1.5486186765788548,-1.6499130569023193,-1.9371197507715023,-0.9125212137047616,-1.4905835513357448,-1.6692204235072776,-1.4626905083966089
ATG_TG40.0_FA14.0,-5.888331983424744,-6.04636810100653,-7.1630594599711905,-7.27761415433694,-6.282779705413651,-6.195406194943662,-6.900370463756544,-7.35309666856866,-5.722309353865417,-9.05187484176213,-9.1165343205017,-7.1850011226998935,-7.698788364340943,-8.18151778305269,-6.632768128857346,-5.19881716121342,-6.0635238557230124,-7.608746565602706,-5.991489954595493,-5.6165400942861705,-5.733962487102652,-5.419385482934323,-5.770899450903286,-6.205567647394571,-6.699181275205269,-6.03213294408197,-6.722550113851463,-6.710484114410546,-7.555823351815484,-5.626064979422389,-8.425450556028718,-8.649600995186265,-6.759531198117945,-8.429138133049817,-9.21070048890428,-5.719029966222567,-5.483014563927386,-5.738223522102151,-5.385329155165077,-5.6735340933049105,-5.750018532554685,-4.933045164981137
ATG_TG40.0_FA16.0,-4.903164822577336,-5.082276875299284,-6.402012146411463,-6.6183201261103966,-5.656612228611156,-5.888161007240196,-6.5893996735773745,-7.1010233177508075,-5.626442454709181,-8.111039585664052,-8.839185132148073,-6.868487348394752,-7.533714283927825,-8.228519207185917,-6.062323197436879,-4.429996213411552,-5.652264567140117,-6.914508184919441,-5.042736910802995,-5.278241735169825,-5.6683802047847776,-4.960226834028636,-4.964192212342931,-5.4146642073414055,-6.48224627078563,-5.317990999337199,-6.018197379042127,-5.9891191656376845,-7.386985346146321,-5.978965130911514,-8.355397413531149,-8.72583973410624,-5.971948037066331,-7.915416899469961,-8.55586170394146,-4.716370235522594,-4.560828060043525,-4.834454919699611,-5.577571383521309,-4.514005691091558,-4.863383019047604,-4.252625717405327
ATG_TG42.0_FA14.0,-4.619584009436255,-4.930660556389526,-5.318059134693431,-6.047316167857723,-5.214995573940889,-5.804585690040176,-5.75830949016664,-6.096609791505529,-5.000133588721316,-7.772172339461649,-8.09836975832986,-5.809622654553747,-7.149224972900132,-7.1784465254048655,-5.354839738254005,-4.053397037265932,-5.172376757253538,-6.560293241161884,-4.7870560921209835,-4.854234835761636,-4.489719449443177,-4.076743295405885,-4.2564162086657,-4.855287016673994,-5.908308831862209,-4.457854143940399,-5.147535796048766,-5.432470160863224,-6.486643734207864,-5.0624208732130995,-8.120801622339899,-8.170494360725998,-5.3468605766835555,-7.624792019505542,-7.953803256848938,-4.497274469169406,-4.523840408698252,-5.127244289357407,-4.935265614251554,-4.564791809576028,-4.586688749043996,-4.273958104022308
ATG_TG42.0_FA16.0,-3.830899742475683,-4.231933812894351,-4.8140732289444585,-4.927722111759305,-4.721846978816998,-4.8593630076019485,-5.084596962953746,-5.600034750909543,-4.84477514906692,-7.180454198386488,-7.191473136674726,-5.25343119409624,-6.66436103472195,-7.06472788795039,-4.626904762331542,-2.7593153071396244,-4.278595924490261,-5.370899325420317,-3.85960576634455,-3.798564247235584,-4.270575065558047,-3.768239942832915,-3.9368265931837687,-4.138038953139901,-5.228171680031409,-3.689476461057011,-4.831278456343817,-4.680605220953879,-6.5076993997362145,-4.972849854284093,-7.090296626086378,-7.282420745622717,-4.644323494385109,-7.379648392923283,-7.995175298524687,-3.4267240292815537,-3.4157660422548055,-3.8812057363670514,-4.641325240019836,-3.5109994970554665,-3.510776150666864,-2.922194572475005
ATG_TG42.1_FA14.0,-5.613161294623019,-6.045635759446338,-6.881504475315846,-7.679892744157288,-6.645413900994342,-6.428766013958091,-6.792897506590322,-7.079765556391244,-6.548922631359842,-9.476858421585677,-8.747593644386402,-6.518107998060237,-7.809942924614499,-8.609781726926663,-6.203557473046894,-4.494091815991196,-5.839690676498294,-7.96963432156741,-5.386399117466406,-5.356026313367344,-5.311535255991509,-4.794319418498724,-5.189479942929756,-5.963364835389926,-8.020655759992941,-5.241541456564839,-5.908637465838163,-6.641073161988197,-7.964591300874964,-7.162646685916393,-8.788439248917795,-9.039254288801132,-6.1523785785386504,-8.222050403016274,-9.237192808502655,-5.404615224309664,-5.322795785340142,-5.685596890675963,-7.473155721704317,-5.344941391229581,-5.426399087879365,-5.021577937343893
ATG_TG42.1_FA16.0,-4.642060451140981,-4.477071722830556,-5.844908018195994,-6.534185309036264,-4.885323614733844,-4.846099251470261,-5.338444123321234,-6.633774097993694,-5.785450670803576,-8.401640095942618,-8.182613648998977,-5.399074293109475,-6.8577413803846,-7.997192848649225,-5.4727251814923905,-3.52933966043122,-5.101950164886128,-6.8302187484393295,-4.470432994063054,-4.238724773257252,-5.039038898950808,-4.19429004875067,-4.339932034847714,-4.942833206097185,-6.807649956815795,-3.95825291608308,-4.803434466860859,-4.992715178712521,-7.11552460739839,-6.430819898783425,-8.056281037040414,-8.296656402826748,-5.1635003770978525,-7.231317328376022,-8.552135684900342,-4.3014016775935024,-3.740114598112563,-4.364136509232544,-6.717945937542633,-3.627220694852675,-3.4686608058342454,-3.4526638877135554
ATG_TG42.1_FA16.1,-5.322207493247317,-5.725036221424719,-6.685419382394976,-7.1050943429997,-6.0961080088331006,-6.097350360896327,-6.414636282753873,-7.035197844477495,-6.285771796872795,-8.695829627620212,-8.293094896178797,-6.297085004971865,-7.577563680420225,-8.3382207461761,-6.315861930871495,-4.475512211491103,-5.684500384814151,-7.706814752926591,-5.276515594721948,-5.202175065686527,-5.436666558130226,-4.623060078887275,-5.170873653159097,-5.73893761227382,-7.552937170517653,-5.0157395083010945,-5.733796589056994,-6.080803011581018,-7.508487808239427,-6.810163774246732,-8.356984276704143,-8.47570334020531,-5.772670600509023,-8.087194092265767,-9.053433179526088,-5.320263823349431,-5.189242501735903,-5.637000444756326,-7.754776491074003,-4.599133939750512,-4.89630249692702,-4.663101398328873
ATG_TG42.1_FA18.1,-4.6728692285586755,-4.561576113323826,-5.839129176066949,-6.47063709599254,-5.197049041291375,-5.110087206073094,-5.767105395172622,-6.685308605066788,-5.836144444710717,-8.191340979917621,-8.477161927229316,-5.542634991233759,-6.925226595595074,-8.180516698490397,-5.390412910787399,-3.2226535611577733,-4.664571886458456,-7.07288215109926,-4.386331765414067,-4.319866664318634,-4.68925179966534,-4.339592457040368,-4.344419309103888,-5.239105365284608,-6.674088889177887,-4.193314469811096,-4.904588895770043,-5.153519302954269,-6.8909954159173585,-6.191606092456999,-7.863851579038792,-8.392902794031512,-5.250312527616078,-7.299883677861861,-8.458754405729518,-3.829417207390057,-3.762196091025646,-4.122072433543296,-6.128289405563981,-3.65523803587987,-3.4702745515098607,-3.4364288003234393
ATG_TG44.0_FA14.0,-3.113800563946931,-3.306032004007215,-3.669280958075269,-4.198966115398971,-3.591331015912861,-4.416379513910308,-3.9807520082389503,-4.206954440907316,-3.3650037494116907,-5.690971857041637,-5.82902288046236,-3.7568696178803056,-5.363320612802919,-5.798530162800109,-3.441661415721058,-2.380330065534778,-3.380947629238786,-4.717531736858889,-2.8129511300256027,-3.0294740800101123,-2.825152037892904,-2.5828955208310327,-2.449678406232748,-3.152465916609756,-4.346914461664796,-2.5252760244817933,-3.763834694728074,-3.5991333222068884,-4.723098846059395,-4.246404274669729,-6.150485797707889,-6.119792521898885,-3.5509567700371725,-5.969388958177805,-6.284415305285528,-3.07770435704721,-3.000610955952748,-3.640507652812309,-3.8031200530675258,-3.0381569886508095,-2.8032136754014108,-2.6554051682947257
ATG_TG44.0_FA16.0,-2.7306746893621408,-3.1711883886831047,-3.322716523337206,-3.640954236538452,-3.327497455787783,-4.05150575737341,-3.8725163758136705,-4.123252255221973,-3.560575825326047,-5.703922535530734,-5.94294095062462,-3.960112464384323,-5.590258025318594,-5.791561491454886,-3.3924691901170423,-2.232752033434793,-3.079765949932376,-4.210138356231527,-2.8516434520133647,-2.9852341566902174,-2.650308295511884,-2.3587187121206203,-2.263979389000596,-2.849155826952807,-4.019656437287475,-2.4579635274026597,-3.62817282723713,-3.3081149650038006,-4.755798195096944,-4.088706941268261,-6.0031732709439884,-6.096581450529869,-3.691020640398198,-6.192006374803276,-6.488500492928003,-2.499978394637018,-2.5471847874555307,-2.961666200125861,-3.4470259639262464,-2.615026062263748,-2.687437449050362,-2.04531790587875
ATG_TG44.0_FA18.0,-4.488883763773566,-4.824286875246593,-5.12276317199874,-5.466880249678583,-5.220779456990107,-5.305969460126425,-5.457689174073061,-6.976465798443096,-6.585272590347242,-8.686121257542924,-8.719748171091972,-6.717328422686105,-8.113736053233007,-8.691859879234116,-5.7202632944530025,-4.2972371287614095,-4.834126681836245,-6.506367170108112,-5.129938608967742,-5.294281174680068,-5.104774493433326,-4.389404322610338,-4.0461969552366215,-4.700586984972862,-5.7512750183216435,-4.288088374956986,-5.319803528129425,-4.689285533922303,-7.582150321246413,-6.867751349995608,-8.30965365174586,-9.16423308784761,-5.924619734619016,-8.750454661287149,-9.496714228368136,-4.294281866806978,-4.04399259237963,-4.483964433321681,-5.50613166819024,-4.580467662093946,-4.595926159045991,-3.583855895471709
ATG_TG44.1_FA14.0,-3.700514914129247,-3.989558722788801,-4.524812837712532,-5.899394140684751,-4.333226267415966,-5.067165094323332,-4.853737506617997,-4.766719350664113,-4.444130781775527,-6.861155942038458,-6.779920822926482,-4.341291217156373,-5.863247023340733,-6.428413340590857,-4.3035851725253,-3.2804776713904733,-4.2646569626565185,-5.951450505898055,-3.626664524304795,-3.516081530461605,-3.0462606545902564,-2.6522105619493863,-3.172813174542948,-4.201947622573451,-5.770666970712093,-3.11835138629576,-3.9365185842466177,-4.488777462579067,-5.612644836511932,-4.671145582259936,-7.100543988000502,-7.317082301476526,-4.5716312377617925,-6.112564305098026,-7.038840751807076,-3.796667005259332,-3.975604747479222,-4.502764726232564,-5.58415988723352,-3.6523878058137065,-3.56361185041399,-3.423273837183072
ATG_TG44.1_FA16.0,-3.4056967946167434,-3.606618710619023,-4.213775616253468,-4.826357564981879,-4.066908117700164,-3.966821187012452,-4.281768499848327,-4.82205661170185,-4.341873332497108,-6.51577880909515,-6.4128570242304805,-4.078540235436894,-5.639782605269362,-6.456412436951863,-3.906809237549163,-2.171333438089572,-3.2327610172527907,-4.956105369805432,-3.0564968061422135,-2.8077572380913867,-2.8973756628644884,-2.553997960419412,-2.9049387074988986,-3.607510286452888,-4.99460371951062,-2.6855621283505786,-3.7181172619154297,-3.674319432264715,-5.3605418911415015,-4.764030345419219,-6.525875515155598,-6.705886277167361,-3.722312019267866,-6.026441455740309,-7.244320238882171,-2.567624477592795,-2.560910963142946,-3.099351716155439,-4.777259440378748,-2.251216966340732,-2.516384537529015,-2.0098364575259815
ATG_TG44.1_FA16.1,-3.7530988172199047,-4.0431879688521875,-4.537207245351514,-5.545411988125058,-4.310447721079136,-5.148337176201415,-4.728204343482368,-5.230126807676107,-4.973192610010434,-7.04332286282614,-6.9503247058860165,-4.759058728681343,-6.357933807856929,-6.749709782355677,-4.546078207545029,-3.366840961010553,-4.706368363226747,-6.124192154661428,-3.996464795968631,-3.841628168112477,-3.467354471546205,-2.8197645019726174,-3.2027820240501534,-4.081821375080467,-5.9288333513376505,-3.147998165766486,-3.8886110218010814,-4.515815882504499,-5.829878681907291,-5.272817807862589,-7.186859657684839,-7.506684085264105,-4.812621028334211,-6.513197696008085,-7.358018088403143,-4.11867367892991,-4.201515997196769,-4.643562911035523,-6.14658441860847,-3.8763905108972128,-3.7203852575872847,-3.459183627863061
ATG_TG44.2_FA14.0,-6.4082722462725785,-6.579109907540133,-7.405627203793193,-8.751398047718734,-7.0127801056459536,-7.414137538580968,-8.150475574268542,-8.021657013911929,-7.143635702988859,-9.338183852138746,-8.923285262076705,-6.9823215114305155,-8.156723701619326,-9.598723702176988,-7.578577195862226,-6.460005815969731,-7.268733783447966,-9.757100523840904,-6.916974078093332,-6.353074418331588,-6.288618920216767,-5.209886996736777,-5.562566590785747,-6.785373189304326,-8.653522914679364,-5.7759853641178305,-6.731455143461135,-7.023270932528788,-8.287737860804699,-7.9766316618531725,-10.068320581774085,-9.705105552617194,-7.321620746832096,-8.665773988612921,-9.44429954046951,-6.493089968560408,-6.6127106204116055,-7.072020686344988,-7.798452956962305,-6.453033762206749,-6.1171194642377795,-6.341757093514091
ATG_TG44.2_FA16.0,-5.878148647752229,-5.810975626793755,-6.685101596718057,-7.627151277162037,-6.363262930975287,-6.199876783100976,-6.683247970162081,-7.723153173374931,-7.326913793720352,-9.690652275503666,-9.461830870664366,-6.918283213893056,-8.096093053310563,-9.6343997557909,-6.842386617302463,-4.953485797368673,-6.020325700961252,-8.37862323626315,-5.633333389058435,-5.574561268394207,-6.0938948298890825,-5.476425595425858,-5.413350426697627,-6.31573380485566,-8.227390004343093,-5.468630567284537,-5.862840625572914,-6.145482664081458,-8.395105011027315,-7.078187446542039,-9.025042169404257,-9.667669205095024,-6.412433511004372,-8.461264103891901,-9.55557600632159,-5.7675126376721115,-5.396930649233453,-5.842954381939957,-8.169555241709503,-4.8926882908597715,-4.878049775127054,-4.67724875555082
ATG_TG44.2_FA16.1,-5.048841765912354,-4.934931509867118,-6.163157367408262,-6.676926489399247,-5.453510365183106,-5.702700842627907,-5.847152718333152,-5.931147986262405,-5.500498675920079,-7.785846690164958,-7.1300975002569675,-5.238503893929306,-6.596095128232847,-7.632621216610294,-5.378756824011295,-3.8153285364198153,-5.277277993953154,-7.294157675157536,-4.450502283530043,-4.442515609449206,-4.804513330594564,-3.813490527660202,-4.6020272297984235,-5.344267223358887,-7.259192174863326,-3.899088703304968,-5.013199320028011,-5.362902025895044,-6.486068090298654,-6.734679175831573,-8.1772371871198,-7.3101114579107245,-5.184085566677982,-7.059359889517955,-8.224516375786644,-4.795093113691731,-4.696012780898892,-5.292679862214938,-6.943627511934944,-4.337415049556649,-4.250975583310867,-4.203626265304995
ATG_TG44.2_FA18.1,-4.4419113210206245,-4.233642865520932,-5.4923663390843815,-6.311976338525699,-4.706849745188607,-4.548075046253416,-4.976074931844285,-6.044537107085854,-5.2097797925280345,-7.662753175411261,-7.160804620423411,-4.638641438481577,-6.066175374635323,-7.595391699465707,-4.509198009598906,-2.8948189585428254,-4.001613162745449,-6.719298161748907,-3.637866174775539,-3.628571520730256,-4.752666085751198,-3.727817162912355,-3.810778558074857,-4.7436088786838155,-6.915391860167798,-3.354699054232129,-4.18661279765417,-4.409529632055882,-6.3139384148705995,-6.495825037833374,-7.43889148576505,-7.238718514059841,-4.412313041204877,-6.561927609004413,-8.246361485733386,-3.41410223131752,-3.1982788650896494,-3.54647491601234,-6.135682651999513,-2.9212319056158575,-2.8859025545313037,-2.82131325107794
ATG_TG44.2_FA18.2,-6.363705960817872,-6.671172832138753,-7.697652139955948,-8.22053396965068,-6.873265426592489,-7.099962219996533,-7.376725464196537,-8.45137014387803,-7.948875972788105,-10.084609170961672,-10.16621160994615,-7.164250945220667,-8.845929695082056,-9.896671458926876,-7.126761847816417,-5.3512246756361845,-6.285142333660388,-8.605327624933988,-6.019107126270185,-5.794348370775959,-6.364014965997712,-5.877054147434028,-6.43546439770921,-6.96634767146301,-8.693308830426103,-5.955863775165195,-6.746285217507439,-7.042317754702562,-8.309171051231594,-7.584800388542739,-9.220972082057676,-10.045097039622163,-6.533740461351826,-9.02963159122857,-10.062810827170663,-5.924543993356543,-5.865444394375445,-6.080022722105154,-8.825081910182,-5.738665333735643,-5.56959254888538,-5.067598743650131
ATG_TG44.3_FA18.2,-7.761927671369797,-7.471484266435013,-8.79306338482744,-9.425663026381896,-8.164779483631762,-7.609407134572857,-8.550875968915564,-9.49145555337924,-8.432688316565484,-10.635007805812988,-10.783361892925871,-8.070717421739214,-9.165028881394385,-10.86019058640988,-8.26171900273339,-5.94863664061373,-7.139937496753138,-9.800823890089132,-6.69287104206967,-7.099661275079895,-7.736626534530337,-6.9754923564758835,-7.21799669135952,-8.014955022171494,-9.948513086255016,-6.818397169230292,-7.424815602441234,-8.068896859810451,-9.225048348484556,-9.235179803397342,-10.094624036260573,-10.66527432349829,-7.434649923179112,-9.476898869824549,-10.77594608300076,-7.462869028013068,-6.74078999249472,-7.029875649220017,-8.727505642184386,-6.488091335523291,-6.786178523380428,-6.255839419201522
ATG_TG45.0_FA14.0,-5.302441426263477,-5.290499593584236,-5.872773376499289,-6.4381457757709715,-5.202564209113941,-6.224671046523794,-5.689161107458807,-6.060653880036808,-4.790137361856199,-7.494543228976656,-7.358109307874205,-5.396369997047794,-7.124450410683939,-7.85694365834672,-5.551495053429179,-4.346396470824154,-5.341274948776258,-6.716938595537695,-4.60910216894391,-4.86140812107163,-4.514388495283378,-4.949653599244805,-4.457530540218978,-5.423036927411575,-6.3756316248967,-4.914834787818417,-5.6831440341569905,-5.772471499469002,-6.181780888419393,-5.1568766575837115,-7.663703888727069,-7.883237038858668,-5.110607676167029,-7.724489619875401,-8.042603927295051,-4.844382207966553,-4.635647427853283,-5.20897642215269,-5.120216330522273,-4.589345529301566,-4.342736477901954,-4.157094725451187
ATG_TG45.0_FA16.0,-4.367534940010836,-4.801317481684937,-5.317255304029279,-5.8515878960231085,-4.954606087339515,-5.470294063667188,-5.461736034246886,-5.593151228385174,-4.491817170124366,-7.133036271155266,-7.161995043759785,-5.059004265072503,-6.716086903712703,-7.531859494464423,-4.938393035067182,-3.76831269546223,-4.651415901769239,-6.2762856745984825,-4.352346560754583,-4.398037586434404,-4.179468014437009,-4.274980529339629,-4.1586995973156196,-4.850776556702384,-6.02564599851285,-4.206390503144878,-5.5035388404033725,-4.963619079783669,-6.116263430861824,-4.81791733533878,-7.440320760179443,-7.327062351715938,-4.6198586286515315,-7.48566783671625,-7.746531958281162,-4.136728913552197,-3.9645311452430434,-4.343192307939133,-4.722355448354955,-3.757914744764081,-3.7507756531359058,-3.382165948796625
ATG_TG45.1_FA18.1,-5.170483717160722,-5.45921024686088,-6.14261383396214,-6.75734210986279,-5.458435981971249,-5.799273693156284,-6.054017547377944,-6.960506594256215,-6.236169641225536,-8.747877750176377,-8.747296477339445,-6.255867565741249,-7.605428873901531,-8.913045635488556,-5.59577965314117,-4.068209695193911,-5.091009985046327,-7.167671342210203,-4.769369767273004,-5.029282534307206,-5.128308199632375,-4.600901500331081,-5.068194669206212,-5.494115292084776,-7.352199912786632,-4.634925233138439,-5.417527370237273,-5.320020361205427,-7.1217323508803725,-7.369270535161534,-8.746741648247005,-8.738311969478447,-5.896497468840574,-8.141905126503122,-9.203826802494076,-4.526081551618202,-4.4188639338180735,-4.792857609590249,-6.553591113316543,-4.174504667356691,-4.49082330913206,-3.9219594770421873
ATG_TG46.0_FA18.0,-3.2465221992512845,-3.769981821717075,-3.631076821294019,-4.248485283444239,-3.8666369274923498,-4.498051504877763,-4.016140509958682,-5.709532342178345,-5.615555684132788,-7.322951438824239,-7.658577223725144,-5.667146979368122,-7.016434982435964,-7.693478974715312,-4.614685098680377,-3.743340687706539,-4.379889365404385,-5.658923911680061,-4.218033114551321,-4.368139410257589,-3.815811593826254,-2.997349550321652,-2.599791152859918,-3.3048287344670757,-4.370525593310213,-3.10727085266579,-4.058458233143055,-3.4548125929753355,-5.773752611727963,-5.755395527483099,-7.452224298929091,-7.892394015497249,-5.122907088748767,-7.612660620481164,-8.06012160163818,-3.521958205410458,-3.4411158179743153,-3.872329199975777,-4.517388763907373,-3.90978418739688,-3.8908128200210577,-2.9319771943038937
ATG_TG46.1_FA18.0,-4.1604390260907556,-4.808003026941245,-4.759552773104659,-5.712079866975415,-4.5960323671689665,-4.892560488582501,-5.060411885414265,-6.135814522248844,-6.185667752876862,-8.044281385649704,-8.379902760595858,-5.713793529611564,-7.227666034913106,-8.318829650542884,-4.954975789772525,-3.547317336288425,-4.440669668164686,-6.468943000612692,-4.354763639118417,-4.389447657818659,-4.043122724214848,-3.54282024549752,-3.688442519288368,-4.360719919682403,-5.811379011670478,-3.755667685762313,-4.618977535216531,-4.140034724860724,-6.496366352502326,-6.476628104546858,-7.750471479181763,-8.58193928574448,-4.979929661440419,-7.539698963267894,-8.483291360154611,-3.7100872659124744,-3.549008675814754,-4.091457160924872,-5.698635763282838,-3.704561903138337,-3.65213514960088,-2.9874713539811255
ATG_TG46.2_FA14.0,-4.012933118479692,-4.284096059048392,-4.775690618047886,-6.145051374988612,-4.331513430756475,-5.0819151641646565,-5.166936977336766,-4.421466600497952,-4.3697837667364405,-6.535857469770451,-6.1891664573432585,-3.99062042770184,-5.4622832347872965,-6.684538162428541,-4.256972974175726,-3.2322348670745535,-4.82556152541482,-6.904997001887297,-3.6064579963026953,-3.594612546665038,-3.5975104625934864,-2.7036374010156905,-3.3909599055510076,-4.357856167475372,-6.218751082588387,-3.277890839875055,-3.999227901873824,-4.805711778467561,-5.495087522681595,-5.600786216400017,-7.05910944136732,-6.735641860351172,-4.495014933601225,-5.846972249126829,-6.940530603813805,-4.335290210127757,-4.047321846696916,-4.766005911108643,-5.979192627307965,-3.725992099866496,-3.4589558993666647,-3.7626146621979366
ATG_TG46.2_FA16.0,-4.20365522297528,-4.441188357680152,-5.009878851547744,-6.342442820038844,-4.759979814721809,-5.0013365460443495,-5.493987701685865,-5.2990942146596725,-5.2369450366344905,-7.147946361350096,-6.958298862056981,-4.623649157865826,-6.041207697215489,-7.117087135221299,-5.263022794951972,-3.9860702044495846,-5.07166187435161,-6.825257729659269,-4.585192632292206,-3.8420733653783214,-3.803986440770621,-3.321810089226969,-3.707854130510608,-4.567277237072841,-6.2472049900286954,-3.554067841336909,-4.38582782176928,-4.9203522243692275,-6.195401516966884,-5.834727311801681,-7.48995136164971,-7.283675641473562,-4.652334717587312,-6.499993659600588,-7.495210484413939,-4.2436317177156715,-4.170908517460307,-4.5775438328948574,-5.8887521395713165,-3.5599823856154953,-3.687240027302716,-3.768767788146096
ATG_TG46.3_FA14.0,-6.838626299610078,-6.6403690751040605,-7.325246517220719,-9.24524405255405,-7.228483203403191,-7.5281972950355565,-7.865302999207713,-7.769484623912962,-7.479178369807364,-9.9466027623377,-10.591668012697168,-7.798584794683092,-8.989937019524614,-10.05769291477482,-8.363760679695883,-6.874545845687232,-7.831553162329561,-10.303115127248496,-7.559670199430989,-7.147573231933867,-7.433665158263341,-5.791904333427902,-5.829652063040501,-6.870609368211764,-9.058939576992016,-6.088948254247515,-6.8925876702109825,-7.44863205517718,-8.469939067043242,-8.44683754159201,-9.729082961462904,-10.623119950823035,-7.171510990872303,-9.161396178365546,-10.30775791870494,-7.05945543672118,-6.975946415371849,-7.810001237260774,-9.060089878492091,-6.916771858207185,-6.5411251212257335,-7.160592508250082
ATG_TG46.3_FA16.0,-6.416356503932873,-6.1953935712287125,-7.184973867198564,-8.329056868159988,-6.568481714898328,-6.644605209234373,-7.340658613414793,-8.460392754265872,-7.544596250224512,-9.989664196170663,-10.83491518795441,-7.259134725237516,-9.035997212458188,-10.209296718425133,-7.4999466680084526,-5.518574198830253,-7.267692085188251,-9.133513032621014,-6.561875648809235,-6.236390591055487,-6.990321697799154,-5.652631706106072,-6.283246961863976,-6.7048763815913786,-8.477665423472184,-5.866626135964742,-6.759621579842183,-7.1513810108773175,-8.809476460401733,-8.581532663823863,-9.71217720789279,-10.526507707393389,-7.160279001752917,-9.04852052339612,-10.758872795963695,-6.338461854952249,-5.720590498858822,-6.3140307766737145,-8.432911594248498,-5.298961308153092,-5.05453862460759,-5.845960824153702
ATG_TG46.3_FA16.1,-5.940046550564822,-6.06371328081163,-6.647048009465837,-7.980689390283311,-6.176930178449752,-6.5612995629824455,-6.718192087499888,-6.649858923781241,-6.056663250205266,-8.352557824567473,-7.1546583079125865,-5.855419925415605,-7.359055211889003,-8.909555738534188,-6.522548410717758,-5.317677208867529,-6.639958583385998,-8.818236994548982,-6.043430109275121,-5.612062989753499,-5.634892389941591,-4.398003835346076,-5.189894993159597,-6.022867238399768,-8.278750775527147,-4.880614086999471,-5.799025725076261,-6.290874834654495,-7.315231922642099,-7.099087743343077,-8.99610338464757,-7.621952481961204,-6.00281274849428,-7.670815847630182,-9.13794955136343,-6.267984926533972,-6.231109189829812,-6.754182887454184,-8.149497280524738,-5.392994973949321,-5.269685181741243,-5.371762262735653
ATG_TG46.3_FA18.1,-5.8929007125668535,-5.919885954291297,-6.6655284334534315,-7.882851223887658,-6.088003062334141,-6.077311262085495,-6.588174275604571,-7.170126658957065,-6.66788055150775,-9.11671736063028,-8.49025821001869,-6.172148266171317,-7.457387702073762,-9.201949014696725,-5.982853106009857,-4.312965356764003,-5.302375129212933,-7.817119762975298,-4.732623877303565,-5.101740843662656,-5.51887761493479,-5.197081989514983,-5.160829293824591,-6.160903393538232,-8.470577288243435,-4.6605320790918885,-5.607513842045733,-6.053116886720406,-7.608404289448448,-7.760516145974198,-8.787082633125479,-9.08066411616515,-5.908611372511781,-7.945458794959178,-9.92616829806272,-5.166190820054874,-4.461596076026811,-4.800209018254321,-7.908165261929836,-4.001193172480749,-4.325871091711744,-4.24794208959861
ATG_TG46.3_FA18.2,-6.828414211730305,-6.887923180798639,-7.489045332856942,-8.89699893353792,-6.976304967371944,-6.861530231085435,-7.723702690136703,-7.541671802398218,-7.277944703743528,-9.485429229432228,-9.208618608162205,-6.530743411174439,-7.756439103548122,-9.29221792874713,-6.5817310924143335,-4.858276288678079,-5.766815259458433,-8.7534142787085,-5.419972308015538,-5.835629511230047,-6.024995153548002,-5.645486309198069,-5.935619732327506,-6.738050081118805,-8.864609706147148,-5.482324300714523,-6.383514116328499,-6.889750578081011,-7.924463595545781,-8.374915085152903,-9.377241971207246,-9.871765561408212,-6.259960905739629,-8.412924693016928,-9.17948740476564,-5.7848139754623364,-5.458126013787634,-5.8828384749304545,-7.983710520973924,-5.257009396608213,-4.8500528922025925,-4.816367609463429
ATG_TG46.3_FA18.3,-7.842523016114194,-7.616654906549235,-8.76914983263639,-9.704423656261795,-8.171531670309577,-8.785330310408565,-9.132375891795334,-9.64242504691642,-8.613133267755137,-11.32250160148379,-12.054717951509035,-9.25456987398927,-10.53178863940802,-11.100157910051225,-8.991739802271312,-8.066188871049233,-8.69387464562103,-10.86487247593741,-8.573543843588235,-8.205789458207562,-8.517204055203687,-7.408218406019227,-7.400957355760415,-8.212836685752704,-10.091724970926188,-7.404464169879692,-8.222212691417777,-8.607432364188046,-9.928706891381225,-7.801432152302648,-10.590435377866015,-12.357248823825852,-8.624735067326116,-11.019594279868054,-11.578036595271913,-9.3491493687054,-8.598556973983268,-8.655167757260342,-9.23797553133596,-8.157290537743155,-8.464520560418036,-7.718687750564109
ATG_TG47.0_FA14.0,-4.873998755266481,-4.759317509728657,-5.152218861701369,-6.061363170350618,-5.02068043634304,-5.6443865544386815,-5.399024336135656,-5.605305174996183,-5.333914460158588,-7.109952836917,-7.439305674645643,-5.407403643949464,-6.755736830698105,-7.592087993359785,-4.9196699316750205,-4.116379947159009,-4.79343916226795,-6.258040537651165,-4.494335663836463,-4.628612439955612,-4.420543472662667,-4.2826746739972,-3.9955097831045774,-4.796850631059154,-5.899935456283191,-4.390380442028284,-5.400219921824668,-5.101080957515573,-5.920654628462574,-5.323016466454592,-7.37096686371857,-7.522315313048762,-5.212205433648492,-7.328526135310568,-7.930009063611519,-4.411876489886541,-3.8983088104408545,-4.5406194328998595,-4.912879511996698,-4.305935634683375,-3.92998238284839,-3.681807611865058
ATG_TG47.0_FA16.0,-3.648822757008392,-3.653248390373048,-3.7986076407453577,-4.473225598740439,-3.827549605355156,-4.290389497502059,-4.265646687393497,-4.030347034491197,-3.3409255457403573,-5.331300533838463,-5.175291656530054,-3.741279534085387,-5.247766548378645,-6.065641809206401,-3.5848053358918603,-2.538474801120598,-3.453431979429007,-4.5462005734555495,-3.11687895222439,-3.354910240679028,-3.2534182433219705,-3.4263504080970115,-2.9513999293748245,-3.6726161590336863,-4.326990187481683,-3.078676526548522,-4.353049852274951,-3.9009983685623943,-4.363182137066836,-3.669218771364425,-5.7978449807621875,-5.417668031594606,-3.616368362009625,-5.931073550359009,-6.381602260133307,-2.8573171723089,-2.391991036723105,-3.0696353647366745,-3.0643100519679902,-2.7100198631126977,-2.278272427684219,-2.132756404556181
ATG_TG47.0_FA17.0,-4.782259850029156,-4.9402469746261914,-5.290405575785639,-6.123128909309158,-5.241485887890379,-5.837817364584622,-5.745264276115772,-5.8141355572379085,-4.986601874847054,-7.248216055765644,-7.348384930243584,-5.693578228958668,-7.0596604848635085,-7.81606507799471,-5.149538375484439,-4.142238496556112,-5.015786100882839,-6.507185333132405,-4.53590701770394,-4.863403804225296,-4.729786132590716,-4.669566722947673,-4.1272320832602,-4.859503811022558,-5.926248498015609,-4.581701512318436,-5.381817538578908,-5.355218177822343,-5.903884256161645,-5.335332626062575,-7.460647818902675,-7.478632704732221,-5.30079060682587,-7.4271102739730175,-7.789990333461404,-4.189180565194269,-4.0574991362037025,-4.715520773766309,-4.941813590037805,-4.3456125779582875,-4.159431231133012,-3.6452410821427064
ATG_TG47.2_FA16.1,-4.4101200786101336,-4.25806028430227,-5.121789213522429,-6.313609565336165,-4.3638163893016255,-5.192837207456378,-5.077800957874717,-4.739859612085208,-4.005427767496241,-6.4743429902871075,-6.222426548837292,-4.110849135925586,-5.5599235978736274,-6.639328701061524,-4.747585487851217,-3.555069627099604,-4.70291832586805,-6.461660721084695,-4.060801082272262,-3.635007534764489,-3.184238129740978,-3.3796828353264843,-3.401348339560317,-4.619632666326151,-6.068606414642064,-3.336145814793657,-4.244521610622377,-4.711256341597478,-5.255913332281521,-4.394146835171598,-6.961084672348545,-6.3877020412305034,-4.25537965685511,-5.774340192930466,-6.854089818641398,-4.288473705550503,-4.136086962070777,-4.587940213139229,-5.103719296876494,-3.4759264314367417,-3.165035847808897,-3.308865524185436
ATG_TG47.2_FA18.1,-4.796120316214714,-4.918761688551658,-5.651236505397745,-6.801971099131817,-5.036310379329617,-5.228565059506591,-5.458170462291652,-5.912248260678897,-5.599701903697228,-7.579957244816664,-7.7477296109199,-5.207772471399464,-6.472956093373662,-7.929968147916178,-4.913405561715655,-3.8124138829482135,-4.414291565762405,-6.759579504281588,-4.22580062469586,-3.964717396694278,-3.995600211119545,-3.83058024112884,-4.361062072976695,-4.960237399676802,-6.782055653851791,-3.810644202165546,-4.6927517592299335,-4.714941411379771,-6.282694639842849,-6.419571982482202,-7.550952108247537,-8.131245334534423,-5.0953990995810905,-6.798046511735422,-8.030829392594457,-3.7733257646009744,-3.655700559394053,-4.117540038902049,-5.8547671072529095,-3.5684304573004484,-3.6862183372052986,-3.31498142454947
ATG_TG47.2_FA18.2,-6.95711009223017,-7.109701941584604,-7.618170401169434,-8.909904619801218,-7.24524028201891,-7.724556228579128,-7.456610753811036,-8.060416931249048,-7.636680778388304,-9.712428923563165,-9.940307113763993,-7.126156156927315,-8.461776995491604,-9.911929387259704,-7.37183324957523,-6.19550532934446,-6.840782658561243,-8.772254124811262,-6.238454124115322,-6.179274860087363,-6.04560316639641,-6.4942988430359545,-6.302946450042013,-7.226423685442986,-9.124887109202817,-6.3180673549557085,-7.357982649568084,-7.318467211414869,-8.418590243327037,-7.327042928052929,-9.490462004945392,-10.174652351890474,-7.421964884770204,-8.539679357137967,-9.912663202051585,-6.632825629870952,-6.305554481840115,-6.5962089974871105,-7.476663571015993,-6.063531956463737,-5.5171893123231595,-5.83357651399741
ATG_TG48.0_FA14.0,-2.224124627492909,-2.4181618026981364,-2.6936271973087145,-3.234387018761571,-2.5261200800936514,-3.339333239695117,-2.801114893286577,-3.4996624060873187,-3.425291816099846,-4.790604983712791,-5.278254943167474,-3.570516216191714,-4.936082189006705,-5.630570268369088,-2.7150846289454664,-1.9991975911654696,-2.6143312993515244,-4.125941754752717,-2.082280155601762,-2.344876038905005,-2.2973065719849273,-1.9160366019187431,-1.3618942278530262,-2.239893197922477,-3.0317237944142583,-1.7804718259648062,-2.831318568238137,-2.397883964554957,-3.5790225202701755,-3.90895135075774,-5.020360930489285,-5.470706476113803,-3.340383219251565,-5.351062334499647,-5.9830097536028415,-1.748915171054744,-1.5857662988567964,-2.090567569588279,-2.43726382567723,-1.9733617290645016,-1.8838703099431735,-1.3432168049186166
ATG_TG48.3_FA14.0,-4.242569797286063,-4.141332954705029,-5.0537507226328415,-6.59109431742877,-4.650178069639167,-4.936466903197048,-5.187851827568343,-5.073271927034063,-4.8118542978138965,-7.059156062288265,-7.494701906265046,-4.485444390601686,-5.618830186466776,-7.22681735357312,-4.889031334163115,-3.737128116205029,-4.81046401987718,-7.371853620114675,-3.955136778456218,-3.788744933539001,-4.3602496463972855,-3.344885601848197,-3.6905304142567776,-4.66900436856427,-6.451607683430102,-3.495636899006046,-4.1382079601555954,-4.674778323546463,-5.71922056363345,-5.9880058853505576,-7.116628994709145,-8.216984342578241,-4.813801080537569,-6.0255391165038965,-7.435650340104281,-4.682257564110619,-4.259736214122369,-4.731850985162068,-6.554499991618326,-3.825298678691992,-3.6179010707951793,-4.011120532295243
ATG_TG48.3_FA16.1,-3.0597548813195323,-3.1739582321168673,-3.9359176090636607,-5.3197773781768225,-3.428219115141706,-3.975020129344748,-4.2725372496097025,-3.296722277915894,-3.2811403350970467,-4.932738771957456,-3.867036984549739,-2.6719629394333455,-4.1149188188049575,-5.687082579994417,-3.4686425762970803,-2.356215531014639,-3.9925059445996145,-5.705639091563906,-2.6657210945041276,-2.491936074290244,-3.018829669560196,-1.8561448263937268,-2.362269704204763,-3.26916965090865,-5.218558122737298,-1.977836273547608,-2.985646625546754,-3.693400933208723,-4.366443764956482,-4.998639437979807,-5.731523383388235,-4.382614350134501,-3.1445680129088665,-4.535223564658009,-5.77488274564763,-3.359417745556791,-3.3296385447669494,-3.9309137178706135,-5.208627774027172,-2.6370490404055364,-2.477748908884096,-2.7159148867007263
ATG_TG48.3_FA18.1,-3.9356386862445785,-4.151770776581137,-4.702301545487503,-6.250609631065164,-4.162604269804641,-4.562180887418944,-4.793493894225793,-4.5068710070347775,-4.809571673712745,-6.41911419072485,-5.824566950731163,-4.050889161982181,-5.327521676802513,-6.9253977753931535,-4.380834394504634,-3.2116357467951304,-4.297039189533253,-6.5778716549850165,-3.601058122406905,-3.3137789752640887,-3.540641090462243,-2.619250644820821,-3.234295042900416,-4.102029744760678,-6.5465252831314285,-2.844156081031778,-3.737358879221084,-4.364361886573144,-5.462354190678983,-6.165749776585043,-6.883135346397987,-6.0847402284544705,-4.308686598686114,-5.8954309517946175,-7.210986709885764,-3.457970234410864,-3.3852625312111626,-4.0191443031000444,-6.357785382738647,-3.0333741215851617,-3.12887267067056,-2.9848023390168272
ATG_TG48.3_FA18.2,-4.476838181338865,-4.435687665588877,-5.156188840039729,-6.776968177900683,-4.602461050802207,-5.148335498908923,-5.438904031726694,-5.0650744081790675,-4.754965085364667,-7.164261548604098,-7.308669609180521,-4.458515112016087,-5.475906679286131,-7.125955494275132,-4.56099370029412,-3.236299527666445,-4.628909869431752,-6.937319961470008,-3.6658181422685705,-3.63831748023961,-3.660718744487192,-3.172563253640043,-3.754827792301205,-4.61740388785215,-6.81588674231554,-3.458176252321512,-4.27515512728119,-4.849343922920117,-5.765045604817727,-6.060895862520242,-6.870997421667144,-7.543341994009434,-4.777520830230394,-5.790003732395221,-7.119214300617722,-4.090973012770305,-4.160173318072109,-4.553034253827628,-6.363143022720068,-3.752616832747742,-3.347748583908848,-3.568835982456508
ATG_TG48.4_FA14.0,-6.729636712252713,-6.0635464286880945,-7.232384344406248,-8.830246174956532,-7.094283287437325,-7.021384766917353,-7.347033104039238,-7.874512213314812,-7.99684973908508,-9.526557493786909,-10.031238535276946,-7.235846971061193,-8.609780135545162,-10.188170578762213,-8.117344412837733,-6.43913600339907,-7.462070609671945,-9.715023839884156,-6.3926673081539755,-6.5044514928084585,-7.194711697341386,-6.237154695287771,-5.966878073831449,-7.262455411337152,-8.985514762415757,-6.046261706080385,-6.854207893344889,-7.5949575804724,-8.34848824515516,-7.720006105792084,-9.26387633157054,-10.411038906516414,-6.883004905368252,-8.775534723656168,-9.746195515452465,-6.7373330508325076,-6.205296558875628,-7.179043254575657,-8.210882647708573,-6.559850016976498,-5.618833566745752,-6.786032230626991
ATG_TG48.4_FA16.0,-6.189476415786062,-6.239640072430333,-7.052088435817382,-9.425885835910268,-6.520709534177946,-6.550296835555076,-7.270882472211214,-8.103733904655654,-7.084777249494114,-9.78654951968386,-10.588398522353872,-7.055519700145005,-8.873238070903081,-10.264941623582802,-7.904155513359696,-5.93258946657964,-7.210034192343623,-9.54723818357117,-6.292819317888589,-6.188885948996251,-6.816612180341666,-5.949762790988051,-6.178944151938339,-6.708118959214305,-9.0201935380625,-5.857281835043274,-6.498182424646669,-7.206776841082517,-8.418780202144719,-7.630666876313398,-8.91471382108195,-10.763743953650163,-6.694579302328494,-8.872934812257892,-9.910205432129114,-6.484291119397997,-5.63364597383414,-6.384475001638787,-8.788921521120743,-5.437837356881779,-5.365112571182274,-5.770543483114767
ATG_TG48.4_FA16.1,-6.214349426778235,-6.004328238435879,-6.591278812573432,-8.37863853470505,-6.641026323441259,-6.819515363938842,-7.0271022853594545,-6.72414995639933,-6.306936350537914,-8.81761021815111,-8.513218663113598,-6.141312055830677,-7.560049198197007,-9.413388090318689,-7.379939002612594,-6.194672306857432,-7.570728628076892,-9.536901691207378,-6.704706693758011,-5.998099080560459,-6.673997547616433,-4.867758729259923,-5.41430835884614,-6.3313220704380955,-8.462657249905678,-4.818231444077254,-6.161338078360041,-6.471330530264511,-7.628000260905944,-7.387412331933094,-8.620113230248277,-9.033671127276763,-6.246429421715347,-8.082704174831171,-9.755167282994623,-6.570860225988212,-6.320370360390219,-6.834690140549963,-8.393087001836843,-5.9745299439020725,-5.967628926382544,-5.742468375942707
ATG_TG48.4_FA18.1,-6.646549926457038,-6.193340344819968,-7.357223752773478,-9.013784983824776,-6.908305048265988,-6.552948953987182,-7.488343285595621,-7.810514719941522,-7.303763241969984,-9.815864705167655,-10.047713376952771,-7.054573898606218,-8.271962937429896,-10.08238697268718,-7.371564350355975,-5.268361688606301,-6.749284207586891,-9.1954158886382409,-5.890952028494698,-5.996248338689924,-6.795068293152762,-5.866745959672266,-5.886785233868293,-6.875125658756206,-9.245561707980096,-5.443146588647279,-6.381929960486263,-6.9382286310791335,-8.783616566389975,-8.028976682137888,-9.556464775308031,-10.653025386680666,-6.635044635260316,-8.69442772552277,-10.248280309686344,-5.786662253578972,-5.510934841318057,-5.951107133112977,-8.654175327629725,-4.928758335579281,-4.826411864248499,-5.437038927480166
ATG_TG48.4_FA18.3,-7.071616324722988,-7.2390557194309295,-7.543727220169216,-8.912776993888993,-7.339321503656138,-7.640090838349901,-8.863899124806062,-7.916563660080888,-7.642139849065489,-9.72568890547988,-10.828311207537988,-7.488888164447355,-9.018100286695027,-10.507661348341887,-7.972242401248038,-7.067710671221718,-8.235535796501464,-10.064052553555667,-7.239001851377471,-7.576990521161663,-7.723169999335031,-6.5280030846030614,-6.751256667844896,-7.565053895917738,-9.720852422388068,-7.115875835826515,-7.233874313318799,-7.878333122240341,-8.28911909487815,-8.44818056643236,-9.755509567984854,-10.389817017840423,-7.808696746903603,-9.14502414036716,-11.299676522288651,-7.686013250735735,-7.49083786343152,-7.8499459768078435,-10.507000954487262,-6.975757876484267,-6.903867471364848,-7.087354145770485
ATG_TG48.4_FA20.4,-5.2282813360628415,-5.040962555345739,-6.158434801845927,-8.088299250807479,-5.806504652521735,-5.9202650714954315,-6.578356984190295,-8.318418352408118,-6.3041238353697056,-9.31259629704666,-10.299969967141411,-6.093539127904569,-7.956471395464457,-9.263333426455674,-6.889753947385286,-4.404091318249215,-5.968451300833838,-8.837624298354148,-4.816424260883938,-4.67271679080137,-5.722441891632811,-5.155137642931226,-4.753197585857286,-6.006452804727707,-8.04826227856328,-5.130387334929364,-5.482521161617054,-6.655184352579795,-8.708562840806714,-7.449437357783235,-9.22550501872944,-10.696002812606366,-5.581998040124493,-7.668684276210953,-9.37871792711046,-5.7889705667568,-4.71220705423693,-5.562005643633971,-8.421496359665339,-4.279687605584575,-4.1461861199854155,-4.998872255894209
ATG_TG49.1_FA14.0,-3.5327075289088543,-3.6698421890997617,-4.084445429180504,-5.1452323892207446,-3.647559887332029,-4.389509003992443,-4.268438320299341,-4.416936565250088,-4.494423816328306,-6.2435524724400535,-6.717781652534105,-4.316648107208709,-5.8431678195258465,-6.6372080881849085,-3.330483595862967,-2.6500737304034576,-3.3999557716075173,-5.120923876957029,-2.9526362515993587,-3.00658099953432,-2.79623469230111,-2.894783612249548,-2.850810282131133,-3.589298903780214,-4.955253978046018,-2.8868160562570075,-3.6445882136730554,-3.7944721839829225,-5.018425703933147,-5.100462504388824,-6.523639787134751,-7.166760084391981,-4.204446791206596,-5.973258875500844,-6.842738830322751,-2.758863584043024,-2.6160898671270103,-3.0866879395425557,-3.8829026147417207,-2.5563196283919827,-2.6103290967160673,-2.1419691234645297
ATG_TG49.1_FA16.0,-1.605641070865414,-1.8840110117875897,-2.032939635163273,-2.7609263272287605,-1.664843862897535,-2.7288994830934827,-2.3635859030063653,-2.000254807291412,-1.984081496704425,-3.377569124649322,-3.7267435059713896,-1.8247392482319769,-3.5368957382406223,-4.468076526776634,-1.4146576936547308,-0.6651047426911376,-1.4995845589251275,-2.772268006458494,-0.9756274743242944,-0.8718911442057702,-1.0514457872499183,-1.195170286096646,-1.0133893708123118,-1.6296954699204995,-2.4731821551273256,-0.936082102063962,-1.987281352087135,-2.1202145308429414,-2.8113998736203696,-2.5257218292850876,-4.098576545426483,-4.234809043233613,-1.8178536859032604,-3.868901165130171,-4.72113916449387,-0.6046933171567325,-0.4961836075005705,-1.0556351331717195,-1.6481992271192905,-0.5257716876287989,-0.25372233165380564,0.03232168216140705
ATG_TG49.1_FA16.1,-3.354815083421235,-3.3822167871452655,-3.842412421225695,-4.614132457932597,-3.3131501873932594,-4.2291357721132545,-4.368359118896796,-4.1902724070277255,-3.874621590737419,-5.793197804520989,-6.049260862016014,-4.117929661747473,-5.347194894090115,-6.561298426802659,-3.6300226762911136,-2.7760796091539137,-3.77776379971126,-5.49380223341775,-3.209585059873982,-3.028023975637786,-3.0466169773010487,-2.7692548265881056,-2.71613928186285,-3.4407502368275007,-4.571156918734002,-2.64638014739574,-3.6329479946205185,-3.880646316811587,-4.8296285081970085,-4.168425992633539,-6.136771475833622,-6.385751663690629,-3.855946603822362,-5.75916086161424,-6.728418596780221,-2.738704171285649,-2.554859628527251,-3.1635456986126234,-4.164599328770708,-2.5325094262615493,-2.240309678475275,-1.944880078335935
ATG_TG49.1_FA17.0,-3.315898416630973,-3.508626389868789,-3.850229139455681,-4.841420445556534,-3.3941580969411005,-4.28810510426242,-4.1748437545597135,-4.0010490401180565,-3.917963706633581,-5.7781503775181395,-6.072022314024061,-3.9007441705461807,-5.356190359422745,-6.215103044759196,-3.181742964146689,-2.451055872373871,-3.351928149417727,-5.099440204052488,-2.8322361027013536,-2.6786542920746004,-2.77183038734355,-2.7782407296345606,-2.7541091332112826,-3.3683811610060017,-4.614609295877976,-2.7205993014826797,-3.5580247130979163,-3.5736343730789843,-4.588308165318908,-4.225389304301579,-5.904248414242406,-6.387580658589331,-3.658301367650545,-5.5718977455265986,-6.39710198593796,-2.47352044076842,-2.1333728528378018,-2.8330444938298496,-3.7780443412677376,-2.237234949101612,-2.1100439385902736,-1.676428349743202
ATG_TG49.1_FA18.1,-2.4390087726267,-2.5252914489548663,-2.9559873285816725,-3.898464348514074,-2.488679295129055,-3.2790954656329787,-3.1374575247720338,-2.878952863314354,-2.71241491046328,-4.493409110537125,-4.765559826580692,-2.6605180713536147,-4.225717789444462,-5.241996322049474,-2.0181527667965575,-1.2980794344481157,-2.009902888820847,-3.631119386263834,-1.4332825406212562,-1.505631813688052,-1.5632686630120487,-1.865309110739428,-1.8325399473134305,-2.5870507012421804,-3.689735041087846,-1.6878410772283357,-2.665885310556011,-2.74458727087481,-3.6794867753276086,-3.25988276501115,-4.883408075933192,-5.354875351326462,-2.6674612838707774,-4.4225450743413735,-5.457085483042083,-1.1339612033276405,-0.83055705484806,-1.5081421371340886,-2.261313758762561,-0.9366264537061249,-0.7601748542669212,-0.3362931555193636
ATG_TG49.2_FA16.0,-3.074150654635093,-3.2510935340794394,-3.821233191814427,-4.81402129532908,-3.2722370449094003,-3.914725986787406,-3.8543939803291263,-3.304680260478821,-3.3129006906864333,-4.8083882892200664,-5.086164917110986,-2.7633274474729883,-4.476974391437092,-5.779082712561661,-3.1680558060548827,-2.2949027109712907,-3.26852213531408,-4.928864601573729,-2.6332644997354415,-2.4195473271511245,-2.5651693052554347,-2.2404215208420313,-2.5250891174142107,-3.207844915953769,-4.767668182484429,-2.380915711625055,-2.9594118215830125,-3.436289706218786,-4.268896730734097,-4.11541067092698,-5.461860598845854,-5.740414503426998,-3.170339772788384,-4.620183815507026,-5.846056147272648,-2.6972271656323814,-2.514787547265911,-3.081326155260056,-3.9394881298518345,-2.077143844898322,-1.8738341324084575,-1.8624200083377211
ATG_TG49.2_FA16.1,-2.525552443960838,-2.6644316764092943,-3.3329238558232297,-4.32997659186026,-2.618572570689549,-3.333125199611768,-3.314912104237633,-2.8844579522228853,-2.665186830900202,-4.387576731035811,-4.267815160990574,-2.103162559437231,-3.756948623893621,-5.081795917901897,-2.576560333029462,-1.4611503603850884,-2.7095195670519043,-4.524478000908193,-1.950390621992816,-1.6150856855402014,-1.7509283747653257,-1.4323845216844244,-1.8361954692582751,-2.7063743298548815,-4.025025046597466,-1.556592217777414,-2.3313138172425245,-2.962027891357528,-3.624754784365517,-3.4059946515740953,-4.940887984792309,-5.002657496795225,-2.403081837639035,-3.983590276768629,-5.114243640220796,-1.845908927593406,-1.7117695761717544,-2.4484258088345663,-3.541543001364274,-1.388432646882348,-0.9245269929047474,-1.0911446579230415
ATG_TG49.2_FA17.0,-5.389727727258427,-5.340362701463258,-5.955317531487195,-7.292345385454575,-5.472286071280797,-6.073414055413728,-6.119562383411386,-6.007054041975264,-5.840744975177933,-7.474626568262439,-7.457060396356605,-5.3741869003029725,-6.936053589656368,-8.174555286253765,-5.626562654355387,-4.770099768962646,-5.642963965312583,-7.688097791848546,-5.040524345906821,-4.716521454889076,-4.792095566058026,-4.595742855651248,-4.90296548467872,-5.5166527616889,-7.1864925742848795,-4.698751924905344,-5.408745374172651,-5.704855038061646,-6.607562302616049,-6.0580554549426635,-7.931964268915386,-7.859697947598871,-5.350261524969116,-6.925436688017069,-8.036316465356311,-4.985055458297078,-4.695975134006569,-5.385679393490226,-6.877646601612505,-4.4073953623296145,-4.423622072110471,-4.215556722557988
ATG_TG49.3_FA16.0,-5.604223242287116,-5.671787414309554,-5.92962023112864,-6.867244215577448,-6.008089476514643,-6.131600310744654,-6.209817301355933,-6.722078655592132,-6.74349219047647,-7.5327496689948354,-8.218649125855203,-6.084002308284261,-7.730965275375509,-9.288291018109703,-6.935085522621805,-5.486460092063891,-6.196741714532462,-7.863411877970077,-5.617358315146589,-5.886394160598588,-6.04738643497018,-4.842038673862621,-5.12203146957182,-5.382163021391114,-7.864249778565716,-5.1565134180880765,-5.588609825742017,-6.038688407691927,-7.325250138589386,-7.125438745368017,-8.258149491517912,-8.611609406260511,-6.052892884786909,-7.665034449112734,-9.212906259902017,-5.883398951922355,-5.2494300581157995,-6.253116894594216,-7.444473845784811,-5.355536969633983,-5.057730746384295,-5.237069610275306
ATG_TG49.3_FA16.1,-4.57015441951799,-4.454511947812963,-5.174787361423018,-6.421326704652654,-4.779092708478071,-5.259784356057915,-5.388734626050087,-4.555779108885499,-4.408961167821859,-6.099835000412882,-5.837548357545465,-3.884807427053674,-5.464152275337773,-7.048664674843323,-4.747783095222035,-3.4869199104041395,-4.80715942799014,-6.851915818198805,-3.86810261080305,-3.905623175077588,-4.236573865150081,-3.381313320547507,-3.777171500072062,-4.470617226228936,-6.6628982266121906,-3.316158067145343,-4.21946811501893,-4.929502008716032,-5.446439331324949,-5.523550143308438,-6.80613564194502,-6.1631790662784205,-4.298087202282841,-5.70473540882412,-6.992392932216227,-4.538615913132624,-4.139652528205737,-4.928706075131908,-5.941760744547159,-3.5805181289598353,-3.343194137613682,-3.675741781340923
ATG_TG49.3_FA18.2,-5.666966018122416,-5.796901798217271,-6.695235122158089,-7.905095917791548,-6.019295481354424,-6.368454673887173,-6.535279970495341,-6.2540759109298785,-5.977504159596416,-8.18983297722823,-8.18600837921689,-5.272032764331351,-6.70143919955831,-8.579713540153183,-5.998337048254823,-4.836029645791514,-5.747825398881704,-7.858357356164345,-5.081184496047107,-4.685665151657835,-4.815871989558941,-4.686442629434274,-4.919850310614621,-5.980420703050616,-8.012134820025912,-4.966693749948572,-5.644295405159505,-6.499123203734124,-6.700171394633872,-6.424771637688667,-8.073910888155027,-8.604217476203624,-5.3383251723677105,-6.746055513548592,-8.238373867322846,-5.443687567579192,-5.104624064681389,-5.870223489709549,-6.859149034257065,-4.834900835738844,-4.349998182180594,-4.455401380732309
ATG_TG49.3_FA18.3,-7.754900518870374,-7.665978734542883,-8.417711144677028,-9.485640094234626,-8.122777527506305,-8.613631044196236,-8.457131579072122,-8.607944517586358,-8.159994404813576,-9.810675641836962,-10.476000540881452,-8.072382693781728,-9.647337932078848,-11.222368314007586,-9.023460548013714,-7.556552675356959,-8.233574984105203,-9.369343629083357,-7.79161663560362,-7.835018986354327,-7.933748673828571,-7.349539321134204,-7.542341509517072,-7.792733119179631,-9.033633599182112,-7.560596735094296,-8.25204852805021,-7.812790858938774,-8.843532318117473,-7.707555629436942,-9.897774963282224,-10.940250467672357,-8.373245241901168,-10.332285393672214,-10.309315598781865,-7.615439147187885,-7.327348370499313,-7.498609994801072,-9.223883474124015,-7.086826433482201,-6.8228048252588955,-6.685144139855928
ATG_TG50.0_FA16.0,-0.7277771185901468,-1.1210771914578428,-1.2303340466727486,-1.5496421847647834,-1.0005812743631477,-1.6949292381768706,-1.1073447033937784,-1.5529254903524532,-0.9125354777027486,-2.3808646198633454,-2.8069789198152506,-1.645962978023548,-2.907350052686911,-3.7659764265269584,-0.8259835886139947,-0.08088253614664591,-0.8079489346914626,-1.96383474231636,-0.31011603864038245,-0.49382864125764175,-1.041190888693259,-0.3186394854536877,0.34467117756693527,-0.8084624704443717,-0.5835522899078986,-0.4972248723057553,-1.3513497154240903,-0.9275886338660428,-1.389495274447428,-1.5984796886235335,-2.576106548584395,-2.5583675227486355,-1.2435820782242837,-3.40523726693193,-3.998892919936575,0.4927219868913016,0.8056655525989673,-0.01646627535782059,0.18139438575098113,0.18356018267075497,0.21957721711016448,0.8538192569950498
ATG_TG50.1_FA14.0,-0.9961172409381792,-1.2976859255817308,-1.498061581945459,-2.1976520015815235,-1.171750536027846,-1.9541349305938824,-1.5422898681041286,-2.444299577871588,-2.531279457109046,-4.280729302796954,-4.906602272591906,-2.3662606689695913,-3.743396092855387,-4.755093908688417,-1.1721651045535264,-0.6022829934630156,-1.153650357051119,-2.8409919957272347,-0.7940501413130551,-1.037528880213208,-0.6946509033368805,-0.3602904478071599,-0.12113533472728226,-0.9967534912705716,-2.0986788733995914,-0.2898926712811492,-1.174708156275791,-1.0139141501402238,-2.976735027653201,-3.1959818031257687,-4.58552946703113,-5.238915488596506,-2.210532460657222,-4.165852144038407,-5.0828110831204345,-0.2781516964777413,-0.24021438173571583,-0.710255421148525,-1.7172775449420776,-0.5743053651932429,-0.6356674599809831,0.00623868035170151
ATG_TG50.1_FA16.0,1.8603812962407185,1.4792136351625518,1.480633003841672,1.100215197960993,1.7831030638931027,0.7208782098211333,1.2283533582305142,1.1224724481196362,1.200838911844553,-0.33053127390247494,-0.6594065287471773,1.2379336530334348,-0.49409667464081697,-1.1204536750794694,2.1776851982131564,2.793556313775305,2.056641595316395,0.796048479892434,2.44933023361099,2.3105309468700814,2.1224231664741935,2.3621315113621626,2.6160442419295995,1.9864766424088032,1.2526913547591907,2.39874767624337,1.3599489216123353,1.7321299897258324,0.2880160183399066,0.4401057408543422,-0.9065435776625618,-1.1100821556596026,1.1799328904731547,-0.9182250679167948,-1.6857797712250835,3.029202118755502,3.1570966502687954,2.524287715891007,1.8566554093259025,3.025057528365188,3.069583083663135,3.447830648396711
ATG_TG50.1_FA16.1,-0.3996017014682294,-0.7993539464052213,-0.8776529244083769,-1.379316224187147,-0.5455420449857237,-1.5431955639047688,-1.259922592198356,-1.8728526184661936,-1.8882988838073536,-3.5530059535681446,-3.8610053726804514,-1.6586487219325543,-3.313806394259961,-4.4620502263890565,-1.0357482073773987,-0.3724488468892287,-1.2373577879113626,-2.708930759570131,-0.6602025361017501,-0.6643080729265464,-0.7479256213567292,0.16553734030559916,0.3194397254014638,-0.377308077860084,-1.2611250801441165,0.17683248648033623,-0.8140850984690693,-0.6660155598298497,-2.4855357811592333,-2.5753018372380327,-3.985716827781274,-4.281536908138824,-1.602032508290567,-3.6027685225839496,-4.54915210404312,-0.05952858344446541,0.07415889182045737,-0.7049751095498664,-1.66719928227217,0.01592961955322717,0.10527800448496875,0.5847729744647142
ATG_TG50.1_FA18.0,0.2564568977128113,-0.18945134492970508,-0.18486691770419827,-0.8153402334502396,0.12468183705147068,-0.8965403566188402,-0.45097579226356815,-1.3380787216630017,-1.4354091972388756,-3.1081369480666927,-3.6738222620712775,-1.3802165432484717,-2.9525260583630897,-3.8894085115850503,-0.2675431149766199,0.3581407272232399,-0.433823152563418,-1.9085105520082768,0.04301981843517749,-0.06516386469346626,0.02122996098176504,0.7813738244408384,1.094987149925915,0.23332682460222273,-0.7655901416433918,0.7750497342567906,-0.29234287358587563,0.15929282988714943,-1.7806828320184105,-1.9770485464867853,-3.3204524110129436,-3.930520429242196,-1.0620817879800917,-3.3019452937897884,-4.04628195650676,0.7042936171977932,0.7319245995266095,0.05481385407213072,-0.6361934362183153,0.481588643705906,0.625564557662312,1.136953499703918
ATG_TG50.1_FA18.1,1.422601336386477,0.9097077958601114,0.9073129116505444,0.4360003809662929,1.149130093133688,0.19636508672730385,0.4863941212367407,0.48419030413803865,0.5393420018709725,-1.0360200726039004,-1.3291053300724962,0.5428278758144764,-1.110770391256264,-1.9238698333765176,1.7281385003142742,2.162638993396595,1.5191878113984911,0.1518914562341395,1.9361169540430716,1.7305151858395802,1.5962656818922951,1.8974651101097144,2.0654672627012443,1.4423585739812388,0.6239113711478488,1.8496075294093903,0.8217749690521359,1.1085996394534068,-0.23313089715759305,-0.2987998216633934,-1.4650727257099605,-1.7724073467822417,0.5150406719740401,-1.63109198087795,-2.265804169646187,2.559162673597626,2.5460389922065025,1.982791246366659,1.3746425360414791,2.378974721782369,2.477552418431874,2.789338059971113
ATG_TG50.2_FA18.0,-2.035344285379826,-2.44863836914944,-2.850640913749515,-3.8649078094036553,-2.313066830926292,-3.244922293498648,-2.8975168056016125,-3.4537684312769494,-3.3360250399751905,-5.172758491295437,-5.362449209845784,-2.948894340765821,-4.518591233020499,-5.72639816874794,-2.7513170807609764,-2.144676259490631,-2.8894060768960026,-5.035316008954216,-2.3758793167520604,-2.0994578988817976,-2.1027285689812185,-1.4065475424630598,-1.5785919999210736,-2.1754969294645834,-3.693253673354216,-1.5173814733703002,-2.2332029991698947,-2.3112061981379086,-3.766115754551096,-4.017513469107789,-5.17739450349323,-5.953023991597555,-2.850602043880453,-4.576571473554054,-5.839089158192553,-1.9336462042553104,-1.722638844064558,-2.541957275768202,-4.038829093846387,-1.7549847643837748,-1.5659409435497451,-1.287314013534616
ATG_TG50.2_FA18.2,-1.4227290107073634,-1.6994229141769204,-2.02313561249567,-2.9143926097720407,-1.7354782607327246,-2.53846620104904,-2.2878306847329535,-2.6342912703154893,-2.076235541405953,-3.925388990039061,-4.810671069652088,-2.1454229346133356,-3.6593078220851902,-4.836627337652045,-1.4329152828185054,-0.7955083413099597,-1.4799800696509342,-3.324444568515837,-0.9104514005589404,-0.9045090450164524,-1.2444507829147302,-1.0643268587467378,-0.8313279746788613,-1.5575501455038578,-2.781665788378262,-1.0575256211226038,-1.929130366062512,-1.952615226602108,-3.0891234401710843,-2.528527488820201,-4.274347214816619,-5.215439931351913,-2.0508581480703807,-3.892853239704293,-4.9306430005716795,-0.7084314150298292,-0.4524912328063634,-1.0151928259367002,-2.037257734044602,-0.4626814622649478,-0.30310353166031057,-0.07049282571452793
ATG_TG50.2_FA20.2,-3.701183642942576,-4.092637710838899,-4.52066103190415,-5.638330501700351,-3.9601859421150474,-5.137482508441823,-4.991701861599358,-6.598447814465236,-5.921654329381645,-7.9730364285226285,-8.577152215407141,-6.019251532927794,-7.168956652593028,-8.511147979248339,-3.869656981527905,-3.36990054362351,-4.019288264405739,-6.114898885406716,-3.550676618393517,-3.58018079180956,-3.625248768030338,-3.0661625788817166,-3.1059998061366456,-3.7725669715331858,-5.377218092088137,-3.136575158143603,-3.9118440711993183,-4.301366730134652,-7.004148521299456,-6.330910400758014,-8.291807042353174,-9.153035565057984,-5.751751332172876,-7.382998000201642,-8.473669501543485,-3.6026108941053705,-3.347908657494364,-3.869958678885917,-4.861990727273093,-3.4382710287999676,-3.4079150529018363,-3.051159615093202
ATG_TG50.3_FA16.0,-1.805923343712999,-1.8296251795747107,-2.434045682124557,-3.810312244058633,-1.938169716598916,-2.6275885409926696,-2.519623824920403,-2.7209886245639394,-2.322248176300634,-4.269247575575717,-4.661534793397525,-1.92300699104675,-3.341763391760469,-4.793365717068513,-2.2474012010677753,-1.3091687039526914,-2.34117507808254,-4.454177287038846,-1.505715001408663,-1.1581164484312605,-1.6370538448935354,-1.1384825096155264,-1.122216302090918,-2.004699613566468,-3.790835641783173,-1.1342165647925362,-1.6902935806041253,-2.1912830767729092,-3.197929968837039,-3.010613983534479,-4.370485347539051,-5.144698973267438,-1.9537639183712083,-3.5451178703331583,-4.862729837616665,-1.7252660038745806,-1.258767689409822,-2.093200773849238,-3.3536633388785653,-0.8998440068613732,-0.5750972410145497,-0.7988679350954736
ATG_TG50.3_FA16.1,-0.5657047730404535,-0.7584311782843292,-1.4858506082639225,-2.5194821634672073,-0.7070894029950613,-1.2959099751068546,-1.498452547805719,-0.7391514527236615,-0.6566830302319485,-2.260006041919166,-1.481633719732065,-0.01181900893608958,-1.549138647176428,-2.832419636356176,-0.2779380912315526,0.6116781802298629,-0.801556091763708,-3.025269504086821,0.269883780639557,0.3371561890134423,-0.15308992993350043,0.5353655656087221,0.25818980350910187,-0.8288999139721878,-2.5976799383893336,0.6224177609942464,-0.19277236291781968,-0.8524666907506456,-1.615425030332007,-2.4143184674313054,-3.0237992284681052,-2.0586124578082132,-0.48955411468977,-1.938941027727551,-3.180274399875404,0.07758438859677383,0.22821309105333087,-0.6374358959580448,-2.590951033638898,0.6016849192420183,0.8834385274758663,0.6435829706406963
ATG_TG50.3_FA18.0,-4.85172914459527,-4.9870269296050225,-5.689550255869116,-7.19188453657031,-5.046922965943394,-5.836853352952316,-5.493364470750274,-6.6354911025036865,-6.754267826569684,-8.496306825563288,-9.59696832301552,-6.191070034154389,-7.371057440322179,-9.017607015430354,-6.480134961344002,-5.5194043804207356,-6.526135527201295,-8.743967444625227,-5.98848805134233,-5.299467204322245,-5.215044469410012,-4.223377711723333,-4.225677229720097,-4.926473845626024,-6.729143059114265,-4.299351493855909,-5.068531940721429,-5.358726651693552,-6.803943550695839,-6.524061346479215,-8.182273568353866,-9.663739746025218,-6.001980140864357,-7.418946713510107,-8.435905501390387,-5.072263873211154,-4.835083808056772,-5.549730953237635,-7.938765700566812,-4.760329439161761,-5.0394748745989295,-4.88063421831849
ATG_TG50.3_FA18.1,-0.9632998010568772,-1.1284350574230162,-1.791368786387005,-3.0502380891711147,-1.1871566760325198,-1.8278804723888251,-1.815797567736552,-1.1562427074025357,-1.2039061223462393,-2.7406838820666435,-2.041364997744421,-0.5887097276618717,-1.8953883543767984,-3.480793710450863,-0.6068305184120525,0.20455059036444975,-1.0104202798056272,-3.3769100721976906,-0.1120771446634528,0.03998135159008364,-0.25153507055407226,0.2110770062985665,-0.06463520900645851,-1.0971657081303334,-3.176000030498487,0.07628011378956978,-0.6951949495870179,-1.3529532895710361,-2.0380583531917753,-2.781258113354104,-3.2466107382837746,-2.7542071413635036,-1.1317271321340368,-2.409088505889206,-3.6015889781947523,-0.1680944914036877,-0.04393003187868258,-0.822099611069444,-2.8895472474236006,0.20769518502079476,0.36210834271091424,0.249346437575848
ATG_TG50.3_FA18.2,-1.313871656300771,-1.54022669042423,-2.2747871940341544,-3.5602487218355594,-1.5497240199707385,-2.3423135496868492,-2.3637004725560717,-2.204460356188454,-2.0065396232386403,-3.9178547846588385,-4.179924400106978,-1.466673506055867,-2.796036993856472,-4.320576867598156,-1.3846689349250525,-0.35056399201759675,-1.4719778913229562,-3.65683710341456,-0.7181146154747831,-0.4969594116780626,-0.7869857766602303,-0.5886120919081866,-0.7319192513584316,-1.692145670611018,-3.49354991106836,-0.6523224814005273,-1.2541960224186135,-1.8939599352638825,-2.673896620375531,-2.8232263359886995,-4.015426292348527,-4.814358378498657,-1.469145342391205,-3.0075821225143393,-4.18523078411274,-0.8934326565157659,-0.5056212347880729,-1.2370809093936166,-3.087298173713094,-0.2887946767515002,0.13960896861108496,-0.16027579876531933
ATG_TG50.3_FA18.3,-4.398234902909678,-4.2398057058686485,-4.706494601507898,-5.757116456272565,-4.800077032883771,-5.487660099540403,-5.174699660468059,-5.756492335917437,-4.890923429877559,-6.923780132413853,-8.070915981128168,-5.602479162893857,-7.304977889911957,-8.378396822804088,-5.4516070249358,-4.5414392530772805,-5.187534484348892,-7.284815236062031,-4.723871183086532,-4.85984281536665,-5.090501287772893,-4.253255461923393,-4.0733903410441235,-4.654478790260586,-5.987303720093806,-4.187915929328572,-4.832553464332886,-5.076437613399927,-6.126622473414315,-5.057818343364064,-6.751921356137879,-8.501815446339815,-5.060270261680095,-7.343456383765336,-8.163197638608358,-4.5965942676046865,-4.143675207623191,-4.520832770203055,-5.8981959535093775,-4.176798585469848,-3.8225194428541545,-4.151042378987048
ATG_TG50.4_FA16.1,-3.770097787934579,-3.849618380234908,-4.670857846031581,-5.792910358964492,-3.99919159124222,-4.337201594749809,-4.614046965560738,-4.47205646772359,-3.94408212550616,-5.852371693977675,-5.746372328255308,-3.4899704611103006,-4.829272400944015,-6.725744280007597,-4.342503462757048,-3.0384363390807,-4.5047722897310525,-6.84551294883285,-3.4057104865525156,-3.2983105301498443,-4.127572651130613,-2.6194620004862625,-2.984144602534221,-3.948813456386701,-6.228320752714619,-2.679501625283822,-3.5157813470417456,-4.33732987328843,-5.132718895550634,-5.476671037161784,-6.260581944878844,-6.252036889066218,-3.608543144852125,-5.130760537618552,-6.472748038881249,-3.87988686287092,-3.5383490322500113,-4.284173372609325,-6.18996218797963,-3.238001484676643,-2.941842386955404,-3.2781810641427613
ATG_TG50.4_FA18.1,-4.401210770436165,-4.232950457479528,-5.064356949656149,-6.575377046638325,-4.47282526848688,-4.812786764983729,-5.333355432072472,-5.177988308558992,-4.973539487839564,-6.8591075620157085,-7.234229290929529,-4.60960156664227,-5.742435567885832,-7.837576243335449,-5.199645294066656,-3.769345326100724,-5.073896676152755,-7.853775982652067,-4.492282918743774,-3.988492275305528,-4.383982624820936,-3.205019937583255,-3.5721403931262485,-4.46473820582471,-7.0588353876235566,-3.301560771614135,-3.999279602483401,-4.954745578471484,-5.562930155523447,-5.725825763556432,-6.779018675689138,-7.560982915640064,-4.601895376987352,-6.04744565841693,-7.747771085750382,-3.969428319100879,-3.6085827146953497,-4.643909045561523,-6.805772257405746,-3.884395898230299,-3.601929750409026,-3.611024166864091
ATG_TG50.4_FA18.2,-4.5786031194790615,-4.808599183245635,-5.334986093837657,-7.03807503644046,-4.698609294455268,-5.144071772865869,-5.482037336905481,-5.274835019775004,-4.836748333748413,-6.6268005790532385,-6.383694849668929,-4.198365016893373,-5.471966382631518,-7.384329341540137,-4.681464293951098,-3.617761198020104,-4.7322312453998006,-7.169967022925401,-4.132932540159059,-3.586907846086074,-4.430002557855373,-3.483324274099644,-3.6945842018463337,-4.8681425117503885,-6.648318825016137,-3.5445624186859694,-4.410662901609438,-5.022248102867852,-5.66655502022973,-5.88433389372957,-6.956209246453786,-6.992359825657587,-4.435523367803571,-5.700322441525268,-7.243022284615279,-4.284975461836184,-4.192711789802024,-4.851154658086094,-6.649724684561341,-3.7028686051078266,-3.587997041358541,-3.738342197283656
ATG_TG50.4_FA18.3,-4.864024726140076,-4.57041613884393,-5.635976250657963,-7.048880347988193,-5.223236040359591,-5.453642488537617,-5.878571764040636,-5.783778459416734,-5.373423623384218,-7.257763333631344,-7.981846064741343,-5.367525361163383,-6.852412571930819,-8.324144433596038,-5.939524796055672,-4.675981754871619,-5.646777461247657,-7.599948849250024,-5.053380897244698,-4.7188494981022515,-5.3769670142542605,-4.4706149419270265,-4.373319069380189,-5.3288767814557545,-7.171900030716713,-4.201670363865748,-5.021971947291958,-5.652543466663454,-6.116260023968408,-6.166188608666018,-7.045256410286623,-8.55220548549656,-5.236038982005628,-6.795252999655117,-8.28993681636899,-5.0068216775465695,-4.610339816752571,-5.440648409827899,-7.054668599597268,-4.230542908833888,-4.497890971817299,-4.637888973293729
ATG_TG50.4_FA20.3,-4.3970138893743345,-4.547411107120813,-5.659904996803541,-7.371758180828358,-4.761279940894865,-5.282418910964211,-6.027130407783391,-6.876572581804354,-6.032330871389339,-8.699956728874605,-9.266375492051605,-5.558163125753788,-7.013654792278001,-9.039729259442414,-5.170464961195367,-3.964111166458569,-5.540631082906425,-8.382980802156684,-4.175683890619011,-3.8391488293362985,-4.886147751301049,-3.5218898893098043,-3.798412376453275,-5.050973325383667,-7.548485950600345,-3.6881113573402224,-4.33571538568057,-5.596952965744564,-7.569278145826814,-7.091681671870253,-8.53958315623944,-9.602428735871754,-5.3456220148908695,-6.877532987429868,-8.854062076164285,-5.1417293246589795,-4.406763537665045,-5.48031864637722,-7.465358516059575,-4.193478799968659,-3.814295283009304,-4.671049582787632
ATG_TG50.5_FA14.0,-5.934148583729882,-5.494073437632706,-6.593317468781994,-8.15271315013886,-6.111612129451301,-6.187204045908315,-6.732624213820758,-7.827760782306606,-7.154626224571392,-9.430087180344866,-10.00221021121086,-6.387529820606981,-7.774230100263312,-9.4392005518163,-7.897914757710863,-5.394592785793618,-7.32376546953594,-10.435039414497584,-5.886892091671135,-5.72082601467891,-7.188523319811783,-5.758642684781206,-5.454324885745987,-6.482458464668349,-8.699595825404867,-5.513530121063646,-5.661900399463947,-6.741585770203617,-8.434661945391268,-7.1373287612736815,-9.229373760901543,-10.640828751537594,-6.26407051017515,-7.724356009279516,-9.201420088646028,-6.769427552076951,-5.744932775629607,-6.033999280370515,-8.881042595270314,-5.43234334766467,-5.231041291852349,-6.583353790894937
ATG_TG50.5_FA16.0,-6.330261899376124,-5.711807412730671,-6.557481209597718,-8.179673253502838,-6.5287723030691645,-6.552342226333562,-6.85919774750344,-7.939974124764568,-7.00517244562656,-9.03087060750808,-10.02259168730879,-6.98957038598017,-8.230795483150368,-9.680026563270248,-7.974289508604235,-6.109598894633424,-7.229246668515358,-9.170013295626534,-6.667666448979674,-6.045763975285575,-6.8499934174305555,-6.22237728980254,-5.977588177015043,-6.545470737632307,-7.874539706938873,-6.0132631668516785,-6.019687216102672,-7.125929341489386,-8.438307312392691,-6.847015881851263,-8.691025808969313,-10.227344506539977,-6.440606685880808,-8.381350372632085,-9.454244857752716,-6.348008192161403,-5.717845362573861,-6.253236618128689,-7.937696897101388,-5.622534954425204,-5.605037953009949,-5.589240500294567
ATG_TG50.5_FA16.1,-6.335192844909487,-6.102992113764283,-6.810488245063645,-8.448365332921368,-6.076825106052688,-6.829923241012577,-7.400367836195443,-7.438098852508448,-6.335593021527938,-8.530242867196964,-9.254808106154393,-6.244575045381697,-7.599491494081485,-8.935887601726101,-6.96089961414427,-5.389094730457073,-7.517918112489211,-9.453242841519396,-5.967546441224269,-5.720243101201455,-7.42669709594037,-5.755310089632352,-5.500381276894198,-6.889240861884348,-7.760026800686924,-5.760811618796098,-6.234379429287903,-6.89368391490931,-7.905426547123565,-5.612219883731327,-8.584274227422078,-8.697561709463567,-6.087468355965402,-7.934288489428648,-8.58353762738611,-6.599844252062942,-5.778253022146324,-6.421750289002254,-6.656716441051151,-5.346545245597158,-5.449607241637056,-6.166158978925578
ATG_TG50.5_FA18.1,-6.5964891062073825,-7.078595334319044,-7.579225235458962,-9.387360374173708,-6.870467221813058,-6.679144207062611,-7.21569050039633,-8.305292313732373,-7.037730812581392,-9.524207152376812,-10.805879715442469,-7.164279877036678,-8.646776470155086,-10.361128694825696,-7.811981836494473,-6.279466620823608,-7.174810892384536,-9.682927925998792,-6.749250544363511,-6.232227502038789,-7.365134199169821,-6.207457848494867,-6.325877871503539,-6.991056327708677,-9.58305719706297,-6.0797705766080385,-6.426319377182541,-7.151678147853788,-8.677309519549546,-8.340677187781974,-9.09589909685526,-10.019981584184835,-7.543096309554026,-8.826820605698533,-10.175373568383035,-5.870519875093219,-5.613421758285659,-6.486882346130417,-8.671268142555755,-5.495441250369206,-5.64087901377511,-5.637141322177501
ATG_TG50.5_FA18.2,-7.49587675932787,-7.410054244054287,-8.451926404427931,-9.702752566374954,-7.812005967290821,-7.700131842021403,-8.399870982564691,-8.550110812835104,-8.102568774579215,-10.056147089695925,-10.728505117447146,-8.197886208070996,-8.709523544122513,-10.533478705638114,-8.52701003930163,-7.272131588379386,-8.35593927397089,-10.8573724605515,-7.944863324466222,-7.76186186694511,-8.065061828874779,-6.536277969695422,-6.6752735334776805,-7.831119895295243,-10.000947982175935,-6.592838108083743,-7.427801886072853,-8.487038056792057,-9.25389225762102,-8.780287049969578,-10.309277997636451,-10.709306237846524,-7.405002834654766,-9.876427383514285,-10.058586287465385,-7.818896042353325,-7.322129626670947,-7.398407170070165,-9.9263642424001,-7.14886598944404,-6.834188964551259,-7.555718686137278
ATG_TG50.5_FA20.4,-4.617336540207566,-4.298038593698162,-5.477715946838583,-7.149152641626104,-4.90340349846473,-4.923005230452476,-5.992839706215754,-6.462244520559986,-5.4984581539489294,-7.760638061755667,-8.334829485129898,-4.3022098180057275,-6.339782178150281,-7.841258594997876,-5.78729726243235,-3.290245574504631,-5.086417138707663,-7.994162922819321,-3.6292367740698617,-3.168107455354456,-5.0121387714822125,-4.252262651160841,-3.9925464530732624,-5.201246610100648,-7.960006687220708,-4.186121637028704,-4.688361875936922,-5.728924762890051,-7.046990387046438,-6.436551128859338,-7.92531460556878,-8.477162851088067,-4.140459304962718,-6.172962443408001,-7.914710095969347,-5.061704537555468,-3.6592015658153327,-4.768595745884323,-7.678820594829117,-3.2372029389071764,-3.023370890267202,-4.2157983135134325
ATG_TG50.5_FA20.5,-5.329564371403762,-5.383388453963846,-6.209937434314005,-7.632166911121317,-5.702339883507968,-6.138225713383713,-6.208248785986545,-7.711727381306771,-5.7422790990360495,-8.846048081245442,-9.549405149179906,-6.042603143335512,-7.487579795214025,-8.906087371903169,-7.694441846441467,-5.482356402403235,-7.3867230104899235,-9.132280556644297,-6.1172106907800465,-5.9361751904018165,-7.016619002034385,-5.922480193438451,-5.401724191576547,-6.231573082236085,-7.56174129957668,-5.869462351953173,-5.837301644063745,-6.62132898420895,-7.682546865854731,-5.672419882947388,-9.00852455693641,-9.332498319545046,-5.685727191563745,-7.603074110740958,-8.412281784333722,-6.557322634229666,-5.453918595810723,-6.3262745157194695,-6.6430837993940814,-4.722619456635405,-4.896697915289338,-5.522869436992355
ATG_TG51.1_FA17.0,-1.92197959796532,-2.2072957687634753,-2.47303220518919,-3.0961329289198147,-1.932066449349142,-2.759815867936667,-2.5218080878647275,-2.736495584288253,-2.5730757236275577,-4.180531867491682,-4.753679525957443,-2.63635691329698,-4.156163721422691,-5.051832801596782,-1.6539933804336815,-1.0500628858171894,-1.674909969156787,-3.314647924105077,-1.2826299712328566,-1.3367434094606576,-1.6415024466321757,-1.390981354926481,-1.026870706636937,-1.964784690813527,-2.884741937507271,-1.3986019680188726,-2.3511719116221803,-2.072293583120543,-3.152526393032903,-3.191465563608938,-4.502351162246336,-4.89411628806017,-2.2896593883926357,-4.324441451723198,-5.276687452071226,-0.4946241608017292,-0.32815927528182,-1.0148182805930193,-1.7889743750928775,-0.5932989873653567,-0.5341416734597888,0.04488093232117319
ATG_TG51.2_FA16.0,-1.3934878017060233,-1.7273628151705995,-2.1238160457968247,-3.0022852610706408,-1.3051600671917227,-2.1793030303021945,-1.9759428379669457,-1.7455819217862598,-1.560571002174808,-3.342783623268198,-3.329702249499891,-1.4635014405961415,-3.0334211254144363,-4.255250186567997,-1.026764254834593,-0.428491369373834,-1.2567168300055689,-2.8141979503030377,-0.6548501430638964,-0.5636406727591803,-0.7434421146334402,-0.823074317572221,-0.6482504403183117,-1.6649518051342784,-2.708063474587513,-0.719630908327106,-1.3839855534505816,-1.579107799017943,-2.4383138118482552,-2.409677841457124,-3.6872091946580654,-4.1691187368886125,-1.5561707988295077,-3.1627855292465625,-4.603728690399641,-0.3670656508640361,-0.170487634918287,-0.897039767602153,-1.9456827718395855,-0.08481137001233537,0.1741631889121472,0.36310284913177193
ATG_TG51.2_FA16.1,-2.366373683861302,-2.6165731532018284,-3.181989261164596,-4.109586323625923,-2.485360026283548,-3.098854733012954,-3.0665042657836645,-3.2335282652532973,-3.22836834202981,-4.929807640326567,-4.935779159045126,-2.8739850789868076,-4.392943757503789,-5.4891283114120295,-2.3788208201532313,-1.6914155581398966,-2.733092389146161,-4.529285985577486,-1.9427029971936969,-1.8055160351855744,-2.023741893736694,-1.592951689438499,-1.577947759304716,-2.611506331949327,-3.795301406327291,-1.6861405531252225,-2.309757797281555,-2.598249591127703,-3.72173397120892,-3.807402479084518,-5.190827722011791,-5.3859330166575745,-2.954408666404169,-4.487985995033957,-5.454821404562697,-1.579647467043269,-1.4872191101280172,-2.164984177044335,-3.5725925154892293,-1.329362398660479,-1.1166199589213608,-1.0259369024584672
ATG_TG51.2_FA17.0,-3.124121333869977,-3.366509285197225,-3.9795241491787494,-5.098182566349279,-3.307041725336646,-3.910195080511451,-3.9176666791068344,-3.776163573534279,-3.671913094669517,-5.461106873087591,-5.420776369933599,-3.253847942533234,-4.8468865617577315,-6.182765479035032,-2.840023526835017,-2.0548158274849726,-3.066462409242192,-5.253089747003636,-2.366029868914167,-2.2889182427646055,-2.5795661357525166,-2.6892003023036124,-2.62270873122433,-3.4637339124475592,-4.857878346433261,-2.5246391060123385,-3.294452417112568,-3.447958843616737,-4.133653610593071,-4.067480095522133,-5.539698752491171,-6.120971336177774,-3.299999674555943,-4.9101050444758485,-6.025660182268272,-2.0551119271416516,-1.7830486761015174,-2.4284137315499397,-4.235988166996326,-1.677610236298411,-1.5232441830312144,-1.2851222416473571
ATG_TG51.2_FA18.1,-0.6941586065578257,-0.861931922218015,-1.4686929087552545,-2.368676307883591,-0.7261247827452773,-1.3879650376571495,-1.2652291415576522,-1.028360830810643,-0.8523862089256953,-2.6290651109156977,-2.724740956892676,-0.7343508738530725,-2.0690001584597573,-3.47591609060932,-0.14503858874162628,0.6357761381486001,-0.2209833839962578,-2.2411356449850737,0.3797659171739525,0.3452719249548878,0.3206848080705941,-0.01366490896655641,0.17445855692171824,-0.950606834572838,-2.2463672289882246,0.0243022870990742,-0.5841154269283463,-0.8003797402494451,-1.5813333710017567,-1.6297466080628875,-2.989845749616673,-3.4495976141593374,-0.6704552277698359,-2.364883213854311,-3.5607717439520163,0.8384806506149001,0.9881737113447892,0.3295867187958677,-1.102519697734296,0.9713468483492144,1.2788164031426326,1.5240160253931578
ATG_TG51.2_FA18.2,-4.503410783815626,-4.411841916971914,-4.826392246951827,-5.938983860758944,-4.394259016044501,-5.179488835533897,-4.981159639592287,-5.2965788482743275,-4.912501570399157,-6.824996162995722,-7.400251214368397,-4.765721929316289,-6.320567264950077,-7.729784685824391,-4.10978804888773,-3.3934559036775633,-4.025874230135045,-6.059630999251749,-3.689966096795922,-3.599622292376741,-3.956543215747661,-4.059050709382272,-3.6950050860537855,-4.5732179477838,-5.773062557026839,-3.8312530347080433,-4.790072401136261,-4.758993013023352,-5.5054158885317275,-4.99066252692684,-6.7717586898410085,-7.759885977722072,-4.482667870633897,-6.197009484107736,-7.419230609490472,-3.428102370349816,-3.074052740399848,-3.5948614716704292,-4.7461195183299765,-3.0060541449562206,-2.816480694695755,-2.4561969709891103
ATG_TG51.3_FA16.1,-2.9086020576982587,-2.9819448182961104,-3.653796525279643,-4.825228291026323,-2.9413257683362297,-3.4834371083692317,-3.684586632354368,-3.136562059726054,-3.030766049215498,-4.74324159328634,-4.409258840015282,-2.525238224590165,-4.050780701927822,-5.426983941325188,-2.5026948057013856,-1.679095830753671,-2.9284954914203323,-5.023328364459097,-1.98889276937396,-1.9672373479629055,-2.4457902046711366,-1.8997172334028711,-2.0276254430053355,-3.0937859482512726,-4.9217222818553275,-1.8139105290118631,-2.487968794466889,-2.9126724354528655,-3.791794600408268,-4.282816940723841,-5.21643254819987,-5.1152203892652945,-2.942247681014139,-4.273176132193735,-5.405639785788285,-2.1687157170359117,-1.8224330564181876,-2.5683306708066813,-4.798837099434276,-1.600878414440272,-1.6200214454025292,-1.4327671360402698
ATG_TG51.3_FA17.0,-5.555759112581762,-5.745411949494052,-6.580156619989991,-7.605439473994267,-5.571780796673114,-6.0496966021071374,-6.34225101951885,-6.560373230847249,-6.119162023098913,-8.19763232389846,-8.814780304887858,-5.943561503678424,-7.195100695728438,-8.807782201031594,-6.168223509045043,-5.039241034895815,-6.065220783632306,-8.460207736102308,-5.110277842693655,-5.143166501637902,-5.517282244789184,-5.011422928580407,-5.124804155601648,-6.013159468556537,-7.643389963459892,-5.0270833274799,-5.514846823827576,-6.199033190065475,-6.7090276713740575,-6.429781513766024,-8.283698444907888,-8.792674179114151,-5.524589828242815,-7.118876065327576,-8.707913845445486,-5.152783803717937,-4.931150764203384,-5.340026120742249,-7.413406137066689,-4.440302148844666,-4.41312339270884,-4.231419985302265
ATG_TG51.3_FA18.2,-3.5802011708624693,-3.732062250307887,-4.538783167209616,-5.695091372431671,-3.688412449281123,-4.186240934426245,-4.356011793849931,-4.1012106862728075,-3.6052282201457286,-5.692466304872322,-6.010255326122986,-3.38539238241173,-4.749135367590167,-6.552362361544049,-3.30720004990505,-2.3152902493856593,-3.2308331989260055,-5.450432537675109,-2.5962945434646993,-2.4307180072256127,-2.946582149997232,-3.013479161572429,-2.95194506755172,-4.026848314623237,-5.690021969990722,-2.8127342261728248,-3.4551737634373736,-3.815114853436088,-4.46594543138489,-4.20777327585267,-5.828277189395748,-6.623207550106805,-3.3250277370671664,-4.707396871957156,-6.193025979729239,-2.800516104876425,-2.2908580350824415,-2.9255441824035064,-4.692022570627492,-1.9330894487098496,-1.619446535323372,-1.655507473436649
ATG_TG51.3_FA18.3,-7.0201329361996825,-6.510510762375313,-7.220303598573184,-8.161312135690437,-6.996862084918018,-7.50456041923243,-8.082881678470716,-8.067533885030528,-7.332701455360408,-9.5236493084021,-10.53635105675538,-8.103838071219977,-9.67147931248272,-11.22531580499482,-7.497295623699893,-6.625640584922777,-7.640719876182762,-9.39577612202931,-7.0835033620028875,-6.833067450299627,-7.497698352426571,-6.979872126863421,-6.354924726862795,-7.00329764501726,-8.762852885127892,-6.794906097654815,-7.652051188923531,-7.81903335523676,-8.054148770158445,-7.261096115854156,-9.647887675309509,-11.037178759021248,-7.839119756991301,-9.654342436091609,-10.90099238841255,-6.730296788889982,-6.19106059297999,-6.671259380429239,-8.092480301536632,-6.574496876960099,-6.43037010354951,-6.445771083070399
ATG_TG51.4_FA16.1,-5.5888394883088095,-5.56532361147947,-6.230356598270536,-7.292893451518892,-5.18855585381885,-5.945177990088029,-6.262113212544882,-6.164258435465917,-5.490750347958052,-7.668945621302539,-7.674232342230076,-5.253221332684515,-6.394779091484398,-8.498997684805133,-5.638343886963887,-4.4059714417867335,-5.768979042421432,-8.10507998627364,-4.93252722876568,-4.650640295672514,-5.53334649868365,-4.4149808978343055,-4.254516505328375,-5.602485080202015,-7.317900522490508,-4.3361927303597545,-5.02730521545219,-5.83787213261058,-6.509595088331117,-6.4684444567618256,-7.965722346928862,-8.074219451739934,-5.122104841706923,-6.579143214976633,-8.50310845216447,-5.151988675163849,-4.73744226422418,-5.462677746225832,-7.038782574064951,-4.452001338611777,-4.062137180094789,-4.477774762029915
ATG_TG51.4_FA18.2,-6.193186017042115,-5.614584686438286,-6.301404165910338,-7.768321029788581,-5.997064610876894,-6.37408940630835,-6.4530102021255615,-6.123739729967713,-5.525034799499767,-7.830070524221693,-7.894017322263352,-5.2285552656259355,-6.453314077038807,-8.378631860235183,-5.682975301960005,-4.795120558555312,-5.741668882031996,-8.215380240264407,-4.800115881857335,-4.713967067171232,-5.539853850363712,-5.016177085480665,-5.004322434429923,-6.139368572277205,-7.837374135116506,-4.641234738005506,-5.441356336788117,-5.979433761483116,-6.432923550482534,-6.71664692625067,-8.025184984957578,-8.162608738095054,-5.298039587584598,-6.512202009746531,-8.186105293983069,-5.453117031010921,-4.9702607758081205,-5.158329887660665,-7.6122536150235325,-4.622703053990826,-4.507437951446807,-4.360229904343907
ATG_TG51.4_FA18.3,-6.265443691470226,-6.3897902336333665,-6.6802790813449455,-7.918986577575028,-6.391146099639458,-6.64631493167497,-6.909876570711811,-6.9669307100178575,-6.794984276918073,-8.484051745493973,-9.257823902991168,-6.582964731939619,-8.282668768304502,-9.987632288149848,-7.0847995970427595,-6.089163689329049,-6.656721803582392,-8.598083458571836,-6.267503223070407,-5.900732628497149,-6.544268112099564,-5.964625755907312,-5.891047193954959,-6.483210434573234,-8.215566974948636,-5.774336821816837,-6.2447762829497195,-6.512218786992445,-7.217576452638757,-7.422131905830764,-8.08274909903766,-9.707460447015915,-6.360722831207438,-7.950033724237568,-9.366267791236128,-6.582465028543808,-5.83143232782704,-6.153023326767169,-8.128591126452275,-5.387420219944172,-5.243446883740187,-5.4380487949884815
ATG_TG52.2_FA14.0,-2.914547556562324,-3.3139111894946556,-3.7480198904232465,-4.872216694281088,-3.240662232712091,-3.840025723171674,-3.785574977297502,-4.557776010054074,-4.661306720468547,-6.526165431971391,-6.462938955853317,-4.421151635807393,-5.698077973809128,-6.824957070803054,-2.3339967050419435,-1.9325832393723976,-2.436510949696105,-4.263898903102407,-2.063250760346031,-2.319579706408082,-1.9955918222466127,-2.0540075984957777,-2.3163068675077003,-3.1871420550418126,-4.744081117022431,-2.317734021766358,-2.8099211060795297,-2.969709602109248,-5.091396778182359,-5.453287079787967,-6.8113179285911585,-7.386579330668553,-4.54356670996309,-6.328617140194003,-6.955519433659073,-1.9233979728729735,-1.7844134922062085,-2.239552829803213,-3.382873612523469,-1.9109089639056993,-2.106521413418584,-1.6164529206869482
ATG_TG52.2_FA16.0,-0.25416079374938344,-0.7511469075111166,-1.0407373007308518,-1.808641918979939,-0.35410053753108445,-1.2432474990123128,-0.7657704168357091,-1.278822947573661,-0.9398032054883462,-2.971231039372769,-2.776194087544172,-0.739656824197698,-2.3094291449688216,-3.971819094687625,-0.05132394406568259,0.7448337070298217,-0.03811368621379288,-1.9833765385870707,0.45744059520190367,0.287893358300481,0.40166553541294125,0.28732018534194587,0.44556543144766136,-0.5783659497998794,-1.9233657023305704,0.5720247898636356,-0.16456164712750798,-0.05249289158405115,-1.8048955587650712,-2.0383441908929893,-3.459327859139224,-3.5528743982761615,-0.7285952386888062,-2.512865051927216,-3.6754821487651377,1.0179667818753146,1.1268848144501495,0.459794877348141,-0.9728755362383086,1.1736709680396913,1.3239311499547537,1.38866041484373
ATG_TG52.2_FA16.1,0.3662777319780171,0.01683987435812235,-0.3242772366381367,-1.140204503286027,0.18561469196445096,-0.5932366879870988,-0.2990431843285049,-1.0584466311757863,-1.0383192920802231,-2.879620667310302,-2.803700568975882,-0.6299296339313105,-2.225963691270477,-3.6387269781978984,-0.0076891065542008,0.5890463698343011,-0.3671219414096168,-2.161671835329485,0.42176095358126303,0.3045757810414444,0.43537633214272287,1.0242152757026428,1.094375030718986,0.1818186132831552,-0.9118534089750444,1.0451966706450333,0.3857965538640763,0.3291999197339998,-1.4404491679868503,-1.6158832369445697,-2.9201582928707395,-3.373740379787464,-0.6240264593350148,-2.3678362143092704,-3.571872127503954,0.9875834402566466,1.1475223403812955,0.30856700237378787,-0.971377342583676,1.1272044150302027,1.0940527553463466,1.3641671522385934
ATG_TG52.2_FA18.0,0.1701962899598754,-0.12815812460368117,-0.46242639222370974,-1.2284458181612543,0.1215241722536701,-0.8535914472372909,-0.48227018561061535,-1.125347450064874,-0.9517362276508438,-2.83399356478272,-3.117486202798306,-0.7706575726093133,-2.4473187151564963,-3.8010203880115583,-0.05494955412504471,0.5712824908697063,-0.23326352038604467,-2.2393363381663867,0.32661923630815537,0.26935718184988644,0.2650215014687421,0.654220781206092,1.029178710004055,-0.04103355995676867,-1.1486733142908396,0.7675375031435278,0.0135525231675333,0.1215288128409485,-1.4175905675303857,-1.5264952357281965,-3.065472013147307,-3.6108112737498943,-0.5075952558384011,-2.449175427882986,-3.5537065364244222,1.0879885150984012,1.2440574690743496,0.4778004785694054,-0.7900663438541352,1.0135544796841864,1.0969407008790184,1.4545483079098689
ATG_TG52.2_FA18.1,-0.6948406015754814,-1.0517359534051347,-1.2469756382385424,-1.989218007182101,-0.7403203062490928,-1.6644846181064668,-1.138912610470712,-1.586681628524422,-1.3677797467849453,-3.286113275252208,-3.049680365618621,-0.9187013996221528,-2.6686271288800465,-4.229609356406502,-0.28324414505465073,0.41670483190735375,-0.03033943948943655,-2.371865422800929,0.36524094220194425,0.01296686142625032,-0.03081279826059748,0.04172308922946455,0.17716532783103223,-0.8309199784548137,-2.2534426904096745,0.2638566222716186,-0.5808100027025023,-0.38296715265259745,-2.097409485464819,-2.243205535566662,-3.5693971320426585,-3.8680593776854137,-1.0804716567074109,-2.871910554381446,-4.304856997126251,1.0147040906149871,0.9949761880851618,0.12378945999133448,-1.304907513445352,1.1333805081040844,1.1625345760914791,1.1365741973750794
ATG_TG52.2_FA18.2,-1.29068758457165,-1.562802141522365,-1.6562388640172017,-2.6192045490395204,-1.3479449985123697,-2.148474900912076,-1.918516957109425,-3.037310727649958,-2.7317920747477387,-4.594703220953364,-5.168914639273302,-2.497553699056375,-4.084955830532405,-5.681730890363438,-1.6090011410701324,-0.9625941828713028,-1.5492390318413056,-3.717379981458348,-1.1221212901356246,-1.288004311019275,-1.4049492373264814,-0.961074081410599,-0.5937586411245279,-1.283294305475154,-2.5420324501568565,-0.8714056905739992,-1.6184531635547363,-1.4361486751291377,-3.021052470633645,-2.771054251229887,-4.426328232957557,-5.560580316544626,-2.036641284908818,-4.0305246078704196,-5.1630632694105225,-0.5010665089628528,-0.1999949553691371,-0.8824137389643705,-1.8719464549092677,-0.3788034881298392,-0.3542440802097169,0.20559520042235593
ATG_TG52.2_FA20.0,-6.004186013112528,-5.994176917685402,-6.880668074391388,-7.5163630159429955,-5.894393699660886,-6.847044449341306,-6.753825816426292,-7.284875684270582,-7.343367765384272,-9.1079619030769,-9.211900063763933,-7.045458190045018,-8.141873623952808,-9.529011852938003,-6.066504286772637,-5.272020206977032,-6.258973993623354,-8.173172682170419,-5.695130765446595,-5.627130702766753,-5.841384746282654,-5.191188768942796,-5.293805460572262,-6.267257613928318,-7.590407711284973,-5.630510136758739,-6.022379920313397,-6.323996063781308,-7.773802272467129,-7.176185435820358,-9.31882723778295,-9.302029029811164,-6.576728671669391,-8.504307877449639,-9.637184966195068,-5.490227680502105,-5.085154750219283,-5.712762631395895,-6.975911640928447,-5.0353084269173065,-5.363385869785042,-4.95244977771666
ATG_TG52.2_FA20.1,-1.9197859029368316,-2.3414233648881724,-2.7334149367718648,-3.621032453339635,-2.140961580025956,-2.941381678573094,-2.7826183107955296,-3.323002715089257,-3.3656797336147544,-5.034898411617323,-4.854555721995162,-3.1197878247425312,-4.396255856557156,-5.646158320795475,-1.1586167038759114,-0.8520086522395139,-1.4315317485072172,-3.051036443110636,-0.933838450577781,-1.1681344977325303,-0.9551406236407473,-1.1849089086186566,-1.0144585013834753,-2.221402714973066,-3.5239236773182543,-1.2617782961245512,-1.844602905276122,-2.067812143842328,-4.09285197616448,-4.259050746749881,-5.511238008007067,-5.630622969271124,-3.3907378484098873,-4.991289123861437,-5.867543761642864,-0.5357446657492528,-0.5055243851606687,-1.195102347228044,-2.2244614429387424,-0.5978556359779925,-0.7824321452040474,-0.2990904390018718
ATG_TG52.2_FA20.2,-2.407196032560925,-2.9649059323254874,-3.172495502607491,-3.915549927069221,-2.6850420547410865,-3.683938455132211,-3.5672294233789272,-5.20822836000238,-4.634705721739234,-6.588149207779812,-7.243020483671583,-4.750861623852114,-6.18512754233069,-7.766203344264651,-2.47138031084463,-1.9801165717680196,-2.677029726113018,-4.5994385378477505,-2.1907423412207434,-2.514456160140755,-2.679778944638035,-1.945575064616056,-1.5057338737007149,-2.5160999889915594,-3.692588918755421,-1.9563590720487865,-2.919517649154106,-2.8833237298850576,-5.612423899610203,-5.138785053003446,-6.924450092396903,-7.737643515586959,-4.514396416862393,-6.497786354722647,-7.57542934897803,-1.8558564275776277,-1.6615721425155552,-2.318131321267358,-3.2151510791858007,-1.927028095974504,-2.0584013619466295,-1.5085550564075378
ATG_TG52.3_FA14.0,-2.865561278059942,-3.003789613058413,-3.821801073338115,-5.149791512406397,-3.073762673138389,-3.6609578182517297,-3.895363573218979,-5.141652014493244,-4.818027806069858,-6.919182974670836,-7.452890404825023,-4.395014624187927,-5.694355744759765,-7.3799445877990575,-3.0660427779494297,-2.4079173801777065,-3.111930871794466,-5.669682098884358,-2.364047088555467,-2.4457527085909705,-2.612381647796694,-2.0929672846342275,-2.127435831282233,-3.277112461818304,-5.080710685128891,-2.184643108684845,-2.6900031233954436,-3.3109018493221036,-5.440221220207844,-5.12914923443029,-6.871419028708066,-8.125580128248641,-4.360224345900469,-5.815995909824163,-7.2082641702207315,-2.7082903718312283,-2.29015010742967,-2.7826969252089127,-4.464526894018546,-2.3894874604262313,-2.1634913871680563,-1.989928234642784
ATG_TG52.3_FA16.0,-2.3924746736922167,-2.532685430377587,-2.895628260649884,-4.183546121099842,-2.408602823749156,-3.2037354578434103,-2.871013045894309,-3.505626670576265,-2.9236252162290484,-5.094950393271739,-5.2853891913143345,-2.335939165343695,-3.9364516145315287,-5.65802161378017,-2.207369797787387,-1.1714048867346207,-1.9984984858306876,-4.454884094864668,-1.3895191395141486,-1.378173421352526,-1.688648898186165,-1.868599449222819,-1.686351619091383,-2.6811844297356893,-4.39501968396567,-1.6240128233590905,-2.0838128029887986,-2.5383277278842757,-3.822929450550606,-3.6113364281386366,-5.130440486913473,-6.141056351831628,-2.2983000971523406,-3.9707721063549255,-5.52276193040652,-1.372510932655132,-1.0956550962472194,-1.703944435714401,-3.4682473057136014,-0.8506223603440706,-0.3093013385134399,-0.5363212915929861
ATG_TG52.3_FA16.1,0.5338812276457929,0.45011700414176464,-0.3555887883596608,-1.2942069686295057,0.42541264001537327,0.0068634120011071,-0.2364756276323534,0.16268408557752734,0.2124625964759562,-1.56196200985557,-0.9840339498571934,0.7589239901627157,-0.5824339606381979,-2.250196935110438,1.0439578731661765,1.8885502535987424,0.6804910592120572,-1.5065631781246789,1.623963244248401,1.579216433363854,1.116982060293888,1.8056615014484323,1.5763512712359358,0.3326346513033975,-1.3697816148283752,1.805178239070617,1.0815070148770018,0.45000061827265425,-0.5957536054671408,-1.2884412522978317,-2.0285209489427767,-1.621973263248152,0.22866228246545617,-1.0547708972902363,-2.22578088490257,1.7050462825644683,1.8796237434486995,1.0259292721064173,-1.0707485279893474,2.2009946619849248,2.0923090982700847,2.1336445736764715
ATG_TG52.3_FA18.0,-2.4227603156950934,-2.357634368888601,-2.8687568660532907,-4.198248218849835,-2.3658816493184154,-3.151041204710054,-2.9675030307123267,-3.835830998277612,-3.3820315995087524,-5.545175434711998,-6.013412512574392,-3.0591881837952064,-4.5731095087307825,-6.342013810567955,-3.1332973625586096,-2.327229823016937,-3.111300254951133,-5.7714742783165445,-2.555587574584792,-2.4126640478516226,-2.6346740707387717,-1.6526662379635688,-1.5049780660374927,-2.5142191423613336,-3.998328768850072,-1.722346765673238,-2.3323427227317937,-2.600656465360772,-3.8987593991945904,-3.725931593390539,-5.2506074434106695,-6.5191636472640875,-2.7709262501566343,-4.391361120703757,-5.771852447377341,-2.015763789428469,-1.7014899486182378,-2.4595188579716907,-4.264144829384395,-1.7279128740890353,-1.5893622604392603,-1.3509249949556157
ATG_TG52.3_FA18.1,-0.783419036196078,-1.0420305089386068,-1.5775441469979898,-2.5848635184640325,-0.8411636895570087,-1.4955422246387475,-1.4770438284416694,-1.1197546321523597,-0.9597873304551352,-2.888414763960186,-2.1283114588618224,-0.33513913022348196,-2.024533333533978,-3.777646963228288,-0.0750667500930226,0.8021111172381926,-0.1304981397767679,-2.718056068995648,0.5991501118208594,0.3683950898483499,0.03170811320896133,0.3031340431897316,0.1898680454614235,-1.115088195686568,-2.9722093666918807,0.3925006473847356,-0.3287205406698137,-0.7432787986182741,-1.8374279527325048,-2.5846347831738803,-3.1836633165166903,-2.93589843796475,-0.7599131767296516,-2.285124196999767,-3.88984062207536,0.664264221919197,0.8892390324465005,-0.07012561158160542,-2.1502508674562244,1.1072251448032602,1.2853167315919185,1.1566731228067595
ATG_TG52.3_FA18.2,-1.9643792053554936,-2.3461232574100213,-2.8421493493284418,-3.9073717014122464,-2.174251864756842,-2.865856871353321,-2.6356435609634183,-3.373361498827015,-2.8099537187114185,-5.056777254982841,-5.238406751210506,-2.41772642992414,-3.9304334490179023,-5.770820124324893,-2.06723896689889,-1.0804708095342377,-1.8658709570997831,-4.50904727370086,-1.200326053147477,-1.431048685011602,-1.629367132189415,-1.34021307545699,-1.2030027361511546,-2.46653488605897,-4.060635123489064,-1.2588401470931485,-1.7810303431725485,-2.2109887763179956,-3.576738217050687,-3.581171873888554,-5.064088064021623,-5.9698506685781725,-2.4758342711165815,-3.973696460637637,-5.612382498726271,-1.0730747062772616,-0.8462504938621823,-1.5849839110147974,-3.310212434479969,-0.5922079959585014,-0.25051912456282893,-0.30864399209021265
ATG_TG52.3_FA18.3,-4.228171164625162,-4.106080243089238,-4.38471990611165,-5.561667895618003,-4.383969858258237,-5.135673762843946,-4.86080571457912,-6.1563490940343,-5.3904207105101145,-7.645408315879003,-8.678490040851262,-5.947484960244114,-7.510788948150147,-8.918576606034966,-5.430266516784499,-4.652928896596908,-5.241469866502494,-7.7368111120756975,-4.774357232822151,-4.825287214589071,-5.171668102380347,-4.117179464296616,-3.606805689574372,-4.457971200336727,-5.8975572986584,-4.034233024873029,-4.755805769678188,-4.834286960795815,-6.173945622790788,-5.23906529129588,-7.17268278157504,-8.677029083064564,-5.370914967504036,-7.633991048631972,-8.5467286880706,-4.290758133873912,-4.010718882824586,-4.266186311157471,-5.696444724905909,-4.078101475606169,-3.864886671842696,-3.5839197197674655
ATG_TG52.3_FA20.0,-8.152936706991403,-8.242272517301725,-8.709288136050926,-9.491284634486457,-8.070488743301068,-8.29979249658127,-9.10187772712984,-9.277138718388915,-8.65893448920106,-11.230433865127027,-11.52151713674899,-8.923353825047023,-9.996444676148414,-11.701091395752591,-8.387028862575395,-7.368545405788312,-7.866201918570433,-10.43344475967286,-7.664474914529455,-7.49233042144947,-7.753066722526629,-7.39337034971078,-7.0045820372818834,-8.022226040052535,-9.95132544681199,-7.450260815869811,-7.994636788042874,-8.072279328671815,-10.054527922010411,-9.15930799862143,-10.844030373974192,-11.432843758146673,-8.30039342083022,-10.23271869670043,-11.316204709301187,-7.0083493332869695,-6.815537878822697,-7.454110755848164,-9.1001311341695,-6.820830644183038,-6.625131924524108,-6.445720787494807
ATG_TG52.3_FA20.1,-4.284978682653522,-4.5510157720891495,-5.216365254746273,-6.523350858766,-4.638321048601796,-5.04660030049005,-5.345706482048488,-5.08392184393208,-5.336735846114621,-7.125569030077104,-6.041792970403708,-4.981460916942156,-6.0106258412442815,-7.5416656886310625,-3.6237904676104713,-3.115611954388646,-4.0241189902009475,-6.131503821627579,-3.103282347543181,-3.4677370871101503,-3.373787250578487,-3.167761052672774,-3.3957489929763547,-4.541263435871422,-6.486032521704771,-3.3689550060206352,-3.9875277489847254,-4.527708310873258,-6.17116972704271,-6.436442880234816,-7.847554758606007,-6.961877173270344,-5.2928226326244925,-6.565635719476585,-7.7739418240650995,-3.3784523205428423,-3.001487996209545,-3.956913657935355,-5.64354931006621,-2.924822316413124,-2.9666851557352545,-2.8039026353351892
ATG_TG52.3_FA20.2,-2.2217782942749333,-2.5314050039340463,-3.15317371428997,-4.485517622193181,-2.5287749976719383,-3.015078022176302,-3.4040502059845483,-4.583598996052447,-4.257733456960656,-6.403920595564425,-6.859266125554204,-4.069911575976886,-5.182958434459774,-7.124979638248709,-2.1312881190503483,-1.4878102979640695,-2.517012762509091,-4.930600597128717,-1.7252326786154015,-1.7705761529613924,-1.8575608618458976,-1.1797132851861458,-1.3711598437737034,-2.5920772030802546,-4.25732065001029,-1.35843341694045,-1.8462225538281232,-2.5088841782299283,-5.158928288468462,-5.108456525179573,-6.554338422882078,-7.151556997900039,-3.934262243496779,-5.27538058572314,-6.748389166872572,-1.806558240565108,-1.5780294065884597,-2.243555970622817,-3.994444207240812,-1.305039789989973,-1.393630351542156,-1.307545067497789
ATG_TG52.3_FA20.3,-1.516004000916807,-1.7094449560505194,-2.2561417808980004,-3.554631072582802,-1.7037218906006983,-2.61690787691697,-2.8947090167352263,-4.580302427364763,-3.2138299028082824,-5.496284954300889,-6.471996645005023,-3.061880701495554,-5.007121488091473,-6.86018741355213,-2.0403220043744112,-0.962013763729628,-2.004058103430797,-5.014089335224958,-1.1753237598089583,-1.436072540628528,-2.4286445075416183,-1.0835655786741605,-0.862169520136852,-1.832486476553667,-3.245049233953772,-1.1607980916299985,-2.122725216896068,-2.4470822700464407,-4.73925641778601,-3.5489573663814595,-5.819434464647302,-6.762866397485263,-2.5313585485381105,-5.037614535052662,-6.782910898377027,-1.118209831833141,-0.5876185575588079,-1.6065360504290147,-3.2149111383255553,-0.570451201842609,-0.5454071579810622,-0.874752618099402
ATG_TG52.4_FA14.0,-3.0057184867740543,-2.7109289492310658,-3.6808817120277335,-5.508921956363373,-2.9318115750211327,-3.421323969244652,-3.878381105409025,-5.267598892424012,-4.114238610074175,-6.594429034560374,-7.783665888714673,-3.906983269571983,-5.096620186280687,-7.365052893827978,-3.413874265542121,-2.2401905176725485,-3.1818622003475263,-6.6794673458564455,-2.09370281862824,-2.3168543871755514,-3.188090087981508,-2.396259067255587,-2.2622348588331698,-3.551512123694924,-5.6568085338906915,-2.405587956442336,-2.8455412480149844,-3.7042724574937385,-5.514001040855731,-4.6248861279754205,-6.626596813682948,-8.057057768354946,-3.4849018285574567,-4.968766007531621,-7.138804450824696,-2.7479174041097756,-1.95035671881707,-2.578731823277151,-5.162147829442094,-1.9816504726875628,-1.744665561472674,-2.1322612480935965
ATG_TG52.4_FA16.1,-1.549403774303109,-1.4844574892182276,-2.201708196738969,-3.5706587856735568,-1.555851810863238,-2.062335717072397,-2.313108794356433,-2.2751172191066686,-1.745503801093188,-3.851152447106743,-3.802401952720108,-1.0258716779547754,-2.4117180808645284,-4.599961656522774,-1.4376015576196457,-0.07599028109480159,-1.5274358135506878,-4.276531441980037,-0.4906212116591645,-0.4083633196163083,-1.3348926998155417,-0.650668138220741,-0.582619514172331,-1.865894309594134,-3.9332169314768985,-0.5518078763573568,-1.2664937404459766,-1.8859521060591748,-2.7223729094204616,-3.2410205998163315,-4.066305718922085,-4.387815749088876,-1.2310234097511137,-2.645604228037495,-4.381281652417882,-0.8643486381083764,-0.27631071729824325,-1.2669241972713738,-3.6842546747541545,-0.07381353638372401,0.2866467708596953,-0.1080024668458822
ATG_TG52.4_FA18.0,-4.4079387587319685,-4.154676227652538,-4.891062053622298,-6.393609545482006,-4.464564063028116,-5.103080137141022,-5.150871634993815,-6.234539945369502,-5.121140137037971,-7.729561458997176,-9.05307906215934,-5.223167405697061,-6.802346566795799,-8.323913823411766,-5.7290810764447855,-4.2011045325668475,-5.544724850995898,-8.561600278371294,-4.618566099637683,-4.600437816338041,-5.134708287297727,-4.292260561529494,-3.871816199946683,-4.977668812608818,-6.232521883247588,-4.2409516858451495,-4.504056578765572,-5.009365954287373,-6.31422904392461,-4.851604253770925,-7.440122732343037,-8.763950566270054,-4.610464048172731,-6.6582987559464035,-7.907809821117779,-4.390863076541062,-3.7227935122303126,-4.731774013541506,-6.163229050855136,-3.536549491032693,-3.8272540194453177,-3.8657132106266294
ATG_TG52.4_FA18.1,-1.4574828290661246,-1.352164085335518,-1.9645584396199405,-3.4076177765734705,-1.500479454704685,-1.7148149687034395,-1.953680446610518,-1.864678258064103,-1.37648152403747,-3.595353394544426,-3.469606207420672,-1.031152023520931,-2.333950696261718,-4.459272634649128,-1.2102344219499608,-0.11872620494925994,-1.392605184284292,-4.097993439717452,-0.3801058706338714,-0.3885903925392615,-1.1795686407401644,-0.25305753066541736,-0.39749422785469807,-1.552853990751494,-3.678475028430353,-0.2995368181671905,-0.9451867998919252,-1.5351896112934014,-2.296889970594261,-2.6486195544698634,-3.669440736786349,-4.10058196616353,-1.1168636546695865,-2.5759235049473186,-4.171715345362456,-0.5470498551394801,-0.11648826878340318,-0.9157896445197992,-3.1275712574548535,0.04806015765928092,0.3002010515543613,0.02512561886358363
ATG_TG52.4_FA18.2,-1.941066948525913,-1.8377674221514075,-2.5939100620942668,-3.8235691737392887,-1.871371087333008,-2.35998342108623,-2.4613038106216294,-2.413139838001198,-1.80767956165408,-3.8857805086629944,-3.699690237269893,-1.301758054031532,-2.7336162467302554,-4.573530622583722,-1.2579303298973636,-0.33538084123633377,-1.494269622761499,-4.234274167353252,-0.5825177803211071,-0.5415878004672307,-1.2969032857625151,-0.7921851314124412,-1.033183038354066,-2.19884150448807,-4.118348565261408,-0.757592183075045,-1.541808585244428,-2.034125632101245,-2.6906098852488,-3.1745921589894444,-4.093076932867264,-4.4957812937474655,-1.3714056363389686,-2.8060619438267045,-4.4940600690720816,-0.8848764417654279,-0.47776680220523937,-1.1884484697009314,-3.144579890133638,-0.2576334189094125,0.17224538629671549,-0.1846427153170671
ATG_TG52.4_FA18.3,-2.8606784861210452,-2.6846176733452807,-3.3696473343988536,-4.832846777696649,-2.93934016816561,-3.420614125171042,-3.4975187888300368,-4.080776732436672,-3.1758611736978,-5.5610503092769745,-6.4063861058080525,-3.398502708765692,-5.1500845456025095,-6.717712655184188,-3.584451776106529,-2.5252495460162527,-3.5565089819567244,-5.811958200715332,-2.9182365047578385,-2.7061623194406312,-3.380561891914652,-2.33174687745914,-2.3038900470860253,-3.219500793180557,-4.821263627239816,-2.413512117671839,-2.7640180208249885,-3.3091322884884313,-4.205785694314191,-3.651896954909678,-5.156331348153194,-6.577457640909221,-3.189316570211234,-4.870233633695347,-6.280270136881321,-2.5819195291117745,-2.0868303860350417,-2.8626433094356525,-4.585623457147972,-2.020605790669557,-1.7392920974612982,-1.9466394800478672
ATG_TG52.4_FA20.2,-4.837591685797454,-4.835000738563893,-5.714552463985537,-6.9888785779534714,-4.848905735914989,-5.398097996274043,-5.801816045368334,-6.699443644375168,-6.60931695567353,-8.494178043459552,-8.233859755634622,-5.904398182593578,-6.917044057613137,-9.266758730764783,-4.936386427014709,-3.67748817796765,-5.1314067142958235,-7.738115312920688,-4.108449374329964,-4.104784713953827,-4.707193412436806,-3.6134296490985456,-3.92883063954733,-4.867685008491106,-7.082442681411601,-3.696514809130953,-4.413582935226744,-5.229536049971327,-7.14466960145776,-7.880245826779519,-8.56935645245387,-8.590789620312707,-5.954715500541157,-7.217445448106859,-8.992085827840578,-4.643104947938179,-4.132850443384509,-5.2141041183383114,-7.095924465349654,-4.41083814757045,-3.975849467764503,-4.090125124143389
ATG_TG52.4_FA20.3,-1.4509967197524998,-1.3847368730346192,-2.452174220430994,-3.989887404308274,-1.4337965349641626,-2.0136395556595357,-2.7647984568107087,-3.9762649343910264,-3.0372740060147456,-5.545757235432632,-6.106638556129189,-2.2573874122711697,-3.930399779115429,-6.470535474224605,-1.8180551439101151,-0.467515415936471,-1.8824793898394996,-5.165677214902731,-0.7551649094314087,-0.5521668526856178,-1.724049907411514,-0.4629185715591198,-0.4881075714970429,-1.9677451041384777,-3.959879153375372,-0.601535831811997,-1.221646901210862,-2.2878774111044864,-4.197889842579738,-3.569776672756994,-5.523925534802087,-6.494443058703872,-1.953464473371453,-3.819894694109064,-5.9490060650433785,-1.2374127117281395,-0.6388491281282375,-1.452809027298806,-3.973694441188386,-0.11629889658770497,-0.05342765685774189,-0.7339767846159406
ATG_TG52.4_FA20.4,-1.3687710103466502,-1.077656186664993,-2.023974462506145,-3.4169679517429143,-1.3634887014394494,-2.322360694196853,-2.4596549964460017,-3.870955729627036,-1.97633979522562,-4.4345080201725064,-5.60689211105199,-1.5512110411376816,-3.7624073949034265,-5.532291058308364,-2.281646883383915,-0.171302601231266,-1.799216114778326,-4.823510837474444,-0.5776037524178675,-0.6469289362778853,-2.1472124844950793,-1.624260471908624,-0.8763567356046083,-1.9888052014970936,-3.3757625777658835,-1.1909779340424445,-1.8268491017645072,-2.3944433739567454,-3.995212151682597,-2.442293921298278,-4.924696203726789,-5.8901301636296886,-1.1903394812580324,-3.6952168131833014,-5.25099645608874,-1.1139271196983005,0.19292641460993007,-0.7836902285946121,-3.2047503757120035,0.509153784576279,0.561323263452226,-0.2263592703423696
ATG_TG52.4_FA22.4,-3.5748089238690506,-3.3170792803013303,-4.185472456006781,-6.33060515251971,-3.625886377734668,-4.272197633787448,-4.697090744227195,-6.128596743815033,-4.946334305200125,-7.637790508731899,-8.823097084601095,-4.863888464413742,-6.304269209724298,-8.08568238052649,-4.40116529517018,-3.108725710284039,-3.8055176504465846,-7.414572441125624,-2.8792174469190748,-2.960199957179977,-4.0544600183363935,-3.673583927021712,-3.150304506782119,-4.128638862640666,-6.2094128200100025,-3.4963995594631188,-3.899931437988168,-4.574425819834771,-6.439813316747274,-5.260639245267686,-7.604295751536972,-8.647236700083065,-4.573485973086188,-6.13810846078902,-7.906498125174177,-3.586435769574518,-2.4472866778365483,-2.924423263309317,-5.269299129069024,-2.8778164141304896,-2.376820359381086,-2.5140183820095965
ATG_TG52.5_FA14.0,-3.284589713544918,-2.847342591864189,-3.822266608665066,-5.68382220486087,-3.19391220339907,-3.653441785813734,-3.750853921538477,-5.222556562725991,-4.093248992352305,-6.657738232372186,-7.783179583821924,-3.757577248380529,-5.024447530080374,-7.1159286983832,-4.494331475084145,-2.687833657265232,-3.9253970870214734,-7.562363408917703,-2.780797256200247,-2.7536902656833124,-4.232492697548677,-3.0429538417518094,-2.418991244995236,-3.777335199677161,-5.85495914214849,-2.7826151156479706,-3.126511971536498,-3.733710625781485,-5.475531740604581,-4.870145853059685,-6.6507296066884845,-7.975521796126171,-3.405695227835527,-4.909544514608508,-6.553885793067276,-3.4935441453130966,-2.489752800519553,-3.3216300630793474,-5.745519641832378,-2.207197556437245,-2.259946435163432,-2.7387470447060567
ATG_TG52.5_FA16.0,-2.8666831562326407,-2.5643739633072635,-3.3597600940670653,-5.038261357868958,-2.76896728165882,-3.293856284010426,-3.4214737379305165,-4.944596790497243,-3.418551922713362,-6.002567329863935,-6.8695625501537725,-2.9936945667560972,-4.683920431909987,-6.746477693985514,-4.472253807119569,-2.157866466485883,-3.9310213548308384,-6.790247601636664,-2.772294088724495,-2.4896966787656076,-4.11257988913591,-2.9381146189448772,-2.29391400999823,-3.395915087673238,-5.263535829661063,-2.4457282005292926,-2.900810700992733,-3.4377490108748465,-4.9605462437342815,-3.970554019582014,-6.012353137805952,-7.087342230709903,-2.897319015822009,-4.654867331582292,-6.254410273727438,-3.363918338339068,-2.3015188724596656,-3.2637294455423107,-5.469513770407153,-1.3783986891516335,-1.3934652911251255,-2.361489849379363
ATG_TG52.5_FA16.1,-3.211312477950781,-2.8002200166454054,-3.8196502309179,-5.456594606549339,-3.143649653084021,-3.5873225565974685,-4.14320603012446,-4.507117301330923,-3.5118888995911264,-5.9369256667344965,-6.086857749486778,-2.697395401816347,-4.462386550094801,-6.769918289740004,-4.018974113647677,-1.6861899215100185,-3.885965065866711,-6.823157250461102,-2.496740297685732,-2.1529308706044263,-4.089578878485534,-2.657372563122185,-2.429712607413637,-3.733749616755905,-5.976963711274256,-2.322174647052881,-2.9746789011271972,-3.877346731849808,-4.947548407071813,-4.805308408179626,-6.016269227196647,-6.640787827721139,-2.6046113849255645,-4.582246373812052,-6.204664645104206,-3.2261085426022142,-2.1442992303735235,-3.1992045682800607,-5.713808435773942,-1.5359743346036792,-1.239709000665565,-2.2403530834562377
ATG_TG52.5_FA18.1,-3.898041016087589,-3.657138973050461,-4.574406371354685,-6.038941606332303,-3.855835595449736,-4.208683163341398,-4.653303316152744,-5.000611879449431,-3.9443637975019974,-6.426858392042763,-6.997623056569326,-3.871656053527538,-5.491512109361813,-7.619966230028961,-4.697560716544448,-2.7946432238622214,-4.2393988272596586,-7.249678030014471,-3.083001600973892,-3.0638274215284196,-4.605024353535236,-3.4177216239768513,-3.1559719677731666,-4.41156532528642,-6.966174571500047,-3.167036259217065,-3.855503439363649,-4.418016266606076,-5.173279701170797,-5.121184850381678,-6.272746023236186,-7.391942925965349,-3.967309748578272,-5.6416420429842065,-7.1420190003972195,-3.490733475921398,-2.619490287113364,-3.47246882054419,-6.2399054499004984,-2.487128842900014,-2.5345040983638505,-3.032316977198908
ATG_TG52.5_FA18.2,-4.607866684932076,-4.543835306038911,-5.077945372037209,-6.752911959033436,-4.63478207097417,-5.120062086400082,-5.236096789597858,-5.490358343701369,-4.726196294134791,-7.079402672839319,-7.550827746390471,-4.217100288811986,-5.697473648523145,-8.149755149412506,-4.926265754294323,-3.318978287188154,-4.836940530176449,-7.850630277129218,-3.7981989545512898,-3.6669150442391785,-4.993724911784324,-3.7577512008908536,-3.626746473976006,-4.979733656839465,-7.191100257725481,-3.5900655460105133,-4.21841682791458,-5.009997610415372,-5.680146118683857,-5.530889559189585,-6.8154307239545435,-7.878211128119617,-4.099998635172178,-5.659034162103929,-7.395427343784405,-4.403816071213542,-3.908879410272946,-4.579707182708642,-6.281806916323652,-3.371583116790952,-3.2856410557409994,-3.6156458343723568
ATG_TG52.5_FA18.3,-4.709703483640336,-4.370022174733581,-5.145260382612501,-6.639917574602406,-4.739133168372813,-5.2018140205395005,-5.316959007958715,-5.357023127669879,-4.481060517011915,-6.846478492067289,-7.156032625843853,-4.568045599636859,-6.18088949932639,-8.557505217491045,-5.19943313195089,-3.784586076339684,-5.230093291119098,-7.415345022311123,-4.22897735833284,-4.358323211176005,-5.266692654125501,-4.0636003590248455,-3.878956556643823,-5.320286242673635,-7.1539294531151905,-4.005551025287605,-4.635420846816232,-5.1172521762459695,-5.664543104154669,-5.465184996865774,-6.780463286146355,-7.695954022084948,-4.476963317354114,-6.226908182208725,-7.556359987054556,-4.546000574185558,-3.941014315893455,-4.87149802903513,-6.58004189498781,-3.5828126618654044,-3.5528893683910696,-3.9716223864451767
ATG_TG52.5_FA20.3,-4.125782814086956,-4.065515236674415,-5.227879595369088,-6.75743535334454,-4.275319314076772,-4.69341323004204,-5.235918400473217,-6.546900489631945,-5.307048714247166,-7.995483030665383,-7.801307999987741,-4.640354545626325,-6.251993453065092,-9.277030470395562,-4.803489113114693,-3.260337226458133,-4.97157804162366,-8.317395394134268,-3.548071562114782,-3.5365252858215244,-5.066172271614719,-3.045271304393214,-3.2437807281778146,-4.4809171315548095,-7.130209885714417,-3.0438840160407477,-3.9275869598212703,-4.967495670867472,-6.862994628351369,-6.560934955053731,-8.200170545578212,-8.500497451266193,-4.525311516785031,-6.249132659860471,-8.753946678422823,-4.411795134350729,-3.5609675363040125,-4.63212036580927,-7.466594391966867,-3.393496863285207,-3.1032974285344297,-3.994131477741047
ATG_TG52.5_FA20.4,-1.4586903653157506,-0.9921567737518504,-2.336169556715102,-4.277697374689434,-1.2545654633105288,-1.922358435527474,-2.545877347786637,-3.293918237566693,-1.894787565659721,-4.499867799377759,-4.975378619426779,-0.9611363565780964,-3.0348395797742382,-4.87968239538704,-2.2932441368289846,0.30393030515788366,-1.873426668231327,-4.795784536190796,-0.1935133344149392,-0.09971066092727256,-2.1048656894749156,-1.3700490439851092,-0.8216604533365892,-2.3245080823029696,-4.26814706208752,-0.8408505829676024,-1.4626619466015631,-2.47814035886515,-3.6466767374693494,-2.8785694550986456,-4.5383317236728375,-5.446679804744576,-0.6651214442231674,-3.1039515849206567,-4.751382139883807,-1.313643374299747,0.06968756237822826,-1.0076820198370853,-4.18665785828242,0.8952101804143903,0.9096427644198029,-0.45902665700071105
ATG_TG52.5_FA20.5,-3.715075142574666,-3.324920615618644,-4.146491219303629,-5.719240644092794,-3.866286594296003,-4.4382128774779055,-4.217532406902347,-6.166508298195865,-4.002958382116475,-6.9978289658515305,-7.645758140144554,-4.1266777230822385,-6.018459707326907,-7.71921945412128,-5.875439300011319,-3.463142242819376,-5.527989748537496,-7.834724273937884,-3.9349511444300136,-4.159923295418616,-5.983963173429791,-4.2056019474322826,-3.334901377305534,-4.26504804535015,-5.589954577334875,-3.8108532284156778,-4.16012861768555,-4.320124854815376,-6.013102881058608,-4.2035488000330625,-7.007390551982052,-7.87397540442041,-3.620253136149921,-5.903150453275268,-7.015831088972799,-4.492018222547695,-3.222374620024005,-4.389852618126878,-5.611187479704257,-2.7621955817596073,-2.787679051969637,-3.8616613926661416
ATG_TG52.5_FA22.5,-2.609200092615983,-2.3937867439074063,-3.078746990721263,-5.037232530481706,-2.8832401292838954,-3.138899422995318,-3.0120746425620344,-5.057811432363664,-3.6678050841820142,-6.258858286910338,-7.499850113398747,-3.6705700512188177,-4.928874825625802,-6.7960657461124026,-4.635455406467569,-2.9095577449944536,-3.993309011928407,-7.078029208051282,-2.9891367156059614,-2.922397383216404,-4.0550214640149855,-2.841547111421113,-2.1309664970660664,-3.1517537794580472,-5.244648071707333,-2.594821559577027,-2.6273837145195613,-3.0876479514392208,-4.939081601197254,-3.7185128796369353,-6.25772996246024,-7.68671451172612,-3.2404350872382373,-4.790282648019243,-6.159436564406903,-3.747659708598583,-2.65093287843176,-3.286110273203116,-4.943664828269881,-2.4181057286676597,-2.1737855098094054,-2.4877006685307106
ATG_TG52.6_FA14.0,-4.464774456004695,-3.8783288396182223,-4.778385777980755,-6.8725606437824,-4.5375670321119825,-4.522144191557806,-4.5725712408469485,-6.286062821398285,-5.115482709365865,-7.621567365110742,-9.042349651933508,-4.877358389520977,-6.104522266847642,-7.967958484404494,-6.1375031967474865,-4.143367421815334,-5.544999133818358,-8.46348970027307,-4.401217157570744,-4.228435602610674,-5.481311092157109,-4.158342646821449,-3.595865148868598,-4.891763064251804,-7.280385477288099,-4.1405042025779615,-4.181440181936438,-4.607769819714447,-6.354412228415487,-5.896914390751566,-7.590954022442475,-9.011531381012109,-4.688783995718682,-6.106393553695213,-7.620491250469914,-4.994488238271438,-4.168816084744703,-4.692759615496756,-7.061654511460537,-4.034735690662543,-3.8095910246846985,-4.454716699473861
ATG_TG52.6_FA16.0,-4.2654856162722075,-3.995311043138631,-4.640031839179562,-6.391528318957766,-4.453087299748578,-4.604438519798527,-4.572368370862599,-5.9048042573878705,-4.812986630444048,-7.107823346576768,-8.36180179483391,-4.723144151421012,-6.093631005684205,-7.866426032172403,-5.647369928212049,-4.134108737903433,-5.333171941199392,-7.200733593935085,-4.388381448441884,-4.099147579312717,-5.096287758957699,-4.045649380227099,-3.5559206972954747,-4.689168227301091,-6.216185980104191,-4.053620099477988,-4.1241287163396585,-4.622511751534959,-6.125752366068509,-5.236987265100014,-7.104902734799077,-8.23456807050637,-4.5777152401573025,-6.0769629481745815,-7.51133509474216,-4.168896887940285,-3.761490343605147,-4.643431086911958,-5.918664252149054,-3.4705020522921273,-3.530952002916554,-3.842848116665268
ATG_TG52.6_FA16.1,-4.591672205694048,-4.124229765017817,-5.076381286346517,-6.8153295549362065,-4.324200768135427,-4.787654112210288,-5.121427989438884,-6.228139925592147,-4.934770443389353,-7.556914451893318,-7.609086714339684,-4.136475630903195,-5.767583755198229,-7.98033279397623,-6.097655699832726,-3.754999311758237,-5.996723234535745,-8.518303043026739,-4.321620923647573,-4.2692943229647655,-6.264977117962216,-4.348658687747739,-3.8795564654422634,-5.0907839403413115,-7.4603563683454786,-3.828784566207492,-4.4287742655364015,-5.037050521101609,-6.394551061184611,-6.330615951415223,-7.654957225241379,-8.077522830888428,-4.219910239802649,-5.890165715865818,-7.5871678116296595,-5.551432688334501,-4.323701339925646,-5.134015999185418,-7.788287156477736,-3.5769913699814517,-3.5547350003144595,-4.766132480942552
ATG_TG52.6_FA20.5,-4.011341779211268,-3.448317298224139,-4.564783340044283,-6.23254586156813,-3.7410520303917254,-3.9541060748472976,-4.384966469870249,-5.7203680218167525,-4.000689514128813,-7.052080486824543,-7.647321188587873,-3.5755798798181364,-5.158188323758061,-7.364054048534315,-5.824962074393591,-3.154403786370497,-5.7738238992973825,-8.005450025148685,-3.9728969111162713,-3.7467986833824423,-5.563886708590043,-4.168589864260904,-3.2899101699597564,-4.53957873318976,-6.532823173810694,-3.658806863354811,-3.679630755311315,-4.681553443614282,-5.784921623568253,-4.838956927428419,-6.726220983179888,-7.950523038310502,-3.2072989088347783,-5.172529797989479,-6.723415607190515,-4.8748710832890145,-3.4667796298967835,-4.554289657713224,-6.740059900994574,-2.668650996934151,-2.60241002143046,-4.0932774860598595
ATG_TG52.6_FA22.6,-2.4221533068367633,-2.0498084512386887,-2.7854492220963243,-4.765863621828448,-2.7007268130113555,-2.734915524099126,-2.5465857164845502,-4.0600668010455445,-3.054716003413303,-5.686959378524548,-6.966185168469343,-3.1993487180737508,-4.407145348575847,-6.029245171607375,-4.021436763681305,-2.7348041979797917,-3.3899260477306172,-6.57375694002046,-2.553427152478068,-2.619074002746086,-3.1393600953239873,-2.18578320049233,-1.6856237489546595,-2.734382372562113,-5.067292048150735,-2.169441059435514,-2.2163394056635086,-2.582128718201912,-4.29718590405152,-3.400853896653936,-5.627195564981643,-7.283959069793776,-2.79651453793617,-4.372591252786771,-5.650886105714924,-2.915557715958674,-2.1822080889363997,-2.512943870805137,-4.552183133158413,-2.1442814035085287,-2.0037120246737454,-2.104277256467667
ATG_TG52.7_FA18.1,-5.010435484320503,-5.114018058051123,-5.554877351761687,-6.089622761083449,-5.287388750972126,-5.69339596808715,-5.552046344528624,-6.1398176361655725,-5.800144851208868,-7.544970907534076,-8.1146865844248115,-5.776827086044641,-7.211070465440764,-8.561190102842959,-4.91779862826723,-4.234671467324929,-4.865219198011153,-6.54704376636246,-4.37039200037985,-4.4815968585076575,-4.68727445738955,-4.60858620003215,-4.452939513892937,-4.97742527596072,-6.161137486877832,-4.536845312394168,-5.137568053367721,-5.094388377137978,-6.265618465906513,-6.087635286635892,-7.635381125208764,-8.61358738995872,-5.465382851003107,-7.709113940319632,-8.47656625845664,-3.8007204418222513,-3.605430121374284,-4.192098554946514,-4.884183296847274,-3.715909444213557,-3.804923531144257,-3.29684427317308
ATG_TG52.7_FA22.6,-3.868404827451101,-3.453499885868647,-4.263905038727918,-6.287043681770053,-3.955326618401588,-3.7321827793607785,-3.7255613744450184,-5.141778011184172,-4.346085288293474,-6.869530070316029,-7.864348281588017,-4.123200690462162,-4.98587776487714,-7.068194418427908,-5.722477284921545,-3.899513991767273,-4.913074940127712,-7.607019802760932,-3.900597447834956,-3.740122269005486,-4.594649912688109,-3.1977476396053883,-2.972966143025247,-4.2044121206892084,-6.853346903305336,-3.260475804422458,-3.283475644584011,-3.777171162034609,-5.2744298225337545,-5.618846088742296,-6.768975679164333,-8.087472036176292,-3.9129363880005834,-5.278021207271749,-6.693268989391222,-4.450202976981298,-3.781879602894095,-4.296629222366162,-7.26727599831039,-3.762036913693419,-3.816919857935926,-3.789924238748332
ATG_TG52.8_FA16.1,-3.9738189357082327,-4.031958605915614,-4.6064638796824715,-5.119571845311049,-4.022380570720886,-4.871671729633085,-4.79469615593346,-5.251794392118809,-5.206018421093599,-7.188906737182593,-7.312128714355566,-4.963337798894707,-6.5251861982766615,-7.744769343387739,-4.201054582247106,-3.426014587939405,-4.50137721985242,-6.189747211156314,-3.969585820976368,-3.735822015675566,-3.8711608417103487,-3.423808829078905,-3.2101385474764004,-3.9219313929146,-5.128848600503772,-3.498317059754385,-4.253477913810911,-4.243931347820087,-5.70978634387867,-5.374258467881305,-7.261760044340958,-7.4455873701460975,-4.781464865614795,-6.766874325614013,-7.757662695784909,-3.390822608381914,-3.0765582180695508,-3.790095648230875,-5.275901288908495,-3.0762583351272372,-3.132975539117586,-2.797848746114513
ATG_TG53.0_FA16.0,-3.316717210366205,-3.2346027526411865,-3.9791407423722784,-5.093619320306275,-3.3742153944227025,-3.637263336799342,-3.7451762894389007,-4.908770856553854,-4.011642369172628,-6.393702897705841,-7.066373428178732,-3.930375694858315,-5.2658083982863335,-7.1914487830715395,-4.268881893777058,-3.0560868935828673,-4.048808128221232,-5.786575927760545,-3.6418402659090536,-3.307694941267766,-3.878826737955132,-3.2792703546274735,-2.706250938899437,-3.719465770573627,-5.268807073135156,-2.828042451232178,-3.3817579532296347,-3.632999398813478,-5.18602685530182,-4.738186315312514,-6.522493342054356,-7.190347682676693,-3.6417435937561846,-5.418787022348223,-6.861713790140335,-3.162045083365166,-2.630106933259636,-3.4304316220011364,-4.484401505980736,-2.604912049033402,-2.664697616340124,-2.5149012980531005
ATG_TG53.2_FA17.0,-2.3967437937946494,-2.524421663674955,-2.9704524043020286,-3.81498479489478,-2.243903679151715,-2.9304567203522747,-2.6456233815758763,-3.119342026171255,-2.8425897503336612,-4.888765807044719,-4.8943253646165,-2.6705983375088325,-3.9960887403030902,-5.649391122955235,-1.717259342766304,-1.1098462103396638,-1.7902082635113907,-4.054530523936193,-1.380139003921211,-1.3925970351369776,-1.2501897020002255,-1.6646595877309205,-1.5353155043654263,-2.4941819850061777,-3.7360394305050777,-1.5337730828052856,-2.2640990941261716,-2.1173195651847534,-3.2162278890880476,-3.242342404112635,-4.6233590337515436,-5.376135607894317,-2.344973938229154,-4.036822486435817,-5.173652287446401,-0.5900639191851592,-0.4995027383565129,-1.1149304296055615,-2.5411232262746597,-0.5341350530141594,-0.6226812563998595,-0.07862852178893746
ATG_TG53.2_FA18.1,-0.5354846003282991,-0.8122075243510191,-1.120188586623262,-1.9324626581518105,-0.5660685463851907,-1.2278157765127162,-0.7970502999071518,-1.391714024674636,-1.0715870440947146,-3.1122331104838783,-3.1289974874541757,-1.0975719076121129,-2.3579615771421576,-4.0853034805489,-0.00645046718098372,0.6780596657130935,0.10267944153269189,-2.031907282773769,0.36830847841414266,0.30117719336113913,0.49061240828697633,0.06157279406497773,0.3950621763061785,-0.7337996282279762,-1.8182046240631125,0.16962917616073048,-0.5184905835704139,-0.2755239365415022,-1.6045429352735068,-1.7098333828573065,-3.0405301187165548,-3.8175788955236696,-0.9180495281223604,-2.518149855172102,-3.7334788840121154,1.186771498305065,1.2578161185127503,0.610141491160341,-0.6383938090014527,1.1593265924964555,1.1180328699217137,1.6157893153136471
ATG_TG53.2_FA18.2,-5.012974494048522,-5.173937204962096,-5.56313669603519,-6.439090262625101,-4.8176995971209164,-5.516741949206419,-5.589551480940735,-6.564525689490829,-5.620780568256611,-8.180088034329955,-8.523275404629768,-5.741984277547284,-6.92906731827478,-8.619910068284204,-4.826037185817836,-3.9438701326745016,-4.561628332791488,-7.182619637949011,-4.204373244225687,-4.259888959805727,-4.458815554524898,-4.598986491379322,-4.314197854181716,-5.177345224265956,-6.454242495804413,-4.556703918678787,-4.99199789239113,-5.243900474860639,-6.246759004007381,-6.0543406221960545,-7.554453065572644,-8.711461338383595,-5.064311751810934,-7.0145007950717915,-8.116916265581652,-3.747330406965243,-3.3409264149120657,-3.7820545837245136,-5.599843339384355,-3.5837007440293567,-3.514750672968569,-2.9031469737024076
ATG_TG53.3_FA16.0,-3.162278992332516,-3.177307006251574,-3.5546167371316018,-4.653761050774846,-2.963731552916337,-3.7005250143857737,-3.6814006336344978,-4.833368422178879,-4.473460644755028,-6.1965569561948985,-6.821346530023634,-4.190422380785421,-5.465339354884257,-7.376593789757665,-3.0228938065733506,-2.2354575615139884,-3.0266482847830094,-5.357724898228735,-2.4388905728931065,-2.4961089384422284,-2.966845499321202,-2.413526165201775,-2.1195070300589607,-3.252625452289832,-4.600216860193084,-2.3976671142557433,-3.0013837549291735,-3.3093200974017094,-5.0590630414152225,-4.657546051164388,-6.3225053096924135,-7.211432247091451,-3.9704047112641536,-5.687967070479224,-7.05060220129463,-2.464696467091641,-2.0162894672922653,-2.5829343616912217,-3.960197037781745,-2.0888938922392613,-2.0346171719142494,-1.842082921763287
ATG_TG53.3_FA17.0,-4.1115624981334085,-4.211667447087878,-4.671110551582813,-5.838742603888286,-3.939922456713409,-4.3337259973370115,-4.5556284564297584,-5.11154637078442,-4.400568231597801,-6.632461484950031,-7.341053286974472,-3.9335432200807494,-5.379858010595772,-7.295139424663281,-3.6902527733750463,-2.8089232095926375,-3.493918958795353,-6.225100588448038,-2.9222569633994593,-2.763032244910814,-3.1751226694758343,-3.5485704242060216,-3.2504207872654636,-4.258289486885647,-6.07427642774942,-3.3716231472626372,-3.922022179735585,-4.152192459737613,-4.976217742763364,-4.567289692512808,-6.432533862264929,-7.526575956722075,-3.714739876143781,-5.186400735673496,-6.714528289286382,-2.829140770462087,-2.433978350911132,-2.830415589485136,-4.765460083938138,-2.258139189910467,-2.0607467083768296,-1.8653995938126864
ATG_TG53.3_FA18.2,-3.604537945467762,-3.627473394215775,-4.111951297221077,-5.32767729795951,-3.5540996937384217,-3.981245898988701,-3.8748999746958095,-4.634340970806535,-3.919320097310047,-6.066153579458065,-6.668092133902178,-3.694159773027509,-4.824234473102877,-6.973458606297905,-3.063317705601263,-2.3019308004892474,-2.928228968911614,-5.613028361787646,-2.512815022025055,-2.424526970714465,-2.559808179595086,-2.8830455730006745,-2.741519023304661,-3.8921609224883817,-5.156411404194969,-2.86952555308572,-3.255091915737385,-3.349897758637672,-4.427195009339117,-4.014427050758162,-5.819828811038976,-7.0328237795127935,-3.452322063744919,-4.774829936878618,-6.334023290640924,-2.2556730319098715,-2.119313091922772,-2.398794913590694,-4.073592865803042,-1.9496886445348207,-1.5970964202043194,-1.410329788825884
ATG_TG53.4_FA16.0,-3.438227743180089,-3.750333837561267,-4.106139558200614,-5.279168420723442,-3.4118567873436687,-4.16481110986952,-4.403683837146853,-4.724740105768791,-4.091739539745433,-6.211551104951633,-6.819921463600231,-3.913127691592086,-5.503699125394523,-7.67221406923816,-3.6531267420315663,-2.879384853728806,-3.839142658593344,-6.447333727399377,-3.042362011824905,-3.1119991743460997,-4.016861092513884,-3.0425626440856446,-2.6712494996062768,-3.930659011669424,-5.2303728056045315,-2.951844224818195,-3.59265892807178,-4.014778867736428,-5.150380357658244,-4.374029510831787,-6.460441737898722,-7.15832293293007,-3.8130668981861904,-5.622836818932634,-7.495275839921558,-3.150152505467007,-2.482186449626062,-3.161376422699701,-4.797917279890359,-2.2294655574616837,-2.0583404889283585,-2.484728296665163
ATG_TG53.4_FA17.0,-5.531185593570444,-5.321757234639088,-6.231361507896655,-7.389222677637135,-5.424212269879981,-6.017441359048329,-6.275055750942061,-7.246560434738877,-6.224987505925849,-8.45714908521566,-9.490944409507538,-5.995774428626087,-7.385722283760853,-9.503763745808069,-6.454720296734055,-4.516638127459647,-5.830870336468577,-9.125785324162766,-4.696365989658586,-4.617618745597659,-5.700530363903396,-5.436481862024309,-4.933469979506586,-6.2181651717569615,-7.682438650190643,-5.033743418869703,-5.6636930969705706,-6.287694814162799,-7.16736117799766,-6.194976703210065,-8.317597361368225,-9.82532681181492,-5.412208200761724,-7.209674851420307,-8.892340011811907,-5.126247111419612,-4.10884031968981,-4.956490682618551,-7.351214089278055,-3.9208555576663544,-3.910256680350256,-4.212888744917319
ATG_TG53.4_FA18.2,-4.326568724683629,-4.175724925234966,-4.893145285404593,-6.319837475775404,-4.256471919054125,-4.614051153891723,-4.806666014964414,-4.646708506757486,-4.323780289899412,-6.133047827355698,-6.482232117277873,-3.805309805658632,-4.920037415026222,-7.1241674055559505,-3.611442908054898,-2.614173055114148,-3.529289104905039,-6.39609757645789,-2.882230637778075,-2.8362344433892024,-3.314432841987981,-3.248546439450257,-3.4278967256373685,-4.514129874555849,-6.534739746704081,-3.273055073090486,-3.8438878274236665,-4.27149769244856,-4.779243407617029,-5.2766068155282415,-6.3259463572579735,-7.081162334398227,-3.685497008672891,-4.893402783942432,-6.684094591112455,-3.1578499437263168,-2.685824186721179,-3.159622825750327,-5.5150688959587555,-2.365116214746682,-2.2337169340915204,-2.0677970743785847
ATG_TG53.4_FA18.3,-6.040501420450776,-6.0771398161833625,-6.841151454293538,-8.365319646718717,-6.277369148066365,-6.56722139955528,-6.7572885274434435,-7.575369920954132,-6.5596413175421615,-8.979637557162864,-9.860999604431065,-6.915223995802953,-8.205137840329126,-10.2832476791463,-6.952389446386482,-6.069721252973119,-6.840939688331766,-9.125135415291032,-6.051393499912,-5.986376612666645,-6.315325985302649,-5.969185534252471,-5.665503103465753,-6.575321875568401,-8.432865704776054,-5.627872641079754,-6.577338621816613,-6.26278218453387,-7.186316014265283,-7.147286085843223,-8.719253565750549,-9.82990932268584,-6.183245448349029,-8.348562775179204,-9.658940458632788,-5.78088585935757,-5.476747216825208,-5.817640432047645,-7.579974765620472,-5.1901616978398755,-5.173260197133627,-5.255941503949745
ATG_TG53.4_FA20.4,-3.9321877953671742,-3.4595666621068175,-4.423885913252928,-5.660725979981818,-3.467921974785644,-4.484636539320362,-4.968882870507822,-6.124857076309574,-4.780208254930332,-7.059306978805402,-7.922334872124148,-4.081776047485382,-5.955862895829826,-8.190207883044062,-4.686312307669909,-2.796101962206432,-3.972500979474807,-7.445992418235229,-3.1702829643561374,-3.079323187709961,-4.5603119294307,-4.057315338522152,-3.258565622064465,-4.3478781973693685,-5.8156241973985585,-3.497939834923994,-4.418982770812973,-4.754195855322674,-6.269321943415043,-4.659511559483757,-7.195793248795522,-8.077112349572781,-3.5760298041892695,-5.9799219600880535,-7.680549064626367,-3.3446763295883892,-2.090254025454943,-3.164981242886635,-5.250764463524657,-1.8830111087267944,-1.9480932908364188,-2.5565795603720947
ATG_TG53.5_FA20.4,-3.376197951338029,-2.9748331388567757,-4.2096923955374335,-5.673291216198643,-2.8823818533073355,-3.589884686301632,-4.321086767511096,-4.534394693902028,-3.4122473447343484,-5.919575401252625,-6.508644622657742,-2.62558390680552,-4.37465976555389,-6.795360696920636,-3.6134507822737,-1.5129025924825044,-3.2080984866740185,-6.288695034444815,-1.9266439665753985,-1.8355042024256372,-3.391793653457833,-3.113759632004842,-2.830509455252912,-4.046757647719967,-5.805934677084592,-2.688398134897372,-3.391738444541273,-4.365937665966041,-4.959474495613686,-4.176544999181549,-5.981239761649629,-7.184070044577372,-2.329426451466707,-4.4940432552406815,-6.359450551626406,-2.6884584295872793,-1.5160565526346124,-2.4446468080619574,-5.117987666830814,-0.7851860427653351,-0.5352929030869027,-1.7922706700675122
ATG_TG53.6_FA20.4,-5.755979228244612,-5.2886808066960675,-6.2435423938179815,-7.781521381438565,-5.389990721056306,-5.960908067563045,-6.769926370714691,-6.680301823663197,-5.388000151535299,-7.994928113991837,-8.16816114658451,-4.541094166614795,-6.173667152166476,-9.060109803181549,-6.051633806475431,-3.63294123924187,-5.680372589371603,-8.554022491270374,-4.282611129354218,-4.1062897274871455,-6.13849408326453,-5.281773023444735,-4.647787774806157,-6.073700329100461,-8.915330938769065,-4.751201791707656,-5.5761127961346695,-6.541500747768146,-7.022714981686342,-6.600939268084501,-8.436003049790006,-8.741854916594189,-4.57619522208797,-6.654142016456988,-8.609235877371226,-5.331555978358548,-4.379964785850759,-5.2515650175625614,-7.835442479933449,-3.580185791782408,-3.3240932351856034,-4.4529059605511865
ATG_TG54.3_FA16.0,-0.561023431478179,-0.9037950711173632,-1.2381653625161404,-2.2498708684401074,-0.5770426006336262,-1.333536564703959,-1.2788834094083807,-2.950493101516167,-2.3064216158511344,-4.558540990796611,-4.866924000578444,-2.0878650727151142,-3.604067298099053,-5.315919053138092,-0.6065848991155354,0.2223595448211696,-0.6038576510999956,-2.981026208362715,-0.12763794653993013,-0.2644811053620322,-0.6135537888427324,0.02900784120067231,0.3958031860279303,-0.7175120767834885,-2.165828406834701,0.1949080433157194,-0.6361526114692316,-0.6014381531775419,-3.329267341041505,-2.6770026871979566,-4.499051335554176,-5.471022164625285,-1.7483342423667152,-3.5708293396027413,-5.104040087407309,0.18762279875341503,0.5310193825188503,-0.10298723331012737,-1.4807678780660305,0.336116323105717,0.4372198287416598,0.7198195580839303
ATG_TG54.3_FA16.1,-1.9086215935530813,-2.286067669817647,-2.871156041686352,-3.802354814399406,-1.9862890433261993,-2.6538097853107425,-2.7725507016191497,-3.2269956292411877,-3.4561028930648123,-5.182243570462711,-4.3690048915484905,-2.8574267871965295,-4.235493101294407,-5.863490174648012,-1.273397425170345,-0.6233712426361744,-1.4858173772915408,-3.8304181040767817,-0.8947956403097413,-1.1874125905081314,-1.270314290362344,-0.8388325880254004,-0.8868750760169479,-2.118607954908053,-3.657564243290618,-0.8521946569732346,-1.549392647878189,-1.8633664802442464,-3.935309422562791,-4.075971157376319,-5.684971800786707,-5.305602817245164,-3.0686979221542634,-4.495505918521807,-5.697004632988535,-0.6329770571487539,-0.5441114098982994,-1.410007538511967,-3.0059723655414197,-0.6530775198274513,-0.5507512128136516,-0.32290598679974364
ATG_TG54.3_FA18.0,-0.7057217190021082,-0.9967684921440138,-1.0470965011462934,-2.233639165948858,-0.6867744828967793,-1.3419306572589502,-1.0121775010736245,-2.1060449463561985,-1.5374682650754128,-3.772852913856073,-4.2825448749211334,-1.443442334079554,-2.767514495581081,-4.548262292723193,-0.906396534477158,-0.05109624528824383,-0.6556553059236674,-3.423368864394946,-0.32260572506219565,-0.211693271097452,-0.2617717206516521,-0.3038353995249615,0.17674772678745165,-0.8663863710819286,-2.3045711422643502,-0.08278416567599002,-0.7501326486643444,-0.5397624547531252,-1.9027561144237983,-1.7267604783853516,-3.419728543933881,-4.809697528506069,-0.7507584229704285,-2.5350215284392568,-3.91892970886574,0.24682668418847056,0.6498035743796956,0.11945175032280687,-1.3767833727460428,0.47263951043702906,0.6901287559041583,1.2384127099273523
ATG_TG54.3_FA18.1,0.13790744956548637,-0.2653126421639703,-0.5268830794864476,-1.5799963046400076,0.15278861768937094,-0.5205931696748863,-0.21105524976058532,-0.4640061217071477,-0.17951043105720227,-2.277227448001621,-1.5661546980598586,0.3134019132394039,-1.225584074694179,-3.15319404685579,1.0598481743751982,1.93178821768471,1.1599328995812632,-1.6063078183210664,1.6427758191956914,1.3337246120568516,1.365625044397435,1.1169516708178109,1.1521427077405728,-0.2046566836645812,-1.8701586338811995,1.4853590127773997,0.6011024315839996,0.48748456782613214,-0.9809695635711,-1.4769793586322877,-2.395089506703732,-2.680240550042408,0.04151072301315728,-1.5109610111036686,-2.999279435414477,1.9187268855062332,2.149157708964404,1.4456026654152812,-0.5286321002843078,2.2043806670105637,2.4266135051207822,2.490327340295028
ATG_TG54.3_FA18.2,-0.7121053239131436,-0.999574242080752,-1.290899253135412,-2.509938415162514,-0.8680607323985684,-1.5244960492126445,-1.1120133028115595,-2.2412159207440157,-1.6442820281941528,-3.8697069351902926,-4.202643422069323,-1.3917583752876983,-2.869580893798773,-4.72881357817512,-0.7332795212733817,0.00372268257333144,-0.4813185838815887,-3.147892037170932,-0.18126591418095453,-0.23017130819512252,-0.09888459754468132,-0.14162504969775816,0.2428187256488245,-0.9489948140811748,-2.3614514996227283,0.02391573851427611,-0.6535698678949906,-0.5938324500690069,-2.08129000478388,-1.957171913832216,-3.533721048678823,-4.851210779416828,-0.9984413594871172,-2.625864881875388,-4.13218528633584,0.23336564131567733,0.6403426623804083,0.02434749327215268,-1.4743672162183064,0.6322093167785442,0.7775110968956052,1.137608165622504
ATG_TG54.3_FA18.3,-6.135491053980586,-6.392839057868538,-6.620881660168053,-7.612658227293749,-6.1660528902500165,-7.073206391633884,-6.743863241741064,-8.753825539637575,-8.050097744842295,-9.929857430992096,-10.562837047452836,-7.96086081149466,-10.23324420104153,-11.091960756158455,-7.61389040860035,-6.239347339501427,-6.858736912880659,-9.998411080225324,-6.766366703941983,-6.67091121751432,-6.989059150792446,-6.083535977737132,-5.799256617330203,-6.49911880699939,-7.547753016282316,-5.970777475864223,-6.598976144200149,-6.272097285142462,-8.046547769200801,-7.430498268334979,-9.296735524799804,-10.32710029237705,-7.069158976325298,-9.223233075469274,-10.796131293004452,-6.295080715451369,-6.019981217596405,-6.298813244720803,-7.490686774269404,-5.941834621461464,-5.942050687532331,-5.583358944166022
ATG_TG54.3_FA20.1,-2.001166975968684,-2.192729061251392,-2.7593899715771193,-3.72346900845725,-2.0697222477403567,-2.6542498159242864,-2.735151130840557,-3.03284996236259,-2.9749830040970435,-4.896436654102251,-4.056374851692514,-2.7753010717942552,-3.9766043933113022,-5.491662282031001,-0.9360886444111638,-0.2718023249808582,-1.0812995437495656,-3.453342747179363,-0.5862981898125071,-0.8017394196065221,-0.8779392956124753,-1.0082180316402776,-1.004349679553472,-2.31009406738571,-3.92015110138149,-0.998539206058058,-1.6447212620399747,-1.9403369420013392,-3.782039729339001,-4.334720873739202,-5.153082858966577,-4.863929172804953,-2.9637872062552035,-4.368922152872332,-5.59325461895322,-0.28033127750753883,-0.09551018975133442,-0.816641275861305,-2.447970703066774,-0.2222103161173051,-0.18326749395399217,0.03592432643704973
ATG_TG54.3_FA20.2,-0.842562438052629,-1.0892253782565282,-1.6268308218317928,-2.5588646102022987,-0.972644090354706,-1.6244995842681669,-1.5271222759964462,-3.4423406383599606,-3.0040584202223823,-5.1041485752973434,-5.5185660094296365,-2.835074293257662,-4.128164727546713,-5.9601735701910465,-0.7628850773237258,-0.04857159403216627,-0.7506210288112429,-3.385627482367364,-0.3221082318863216,-0.5022188681517774,-0.5168701803800999,0.00961363855266538,0.07139003965637712,-1.013544444358154,-2.5355080198474345,0.08526040991249391,-0.45582292125895246,-0.659204397752943,-3.7363676863855018,-3.513370273010438,-5.028821599533186,-6.006447825822906,-2.426567777596723,-3.985329061147623,-5.519534315852519,0.05865217065622948,0.3693242430201444,-0.3367757629358592,-1.9137732203926536,0.312230197905824,0.20960206573652215,0.5481486296824171
ATG_TG54.3_FA20.3,-1.3041029108036095,-1.4946406582376977,-1.7412360113823506,-3.1227249163650304,-1.2238718530483284,-2.2321786778378634,-2.311937110562792,-4.674682582326403,-3.3619243680660285,-5.924412626853112,-6.742297780224555,-3.2438567365496453,-5.260711027065164,-7.068733646259079,-2.3030873168509705,-1.211829787877899,-2.0852640464651775,-5.172037916809955,-1.4104103703626008,-1.5473168152726622,-2.3341086085957214,-1.045461786102363,-0.3890062299800584,-1.4653661973366172,-3.259022407955293,-0.7336381418086196,-1.8694253419437588,-1.7167749492170912,-4.509185025283066,-3.792673625798269,-5.864198598963732,-7.04505592794073,-2.5725420554312532,-4.889747347790629,-6.7033871891432595,-0.981522073789158,-0.3204114955550566,-1.031693093148303,-3.121327131015268,-0.5051141209788309,-0.5894699912188087,-0.4376407369813488
ATG_TG54.4_FA16.0,-0.5735285525724094,-0.5132735928154919,-1.078169665288305,-2.5740377404535733,-0.39570170612395505,-1.1248337779041322,-1.2410496764007983,-2.864726992291988,-1.6479064496279432,-4.09799374681765,-4.9649091659076134,-1.3406607253654002,-2.938584193432912,-5.017931473338516,-1.1272297452665974,0.2993233763131287,-0.6828739853689707,-4.083416404210667,0.05550605849781045,0.035400411127259127,-0.9151796279907866,-0.23765729502629104,0.15504839688351485,-0.9631157854879926,-2.840058425566093,0.11504067043254242,-0.5173607764486698,-0.9287307688948392,-2.84822472817598,-2.0239066798504237,-4.056568081388985,-5.36798461364529,-0.8401529692220767,-2.7648510515813047,-4.626775718122247,-0.02177982849724762,0.8465844081611936,0.07077439587689292,-2.2144143843065462,0.9388859106023176,1.077833091390166,0.7385911118973449
ATG_TG54.4_FA16.1,-1.850421003315616,-1.942231833308169,-2.7600959405209045,-3.956961516798678,-1.8193910644120064,-2.456984901065898,-2.6985334643769057,-3.912955935724749,-3.3837081780896563,-5.560988525165418,-5.698803548172331,-2.843021247158848,-4.141519388845866,-6.229637593988545,-1.877883652255849,-0.8409549117709786,-2.0066171758748945,-4.960942071574127,-1.1878973445740617,-1.304948189462571,-1.9280345724688457,-0.6970832012864574,-0.8682397101425695,-2.084229613657389,-4.192610483632892,-0.7078859319340488,-1.3889331074271931,-2.049780745425919,-4.171344078866272,-4.238704964253733,-5.708669529192589,-6.195201597604938,-2.677122348574366,-4.195991201456766,-5.94917385435758,-1.46759264878992,-0.90235813129142,-1.7304313465789682,-4.0961365856354455,-0.770107687939608,-0.6132168495638638,-0.753637971630629
ATG_TG54.4_FA18.0,-2.246597168236765,-2.0361944836249593,-2.585710875581577,-4.080502507010762,-2.144072137129708,-2.7787039274234795,-2.7808821484447797,-4.156110767884039,-3.1380345964398524,-5.5107615511780015,-6.426494819172281,-2.973615669643204,-4.633269950239902,-6.5277806385841055,-3.172089864725287,-1.700938200838134,-2.6365975122672745,-5.990034486414362,-2.072371470657861,-2.132764664874368,-2.6495379729020354,-2.0995732440686963,-1.5488708473637482,-2.547961292597516,-4.258372759261046,-1.6817647684772978,-2.352455622127914,-2.440110745075968,-3.906848413656303,-3.2738071481215414,-5.204714688005003,-6.500192897714451,-2.2698019827059572,-4.268232615014373,-5.8052798632392415,-1.7291707871578368,-1.075128312914258,-1.7595605518087791,-3.9089560779477406,-0.9685947944714968,-0.9014223697729614,-0.901710199828864
ATG_TG54.4_FA18.1,-2.2954077996693663,-2.215666953374219,-2.6458328845616492,-4.08019502712244,-2.1744043713385075,-2.6364262812601837,-2.539480336498852,-3.011370608613747,-2.2016119213974266,-4.639749273180186,-4.4415812789678455,-1.7466965256011762,-2.994506960782645,-5.480642960167416,-1.4506457950781886,-0.2725953313171374,-1.1956294310308555,-4.382354977564172,-0.3782334217290014,-0.6733404722847844,-1.1662481330952936,-1.2784379586356334,-1.161013174219094,-2.429500204601458,-4.7324955962845845,-0.8679352132347963,-1.6551367085796522,-2.1844969766332145,-3.098787182762735,-3.3847413998528473,-4.683581624451148,-5.392167932763069,-1.6726272494275594,-3.141136227568716,-5.08070855709584,-0.6699331621122903,-0.1380446566253961,-0.847012360572479,-3.0781043952901377,0.08500871240096294,0.38004823869577464,0.15075715531490455
ATG_TG54.4_FA18.2,-0.859855429860841,-0.8437351884421814,-1.5884816208140613,-2.7919075253852306,-0.8214400035240234,-1.2399610154751464,-1.2536690838019229,-1.4042170233281817,-0.7909483554228806,-3.185608824693112,-3.0986889839654124,-0.489052342797809,-1.695387335334008,-3.955438909229413,-0.13162598587164212,0.9982772861123268,0.02617335182905573,-2.9951733603806936,0.7135269941228642,0.6260695954486657,0.22053535158680052,0.2694206569616375,0.08341993855952823,-1.0711712986626194,-2.9246683784214267,0.4021771752145995,-0.318822980595399,-0.6752607909057872,-1.6309941697690609,-1.938013445961789,-3.092595898600654,-3.7391260909203687,-0.4028508515460709,-1.8024447480018368,-3.5435468509235055,0.7495105828790176,1.1169882203124533,0.4169401443681232,-1.5948005098391904,1.3279343521706146,1.5426119543714247,1.5134019098743718
ATG_TG54.4_FA18.3,-3.9427636560579975,-3.749428787000368,-4.191021203871275,-5.5814626871686315,-4.002313727261616,-4.495592190825048,-4.31240751883253,-5.664255422911438,-4.7316424676145195,-7.272361360817557,-7.874091320262514,-5.159112072273697,-6.521748882326419,-8.535678978380883,-4.733507674977723,-3.7009795230442624,-4.6513581951923095,-7.117046563706719,-3.981141595215393,-4.003583955913867,-4.100130257472156,-3.5541478032715386,-3.0730383137504775,-4.193104151402518,-6.142723138386711,-3.3542642863549132,-3.884832242002552,-4.120440030324751,-5.164616674502669,-5.139301788499148,-6.647029606047726,-8.365132399125612,-4.369906788226633,-6.127738379360899,-7.70841797708207,-3.411294297594335,-3.1031333354820996,-3.793771612861131,-5.568827533150586,-2.960081539357428,-3.0533623778093317,-2.8285002421582575
ATG_TG54.4_FA20.1,-4.67326710132133,-4.7871955092890435,-5.3826849870065905,-6.568888207377681,-4.702978942043666,-5.006373912086139,-5.302792045178096,-5.909161081485183,-5.8346561666415315,-7.759284366566128,-7.619206944324993,-5.423681389056226,-6.3835956148458886,-8.27890930441381,-4.104081254306187,-3.1619673020472336,-4.226485823896875,-6.9099548458217175,-3.436902889687792,-3.7545689755727456,-3.991086256579716,-3.6178012901681473,-3.6683501278128943,-4.764848357622205,-6.983423702731916,-3.661184418530109,-4.2529282964450985,-4.971247558375075,-6.265655248969875,-6.765708040912278,-7.78389118664343,-8.176711546443787,-5.320435489148871,-6.6210717944305095,-8.09837653795759,-3.481363695035112,-2.9907880009463597,-3.7254108519698934,-6.263967880828522,-3.2018503159678797,-2.919090881593862,-2.9970558031241263
ATG_TG54.4_FA20.2,-2.600208804155777,-2.664112899831796,-3.34626934700444,-4.671456938986568,-2.4552682349052857,-3.0271068415059745,-3.2873379634941564,-4.672328004927815,-4.136834140122507,-6.432176019418295,-6.0993124488893935,-3.581266978543901,-4.75576560874926,-7.0451400653639515,-1.9376647979138368,-1.1475340484145278,-2.1317809506020433,-5.237125261288989,-1.3464308007262682,-1.68206965623494,-2.022874013121044,-1.3126779624249614,-1.4068551643948155,-2.71924412865067,-4.948936056512276,-1.2711631970913455,-1.9260053674375637,-2.5578710423820183,-4.908562835372743,-5.327510767711037,-6.372751095243429,-6.683611035148837,-3.5495101863031184,-4.8828875529759515,-6.72596679183423,-1.5844243490579482,-1.2671946696535137,-2.03378222164299,-4.34587887338473,-0.9998501594213212,-0.976681368290847,-0.9887657393158096
ATG_TG54.4_FA20.3,0.00328437962213341,-0.03537287044316226,-0.7998401693659052,-2.3801827124960817,0.1878585410223144,-0.7574664721204788,-0.8834856200388869,-2.6739495640771622,-1.4614459077499204,-4.261357828897053,-4.864535426373161,-0.9635983637926292,-2.819989126918544,-5.246041392634405,-0.2324651857923231,0.9522374314852464,-0.32408547998217346,-3.716456692866508,0.6818162018464622,0.6326629112706534,-0.18375821501989423,0.8436968031486344,0.9621741888567518,-0.4619453887500357,-2.442902432879683,0.9419129170755862,0.2944296192770702,-0.4213929482287233,-2.6936309870709705,-1.8698733105000025,-3.9143356887014167,-5.188501223613008,-0.5628083185686164,-2.473949155628918,-4.666112961032069,0.8304815069637039,1.4343905981802805,0.48781024769384745,-1.9848483457019317,1.63052616501633,1.733023353041321,1.2280128103740768
ATG_TG54.4_FA20.4,-1.3561390515086198,-0.8947747570682749,-1.6337059797965852,-3.0448620872432413,-0.9318354226647656,-1.8401876483720747,-1.997655442871842,-3.7617901932042033,-2.3328120522581752,-5.016793269767442,-5.644635727646075,-1.8483299446740045,-3.953373686663688,-5.941352595976223,-2.241690420608738,-0.35286724849057094,-1.8087873262451757,-5.354797507410082,-0.6858560932971574,-0.8557772864434143,-2.126126519918597,-1.510162541633709,-0.5129151212297102,-1.7067059702781335,-3.242656266594521,-0.7995373314311169,-1.6223526709526237,-1.8758280900943236,-3.639364936407462,-2.4924023417708008,-4.811687563975727,-5.952853116315469,-1.2445230779266898,-3.8123302184010863,-5.5219746119074715,-0.656839391099011,0.4199640180465291,-0.4778964174537155,-2.8978778492457855,0.562494585782034,0.6534303731529957,0.16177772080501984
ATG_TG54.4_FA22.4,-2.29397939562678,-2.1273248720393583,-2.690222089263043,-4.447551971126277,-2.167870923036292,-3.162403339798113,-3.3699874827769967,-4.991256006687158,-3.82084055118451,-6.243112051231628,-7.172080420745708,-3.742766071987944,-5.131963870867695,-7.09785777868794,-2.9676406380957077,-1.7898795482180785,-2.2065256928994135,-5.905658574452378,-1.4717777959567464,-1.829297536974921,-2.8766202200896376,-2.440936381304476,-1.6683926708780994,-2.7106718200751434,-4.913721226093713,-1.992443635460893,-2.830800315622674,-3.192322289983801,-5.071031475286323,-4.039986957293813,-6.2526954829107355,-7.407204437252547,-3.304190107285133,-5.234375052569015,-7.113993272460193,-1.6432886220770544,-0.6746364194689529,-1.2571427114455376,-3.6650122738403534,-0.9922591953911551,-0.8325724078566262,-0.769036446843508
ATG_TG54.5_FA16.0,-0.9431571310086247,-0.6068784422408227,-1.2440470950490017,-2.892995601166173,-0.7350797638325374,-1.3220143018831794,-1.3820688415171567,-2.8748834566660273,-1.5691934395187117,-4.256967778123192,-4.989781711954534,-1.0747304666828033,-2.8213072153652825,-4.833867065087122,-2.0732146511445655,0.0761787333107482,-1.4591094987125095,-4.871351273572957,-0.28206799509708647,-0.2211678541347656,-1.5064715271752378,-0.8383367607578888,-0.0755804285482398,-1.3856919158590897,-3.0250937926941015,-0.356444531690838,-0.8382469636564913,-1.3316361774690475,-2.895717300632804,-2.159076189614421,-4.011425989163886,-5.292389274803924,-0.6485561010636706,-2.704244976638646,-4.401994813065228,-0.5777220532339046,0.4385771512965316,-0.4679778125170429,-2.951867839946653,0.9349449955326312,1.0366918029445171,0.4340419210740981
ATG_TG54.5_FA16.1,-2.000881703096715,-1.5531370555162038,-2.482757297045518,-4.215885823605518,-1.6693421663248724,-2.3230083259171495,-2.7088349412300685,-3.869843450079076,-2.729690820307476,-5.45157962136416,-5.672489147819697,-2.1183319262551628,-3.7044473756996377,-6.206010362407767,-2.459398141824324,-0.7586300492214155,-2.28940837380764,-5.824172358016411,-1.0921859330348649,-1.1739403723575066,-2.475926695405673,-1.2370782744819286,-0.8921729162245424,-2.424232043250933,-4.867639630532756,-0.9079331541207992,-1.6966983569051135,-2.592382295449181,-3.946983765140066,-3.868788544463504,-5.39753942759469,-6.170982473265051,-1.7975799459635773,-3.605434620531404,-5.539768327939011,-1.4873036214844693,-0.5950654924300545,-1.6177272231142903,-4.285357185677659,-0.47125737821509406,-0.17865703996415555,-0.7250633741849485
ATG_TG54.5_FA18.0,-3.332143226864482,-2.933620884461916,-3.5497698872768924,-5.574606621192921,-3.408332054835037,-3.633622618264487,-3.4824725978022495,-5.589751136498255,-4.5585831592034625,-7.092009726090865,-8.031309955862836,-3.9418703610010737,-5.820133124599269,-7.51462927838626,-5.294891539766587,-3.212087551863987,-4.768057938866376,-8.322508813323017,-3.696715436700033,-3.614702567317838,-4.648946583755431,-3.612477915259327,-2.562080147824276,-3.78772734179046,-5.713416107225015,-3.008140654777217,-3.3510080646414577,-3.470097136798907,-5.457266705875049,-4.74274202867936,-6.707362408769959,-8.136295305983348,-3.3735845709179175,-5.581363683248238,-7.139465280667243,-3.6549075769398778,-2.7572833653350814,-3.5250404330514575,-6.045654484078734,-2.2945111445031543,-2.2163313996114655,-2.7910762154145186
ATG_TG54.5_FA18.1,-1.11853807040515,-0.77223156956793,-1.7229512293240257,-3.3636977278319664,-0.9163496275796162,-1.468286251965477,-1.6871448801520226,-2.4408342992532535,-1.1944286306206418,-3.924261075559635,-4.351895043750551,-0.8201843560763485,-2.506256854460691,-4.782530298598098,-1.2553388327027488,0.40477801245488054,-0.9337870502295776,-4.386179160114178,0.10473515804828062,0.07288523142385496,-1.0137391399927316,-0.6802001428024396,-0.13695629179922358,-1.690004322166639,-3.4989046486517568,-0.28163167229830155,-0.8593365452589814,-1.5070112815874557,-2.519910080438989,-2.022456561146833,-3.754871596748554,-4.800728772673726,-0.5219089427846945,-2.4976931126275184,-4.314557525542732,-0.06590133764980902,0.6965877762375944,-0.16572845730648675,-2.369853705975017,1.179195564869408,1.265865025023814,0.5843815751872125
ATG_TG54.5_FA18.2,-2.8755287100618583,-2.7613897702699908,-3.4060491128622026,-4.95358808492858,-2.765552894552752,-3.2310740342720483,-3.26689345378687,-3.73980251050988,-2.5261050120150284,-5.243098371938695,-5.638478233691668,-2.3241079940872527,-3.517875003278208,-6.022336367681614,-2.5918671215254347,-1.064673451612449,-2.0707564995700896,-5.520416671042832,-1.2638687354889375,-1.2351684409031918,-2.158727594967779,-1.9862632895440424,-1.8938223181158511,-3.2586707606530885,-4.852802552683319,-1.72509099759103,-2.3820803090048095,-3.0426780554564155,-3.578363853720862,-3.550296042682766,-4.988422341722543,-6.003594012202408,-2.1180806878603926,-3.532047547986068,-5.459147147782345,-1.839270614859903,-1.1294527414548428,-1.60298528383956,-3.4554367368807166,-0.9100024251679812,-0.4362606121186319,-0.8616003609680413
ATG_TG54.5_FA18.3,-3.8515797096506126,-3.536341081201452,-3.9947523216393903,-5.588970624185462,-3.798335647974019,-4.097181445669482,-4.101780282767027,-4.559357189546618,-3.3959376540355657,-6.138183871780435,-6.551545017345593,-3.7859647307012416,-5.20559731580782,-7.1913039204706575,-3.722266690401056,-2.517173467864627,-3.6779189274583906,-6.49690317815203,-3.0598097204299792,-3.157523730228214,-3.5208912332604636,-3.0331452181225327,-2.8306936899745283,-4.103458845297381,-6.00858743881397,-2.9394970618599277,-3.6133630119940103,-3.8193062488403062,-4.468711079040208,-4.451320176000189,-5.577172482442942,-6.790128276807065,-3.2528841281995855,-5.111130226107453,-6.723464010708186,-3.0046619082119332,-2.3668089548118836,-3.1217525169762292,-4.831388312212624,-2.1621440854600404,-1.9941484096619964,-2.229274100696548
ATG_TG54.5_FA20.2,-5.368001865213548,-4.99347892460143,-5.735146473301634,-7.289006902796014,-5.2415686867425615,-5.570872830944768,-5.978695582321086,-7.348690500804727,-6.668388739629769,-9.048994931808547,-9.027987277207773,-6.077822853138831,-7.537550715535273,-10.340294369256249,-5.408036651285211,-4.209086494572653,-5.149886753071865,-8.620772753059686,-4.38227971039925,-4.446438425641454,-5.445820298464681,-4.17549460101115,-4.052631775663287,-5.334592429521236,-8.108849290633907,-3.9309229396795744,-4.817236690845107,-5.5709523639231495,-7.265780861643131,-7.276849507577583,-8.643344797748151,-9.43794899487558,-5.637268458173145,-7.323570789072777,-9.338857604696775,-4.864307385693425,-4.372736742632114,-5.071154902242084,-7.215688031516429,-4.266450604620168,-3.7459572826832312,-4.22526786785688
ATG_TG54.5_FA20.3,-1.8310736051671204,-1.5593771195240975,-2.57778346702753,-4.1269556201565765,-1.6235503731946854,-2.1675248753344585,-2.6544244162472608,-4.040173743069757,-2.860515821626893,-5.574795334244688,-5.745374207574323,-2.016555567034969,-3.706161078977817,-6.565376543872258,-1.6941470645291057,-0.24470960437886063,-1.7474682784052469,-5.524617136973847,-0.6246435760022462,-0.5653243556008541,-1.9593013532718857,-0.6827399210693865,-0.653974712816813,-2.3103228475108963,-4.570690550037528,-0.5220611905782716,-1.2863486198898788,-2.3292500518811505,-4.0978601121014115,-3.55486453757802,-5.439451094497499,-6.037058085657806,-1.8519642550753923,-3.738202292771228,-6.10435964295303,-1.0513664802596254,-0.49286156726555863,-1.3490191090386563,-4.392875721573347,-0.10785562710322244,0.2808444737138675,-0.41093403101192744
ATG_TG54.5_FA20.4,0.14857441623905848,0.5791378319892129,-0.4887416773578221,-2.1695321771640996,0.5842075909248661,-0.04128419346447956,-0.5605269389726517,-1.871884614944118,-0.17309915578744708,-2.8624616510205265,-3.662413969618094,0.5758473544903066,-1.5510526567735148,-3.6107477904936056,-0.5725398987135144,1.915548897735644,0.06922325571034654,-3.5691811350867315,1.424727407799709,1.4530344183392516,-0.27439933033882835,0.358853003049584,1.0140466425585593,-0.4652795370524817,-2.5392940523691068,0.8517467848632231,0.31300566188397444,-0.6320081426871083,-1.9324828760961728,-0.9295739804815316,-2.9261328896749697,-4.085614136729233,1.044912662524387,-1.4130566994857443,-3.1903199816025896,1.063905303373499,2.178183945667715,1.3061351343791998,-2.0398352591886932,2.8971992210822384,2.943619632721995,1.7273527265381108
ATG_TG54.5_FA20.5,-3.584016153193862,-3.0145093597416404,-3.601603613855705,-5.405802971033933,-3.3771284140348055,-4.206480407795186,-3.6215655787692023,-6.590621736590291,-4.632084049605533,-7.3422999172271775,-8.134450322431475,-4.374365484849664,-6.343946395457669,-8.284070763087021,-6.291553523133923,-3.739733068558029,-5.477540019462312,-8.566163515797651,-4.175419990112016,-4.307140293586639,-5.973377157196643,-4.099048084976419,-2.818883078384665,-4.033810148189644,-5.739691307733838,-3.329168792397337,-3.923915227164616,-3.925339375603487,-6.002254189462859,-4.535856240452755,-7.136251806254919,-8.261350413083255,-3.739564562002181,-6.074999865425776,-7.535478256757815,-4.313024059653855,-3.158214735937335,-3.955817960173018,-6.130789746994598,-2.7269902301397906,-2.858232191897043,-3.486064128449331
ATG_TG54.5_FA22.4,-2.2891912029665984,-1.926250086903196,-3.009401295212802,-4.983221273645571,-2.1512799798615476,-2.442391078064958,-3.1945790312546487,-4.323304850573088,-3.325345987699792,-5.97228548828751,-6.864153439290702,-3.156589968307665,-4.196142119128985,-6.705351767790474,-2.9359136193899396,-1.2506131903583502,-2.245083147440368,-6.275567710303786,-1.2059653559315662,-1.1799883008597918,-2.485859742638999,-1.9395565592713255,-1.4525948694420932,-2.914252481614759,-5.563987433157957,-1.5138265319886397,-2.1783028652223333,-3.0167843182033,-4.615173674963583,-4.110015629151984,-6.097182497745967,-7.285148507492115,-2.7552828292765716,-4.119629758709072,-6.001614882366327,-1.7978941344831514,-0.8547215148558389,-1.2972391148974334,-4.586300997765654,-0.7096923230497729,-0.3043471606578964,-0.6926404721273478
ATG_TG54.6_FA16.1,-2.2529322709173747,-1.6766405395550938,-2.686329944905006,-4.369948010682523,-1.8427125096354195,-2.156817653372302,-2.500316819078953,-3.840834003729974,-2.539635088393166,-5.363935761149593,-5.652942246548886,-1.965459315933498,-3.4789955559237877,-5.897359419553893,-3.622030289403793,-1.0898306252250105,-3.22540397238086,-6.65193667962785,-1.6275082764823656,-1.446338924469901,-3.346782436554851,-1.6615059882286334,-1.261687408872801,-2.612533143195939,-5.070886949382806,-1.2244652632316744,-1.8147678184361344,-2.4206570617822596,-4.055034112111531,-3.834059727587362,-5.276804197494292,-6.17657866491708,-1.8346140661593924,-3.466521071936622,-5.159980945946378,-2.451058198891258,-1.274230177330686,-2.3279407910684857,-5.181807408861593,-0.7383563399621109,-0.5826238554858796,-1.3699086807565912
ATG_TG54.6_FA18.1,-2.510965811620476,-2.063023445559886,-2.8883003995152707,-4.932351357691152,-2.216077573033199,-2.4565548251326774,-2.68050844797808,-4.244392237388554,-2.704158593367709,-5.474915493047373,-5.985430838369302,-2.292612150597259,-3.8802271378626703,-6.183589366334711,-3.621168851317274,-1.3772218554327569,-3.076281049082221,-6.593570515106845,-1.8115223538451888,-1.800063932664531,-3.5904698387788416,-2.210396528935528,-1.6366258512171796,-3.1357832766718845,-5.465987446644033,-1.7060241473531663,-2.124170964767274,-2.9425734869737954,-4.098077822298424,-3.84235645205612,-5.4776436915720215,-6.289658706276773,-2.12012058324694,-3.922936164436899,-5.531311868523102,-2.3909350288720583,-1.2782092924804165,-2.256065137970045,-4.828475263609854,-0.9139224786280622,-0.8375182967481812,-1.615270249768107
ATG_TG54.6_FA18.2,-4.249815968827771,-3.997187093591444,-4.7940808010759985,-6.378101830515134,-4.150847798157399,-4.490551900494283,-4.7227342387845335,-5.750479781245013,-3.7075283163581982,-6.857460235226615,-7.466050196895209,-3.951084701291651,-5.566755544388548,-7.915396525579672,-4.924887408940776,-2.583368625350044,-4.143423318106409,-7.222209768958614,-2.971551204428448,-2.9637026599804157,-4.547533307025504,-3.9345121877563183,-3.4222891046533324,-4.786114011744489,-6.335133482628846,-3.491696629863863,-4.105267701165748,-4.903437057948499,-5.479503028269834,-4.886611172305202,-6.882131567051076,-7.639678074707147,-3.3707400013661553,-5.332579275140496,-7.121736096633576,-3.801170842255849,-2.573954637279247,-3.5577925990158152,-5.133913941173538,-2.0285010853442733,-1.84196438670842,-2.7234808390099743
ATG_TG54.6_FA20.3,-4.363479343568678,-4.04738796771146,-5.13312550832654,-6.684063875532155,-4.164323335101807,-4.794231410056756,-5.38571840518447,-7.116255947456856,-5.17808938896662,-8.195424409848705,-8.823866361238194,-4.6621403284627245,-6.679997550083864,-9.529968168390788,-5.248897237134644,-3.032215860855732,-4.769607804049803,-8.842532697015848,-3.8377394328933696,-3.666470129318651,-5.508593473575431,-3.5210863409395285,-3.308718753473233,-5.016942269335318,-7.648432290024086,-3.1592952511605255,-4.1543105402686,-5.163900554749295,-6.667543430221144,-6.279047729176736,-8.05071785363964,-9.359986532289168,-4.407552432465628,-6.555117953340205,-8.898879588487828,-4.623826900348868,-3.494369152677346,-4.287578748461694,-7.536072606048339,-3.100853277243503,-2.9311539581084474,-3.671560494966138
ATG_TG54.6_FA20.4,-1.7630817666636325,-1.2086487850440022,-2.3274753911752843,-4.131241235941749,-1.2300424968421786,-1.939499295646806,-2.4320955024812863,-3.2900244230401117,-1.604602440284646,-4.343459598243673,-4.406172442747537,-0.5778296532160894,-2.9883169355423385,-5.215097603778289,-2.217665166993981,0.5941415104275456,-1.594740614212688,-5.173487956785,0.01370149389950133,-0.02691960748721803,-2.3287223798661336,-1.4642602404858325,-0.8383954819342055,-2.5318150960385117,-4.8509334808351685,-0.7522614129021471,-1.513912221459366,-2.5424832949511003,-3.4149824709790617,-2.9189988517825163,-4.7543364480049615,-4.999026085586575,-0.46822073222908345,-3.038856028981725,-4.9068850859047934,-1.060182479465011,0.33799645811281875,-0.793093123187741,-4.130014954140493,1.015439122995001,1.111173832129347,-0.2010064854120338
ATG_TG54.6_FA20.5,-2.4391069886209475,-1.780903491501422,-2.71585641978486,-4.596199127386147,-1.7362332377428409,-2.293005225380141,-2.314589747350733,-4.320743250223154,-2.332631662461209,-5.504062773786954,-6.3554881794667635,-1.926775434833824,-3.903032090617159,-5.964867544556992,-4.229338044499771,-1.56517966685928,-3.877026357391741,-6.705842180784826,-2.4040055606441513,-2.1373489268816552,-3.9097728349411,-2.498449560709195,-1.565411503374067,-2.8883987594877993,-4.956477554199423,-1.732634813737044,-2.042616299372863,-2.6661626105630867,-4.064882222704607,-3.112330692767279,-5.104319909650343,-6.583678280709704,-1.4162306877773272,-3.6110100620012866,-5.133009118382216,-2.69319190081455,-1.3782397912185758,-2.3811542561646997,-4.88330721330721,-0.4990479614389395,-0.4960500625575651,-1.8809276113553868
ATG_TG54.6_FA22.5,-1.4478273944944715,-0.9490684328252662,-1.7582136176770091,-3.9850490026780823,-1.281219050360126,-1.2362019536785116,-1.4328481904427657,-3.201709371446235,-2.187183825796572,-4.765541416236636,-5.819351552237307,-1.7152053274979369,-2.80911883178921,-5.402469981131982,-3.1648712495717404,-1.1437182712121987,-2.426762409348325,-5.985514393491623,-1.324582144191513,-1.1577562153196534,-2.562616872001085,-1.1250388971472178,-0.5538686205475952,-1.9591212747681777,-4.700556312413174,-0.7472770152799029,-0.9582944368981828,-1.511229967097623,-3.2714803028919746,-3.024684527828697,-4.6866320948442075,-6.09203411963086,-1.468328771626903,-2.6974004358731816,-4.5392715730251965,-2.0316440929565225,-0.8460946995813062,-1.4181622427109912,-4.670061714479896,-0.5820407093966651,-0.19764027993817032,-0.8654315653597392
ATG_TG54.6_FA22.6,-0.7995574969295318,-0.5018815574137618,-0.8279267996679268,-2.7092239039766737,-0.8829509656754829,-1.3789385415697353,-0.7656930624400023,-2.6236756039624045,-1.4467942251962531,-3.894879389998775,-4.8991434623319545,-1.524357146681425,-3.12617684562419,-4.726451556822262,-2.287166653365647,-1.0881089973664186,-1.5885159780048084,-4.969980771685172,-0.837400667585755,-1.0702887278300657,-1.927414197950623,-0.8670715034763816,0.13717920254174226,-1.0472347935725983,-3.0028619082992627,-0.7018577584705479,-0.8814816564327494,-0.934831423883968,-2.6086297375926057,-1.7913863927363267,-3.9008468542416983,-5.282145368528299,-1.2466992287649203,-3.0517542709926757,-4.350378944776303,-0.7810025366294645,-0.10381059396086507,-0.5507904221451005,-2.447472746977405,-0.1949702830717886,-0.12267961355045331,-0.2452359546672411
ATG_TG54.7_FA16.1,-3.184281752483828,-2.768003014162675,-3.57215152951201,-5.370701332352212,-3.057599246941847,-3.1878481536620233,-3.266746315896622,-4.597599421772768,-3.3736262941848887,-6.023641609944151,-6.43861182894516,-2.924140435897829,-4.3802440152344415,-6.908478321632244,-4.987661686215613,-2.700391153686483,-4.313941363382731,-7.30381442599081,-3.0277549640225287,-2.7552831915391174,-4.31668449045862,-2.944449139709691,-2.0422170567011233,-3.635053385863745,-5.998283887009715,-2.368840540854406,-2.7933297826204746,-3.2826238581882414,-4.809145857697319,-4.745444129219142,-6.242111588786566,-7.113821215820281,-2.855149372458792,-4.458200565874928,-6.117345891818431,-3.6122156102098497,-2.7478091472722728,-3.421595147910078,-6.0458488685039455,-2.3590087502914185,-2.123975453920769,-2.66869579898796
ATG_TG54.7_FA18.1,-3.815488746549524,-3.760083583010239,-4.399820754618389,-5.806212041955169,-3.844205608337433,-3.969607464459884,-3.78822922974496,-5.351802691202931,-4.4705591161641465,-7.06296530335861,-7.738460475099033,-4.136623757289547,-5.487162375721435,-7.7466715571198845,-4.6394961593269395,-3.388685921519249,-4.0773843546109845,-6.622646870208439,-3.4199237674087453,-3.544474424025617,-4.23964229736497,-3.4463640356696983,-2.825455039545173,-4.302641570216999,-6.074949738381862,-3.2428772915593513,-3.5159177651003226,-3.7496391762655006,-5.531214659543719,-5.515287744956106,-6.825981191728785,-7.791005431848969,-4.145105993665907,-5.626553946493596,-7.181411460616742,-3.2067124025428977,-2.7031042219508645,-3.369710594505128,-5.065253861403871,-2.7753932179827188,-2.875534298328601,-2.708427071821862
ATG_TG54.7_FA20.4,-4.603282206509952,-3.758303979147448,-4.834305382644498,-6.944046317856081,-4.100145779483961,-4.476923497529155,-5.301338917684803,-6.538855632337622,-4.158989902678093,-7.443932530889611,-7.88959208106636,-3.5441419669183394,-5.89102724906362,-8.577806724401409,-5.42862572016884,-2.554838633811118,-4.715628431056983,-8.460088575114158,-3.1172307705244355,-3.287801129013096,-6.098459564228471,-4.402992013505896,-3.8143755973445703,-5.2791732171702375,-7.8227859073564865,-3.399941017852727,-4.351634544643965,-5.389808279068355,-6.14327721051644,-5.313614908993975,-7.425824972962323,-8.548106893631992,-3.4132560898095763,-5.890330328864258,-7.729634821856019,-4.4082994339968335,-2.7435702344577444,-3.8593478890906487,-7.157397918416833,-2.5622070247433775,-2.2282033978616305,-3.756271640955641
ATG_TG54.7_FA22.6,-0.6185739050501278,-0.3218351239141873,-1.1980592321899235,-3.2082069838074285,-0.5872464429875388,-0.5755202974956198,-0.5618572544238268,-2.0430746353459037,-1.0416509133952003,-3.7199303264317023,-4.8280690756785605,-0.7542959500843357,-2.0056022295285816,-4.077467262923297,-2.1453627776503668,-0.5668537963957305,-1.5624686029384416,-4.812005946840056,-0.6268166852207967,-0.3897647961923689,-1.402895305795162,-0.36486723783549785,0.27524710995023227,-1.158005967996243,-3.9420958560805337,-0.11245159499778622,-0.1848340565497063,-0.7094293022303755,-2.198045026598266,-2.201081313200036,-3.5006728527927606,-5.017481556685615,-0.5947314095539662,-1.977992268798117,-3.503653522010942,-0.7772026655716829,0.03811128578831124,-0.5378985811289235,-3.440718784649134,0.1696830816197224,0.36628877093522466,-0.01342239669196761
ATG_TG54.8_FA20.4,-6.733657213344957,-5.6300330043854565,-6.616476130780933,-8.740099249070486,-5.831629500733195,-6.688485181390261,-7.428977381670318,-9.055672738511092,-5.921311680858014,-9.560097758886812,-10.263152919845934,-5.703759921549436,-8.33615232659082,-10.722800307898153,-8.082838509678863,-4.31515157856141,-6.797586011120317,-10.355415969976988,-4.919386028358879,-5.517558013192746,-8.305119035930721,-7.285351412078104,-5.798185936475119,-7.779038633200244,-10.072836724141096,-5.403518162900856,-6.839161529539341,-7.59806627883323,-8.749892542024009,-7.218291977278378,-9.841567344606505,-10.507944411811753,-5.14225997957153,-8.175981368363978,-10.103062030911712,-6.513447465815029,-4.225832751758663,-5.663453802524127,-8.710315012004846,-4.276031177625182,-4.382450079036933,-5.8331199127685815
ATG_TG54.8_FA20.5,-6.4348225065678655,-5.801257486174384,-6.566818421533972,-8.060077825191858,-6.35030552574727,-6.2760801731861715,-6.5723528782375915,-8.066163392118055,-5.840467554769054,-9.417271422948556,-9.893350829435803,-5.91586297518209,-7.903642190003685,-10.16948359273656,-7.325900537099193,-5.22268898754612,-6.917698242240765,-9.703599167488056,-6.227269303179326,-6.052309569065914,-7.38797771795131,-5.948003029884573,-5.145101450894517,-6.86847625869921,-8.820814602080546,-5.336510497162321,-6.399112550190636,-6.472859308237681,-8.057128865459381,-7.323705412205316,-9.152387989154372,-10.700474406675914,-5.542138913008294,-8.033296446074377,-9.68699614207951,-6.239207358423664,-5.246190042011883,-6.098115195145415,-8.680474049517686,-4.999754256637565,-5.396347931771362,-5.724647737023008
ATG_TG54.8_FA22.6,-3.370151911688345,-2.9281188645289924,-3.559452446403919,-5.944452186666422,-3.1761933135689095,-3.2144778711535293,-3.2472663977147005,-4.766196353486501,-3.3252259498561276,-6.2490712750645265,-6.565891603534738,-3.145718534258312,-4.447095340516388,-7.118576295551269,-5.243003229920173,-3.2615712456334855,-4.362244261291309,-7.920539595695643,-3.3962411330177145,-3.3179085451477928,-4.943286682590031,-2.9863038805499977,-2.1415011191394275,-3.537404488925259,-6.730404273061703,-2.468762495408031,-2.744976651544347,-3.409644450334343,-4.597649255038776,-4.999212920081952,-6.499499465912357,-7.095461815921141,-2.966486239774932,-4.741744121484587,-6.239296556771829,-3.955464721074142,-3.2178866691343524,-3.7162554697017782,-6.33728859874608,-3.125408343629404,-3.2219708521985817,-3.1888709277536087
ATG_TG55.3_FA18.1,-1.709875950728404,-1.831839586978749,-2.2438174683249343,-3.2216804235351626,-1.6354892349656105,-2.141472935030986,-1.961707137345948,-2.7078236361159953,-2.4042601748618155,-4.410662231528873,-4.173442296552155,-2.132226305592312,-3.187702274788189,-5.223065614579713,-0.5985854891053934,-0.133112929588226,-0.6636577075065466,-3.1750700199806636,-0.3681349044800939,-0.4842351894118681,-0.36003935576946733,-0.7883209298028264,-0.6419910683162687,-1.849901645515522,-3.4084077284223455,-0.6886013501724266,-1.3336381946332494,-1.2607500048874407,-2.976132835083077,-3.530054951601163,-4.605731296004242,-4.863655484650485,-2.25790421221576,-3.6112765046173303,-4.958625692622974,0.031770535587163,0.28974981533289523,-0.4318765028505601,-2.151065043536022,0.12066131618711216,0.1165701523586568,0.7002057139009066
ATG_TG55.3_FA18.2,-5.469166041898701,-5.326952783206213,-5.670789177996886,-6.984393855465662,-5.114593798852707,-5.641950118304253,-5.499822677517906,-6.334237665888695,-5.625169989971733,-7.866948763344071,-8.184303593888423,-5.5809545873761435,-6.738072659989111,-8.670840790283455,-4.493315940992464,-3.647962399178093,-4.3085610572538355,-7.008811920892333,-4.06772420855924,-3.9861207079813896,-4.38715567269702,-4.600315506727875,-4.259350188146702,-5.4926351465680305,-6.797837271344204,-4.61148287778791,-5.027081928607116,-5.141466104362338,-6.415728840443818,-5.960826456815869,-7.818773153014979,-8.7701323054619,-5.147779748911029,-6.787123380725312,-8.321755211632974,-3.8895735085433927,-3.458085453053183,-3.8203437219204033,-5.396800379796461,-3.647005566256858,-3.198802722621082,-2.898581060331854
ATG_TG55.4_FA18.1,-2.6358894533942485,-2.6963890848715715,-3.1650293927978637,-4.633460810462045,-2.3574278322101168,-3.012521012183122,-2.917678053275491,-4.158420129841826,-3.510274061593313,-5.813725650714689,-6.025462483854628,-3.256223365787411,-4.348511802155388,-6.746289153115915,-2.2325688862558546,-1.2538908452726818,-2.046342590561116,-5.2617524117047925,-1.583877251905876,-1.6717407037338048,-2.190418278468768,-1.6034501747286725,-1.4308069655854738,-2.853638351279317,-4.713753228174455,-1.5610832903908654,-2.1589469619234247,-2.3981799155099885,-4.29367145287815,-4.293778098100738,-5.945006213276922,-6.783034539693368,-3.046395914284434,-4.534148148247084,-6.323315086429527,-1.486262606579648,-1.131265782931267,-1.6832549907834329,-3.987912615931932,-0.9858836881020696,-0.8232855319711562,-0.7794042373314074
ATG_TG55.4_FA18.2,-4.8256318909978715,-4.818184261785074,-5.358151253332171,-6.694623713434929,-4.798201431518501,-5.19561244172913,-4.9325853417668934,-5.954025596218575,-5.424163208417167,-7.595271589658831,-7.822692766016497,-5.080002807016456,-6.00361238445012,-8.384473019638968,-3.9275037623156166,-2.9305102625567714,-3.6138543517763706,-6.711205357813008,-3.343698073037805,-3.263507680059055,-3.485267709835517,-3.948209181224012,-3.619007610408469,-4.986527460862393,-7.106454611123722,-3.7814831176747976,-4.369825748788577,-4.520878345099952,-5.8647311147911205,-6.616270148772697,-7.465216294519638,-8.186507504452004,-4.707574872853179,-6.166966913327096,-7.8777062393413155,-3.3541402127379865,-3.0850857208553597,-3.483030222516577,-5.55703792251382,-2.806375033359546,-2.859651457079395,-2.5165108504172258
ATG_TG55.5_FA18.1,-3.5574728591455975,-3.4106344671402393,-4.062085563066876,-5.3781246077800775,-3.3255477704268364,-3.716294157585816,-3.929619960218217,-4.216637107969378,-3.54582054704461,-5.637483353586424,-6.258799457249763,-3.2665122025898787,-4.590515868577009,-7.1240875309316465,-3.4378817213362822,-2.2094612692772677,-3.2212430669676237,-6.30057483706611,-2.560926464905048,-2.441515310226324,-3.4092591956934637,-2.628510545284999,-2.383730707026593,-3.8654783746508983,-5.5532435453749525,-2.59199771571989,-3.126288203201978,-3.7120045605419727,-4.705435972809423,-4.6198317976823535,-6.150149408722423,-6.792521395777233,-3.126439350989709,-4.844471168845172,-6.902351284852959,-2.455064331951377,-1.7826487557888495,-2.496405804284267,-4.782787751428753,-1.6282242160801137,-1.4420034874112202,-1.8049391091277776
ATG_TG55.5_FA18.2,-5.587268471735205,-5.679321062258868,-6.381374641337537,-7.917296874013485,-5.5581215838065186,-5.903671031918126,-6.725599358200255,-7.201959709230945,-6.250780703161416,-9.015732198702956,-9.499942667415402,-5.988294580218844,-7.088241297961333,-10.293877067375622,-5.338221606976001,-4.220857928819876,-5.200566567580098,-8.286031941386453,-4.566601199448839,-4.56066924687046,-5.37108579547041,-4.926288198937162,-4.740381982007571,-6.178022538947615,-8.629037634816687,-4.848474745512549,-5.34501681052478,-6.093829998986272,-7.381124701940814,-6.817154173693105,-8.608503001083939,-9.34266379144054,-5.605430890243133,-7.209857616070527,-9.53786158193288,-4.947069379262866,-4.256511879386164,-4.909443901445957,-7.310910357613684,-4.007758102801027,-3.979538522592027,-3.988546596613568
ATG_TG55.5_FA20.4,-3.378667595133746,-2.978316409593994,-4.11022648687821,-5.518702460709394,-2.899509966806851,-3.567097351416312,-3.902182723047385,-5.458600352508536,-4.085185545813179,-6.481823865490064,-7.151858067374026,-3.130670460894173,-5.096475299276486,-7.391191248864402,-3.984094151013179,-1.7379134889006431,-3.2985159933253594,-6.839748198371443,-2.1314358506300572,-2.0715512901640456,-3.4888023463033977,-3.317325959895026,-2.683287293072622,-4.06088389184744,-6.091184216675928,-2.746365284077415,-3.3125307945505345,-3.8904903018448618,-5.26030814396375,-4.450144179809398,-6.52565109366924,-7.613030302682107,-2.570361405016217,-4.765453960779155,-6.661163382406547,-2.5491924357155815,-1.2859580753113635,-2.1322505173116757,-5.068507826651893,-0.8951529396635638,-0.7666425764389351,-1.507535645973948
ATG_TG55.7_FA22.6,-2.02113861286496,-1.8391354088227507,-2.50990315100546,-4.16777705338733,-1.8331627515371944,-2.1428617019644505,-2.192497234420369,-2.058744597423835,-1.5018057539829934,-3.8529389017086575,-4.57261793618332,-1.672946759818415,-2.903342720473879,-5.422780116903829,-2.770856746372695,-1.796485842220969,-2.690790830049395,-5.523482841226233,-1.9066161976451463,-1.886830753862973,-2.7197547702464187,-1.5520134841918067,-0.919529846851215,-2.266352013721488,-4.401341450578166,-1.5350849876468755,-1.7998089834014708,-2.2912523087314476,-2.6367766761142284,-2.8420592297471794,-4.322378470335618,-5.1265855219818155,-1.7683313815004142,-3.166337019052331,-4.814939486492296,-2.0046174710242712,-1.4827077131591542,-1.9161927894333932,-4.418233838567124,-1.2870577875295202,-1.0242585341556936,-1.4398399819897998
ATG_TG56.10_FA18.2,-5.385115905286783,-5.6217385674654645,-6.157320475386555,-7.534613457807963,-5.1993573789419285,-5.83171582410298,-5.660784092936755,-6.698762245871589,-6.076862235328008,-8.235387478138247,-8.41608956039911,-5.887877175447681,-7.004274564115638,-8.94609553873264,-4.668544840883667,-4.005577557645978,-4.509662980660639,-7.0686810258720705,-4.229546397750065,-4.1681202586607045,-4.547758947289678,-4.686714939796751,-4.576462602724389,-5.570861505587624,-7.50756047822985,-4.8720710013428965,-5.279784813059233,-5.20614823437802,-6.788651796398158,-6.441760316987922,-8.211142318716066,-9.192285953482989,-5.51734341051045,-7.078488869434003,-8.45493024783365,-3.9220174491546023,-3.7752835669842497,-4.155365131838961,-5.526079795767032,-3.990911165877139,-3.684642511818349,-2.990575888421879
ATG_TG56.3_FA16.0,-2.4238544969403155,-2.996933583935773,-3.107537932980289,-4.100803210178917,-2.5448943003110265,-3.387577833705278,-3.3479938410994254,-5.000219033445119,-4.6736119804989595,-6.556315385316076,-7.031036770253697,-4.277787869287339,-5.794559580995359,-7.48077476405415,-2.257893161516178,-1.6364911138924108,-2.054433905652171,-4.098855415522066,-1.972248732551706,-2.2303256197351655,-2.208335089516003,-2.1486504242423687,-1.6383313916418938,-2.6905225720212163,-4.209807071767506,-1.9134627207306725,-2.756447279607846,-2.558415774457733,-5.3720379847213895,-5.200951673978491,-6.646209290133365,-7.435058324976713,-4.205914545251667,-5.9916975425310826,-7.404036485850851,-1.348995624629593,-1.189885374582836,-1.5921676421371074,-2.96263604334694,-1.616287381613914,-1.58430981960214,-0.7794969177580168
ATG_TG56.3_FA18.0,-1.2871350344518615,-1.9300440001300465,-1.6012998936924938,-2.5641923597970915,-1.3081969589825346,-2.2913927252316753,-1.7267017998662937,-4.0104190291970685,-3.385262729529894,-5.576627225699007,-6.108173924491445,-3.3215611814368784,-4.5976843243396965,-6.643923189905209,-2.059716251393861,-1.382753481680636,-1.8147661541119104,-4.451311017996561,-1.6436943929331174,-1.7745691305101985,-1.7505274337372765,-0.8989006140642026,-0.2951080554196103,-1.496166497271615,-2.7364937370906772,-0.624221535299455,-1.5091614013120576,-0.984191899110176,-3.8549478618175903,-3.792230746557314,-5.526716629999725,-6.403985829970575,-2.631509587934561,-4.6440309863910185,-6.244513600571887,-0.8958369237647824,-0.6482913930362587,-1.197146463964402,-2.9430659739511777,-0.7856941358498155,-0.9598344153473816,-0.1972275239373821
ATG_TG56.3_FA18.1,0.14925563021539123,-0.5209079976510201,-0.5180818699282422,-1.542295515872301,0.05766156723519897,-0.6147364576275166,-0.44388974523912406,-1.3456870313700744,-1.163906399658276,-3.1429079984199477,-2.635610992940486,-0.9245073208723474,-2.0762347388562774,-4.062104344569697,0.9180138762286296,1.4367018815938488,1.0162941006686126,-1.2401851987364405,1.2255978889836483,0.9346062834205352,1.225077655610823,0.9149764242882904,1.1120585150263675,-0.22552331311744553,-1.5681487175647828,1.047495720770571,0.30564916675363074,0.5601323963941669,-1.778831542208477,-2.312842786722698,-3.491932934697856,-3.516167900622373,-1.1271684930232635,-2.5614150563080127,-4.042926379406806,1.849353366212276,1.953682021357877,1.3803028868709828,-0.18794051978983467,1.7818959358678823,1.68030238659181,2.2153453821902183
ATG_TG56.3_FA18.2,-4.06183178498861,-4.704092376164138,-4.3359353881328655,-5.808963167134226,-4.06517138133997,-4.819198213759625,-4.376941676499501,-5.88698286562908,-5.469422049482072,-7.377843643184772,-7.810323903222444,-5.3346985168523515,-6.535035226140686,-8.381971730480947,-3.643994870073249,-3.029222636144915,-3.1481423261868335,-5.857737517101332,-3.0877160826523076,-3.2728138107242604,-3.2778650942290213,-3.731490833879093,-3.208764270610814,-4.391114629543465,-5.850968539307805,-3.2173926331817264,-4.168845090984892,-3.6442944352677302,-5.887934642969777,-5.909827409528418,-7.473469894941577,-8.234161427482782,-4.748643285301501,-6.428792997127472,-8.094467874863003,-2.7604039059827716,-2.432425831365093,-2.680567526317312,-4.133198921225594,-2.708372869240345,-2.822168129181345,-2.0146092316167947
ATG_TG56.3_FA20.1,-0.9129738022402816,-1.4871823824674766,-1.5985870432684433,-2.5837276430466005,-0.916041234184109,-1.538395496972579,-1.3997514767293735,-2.2782862812503746,-2.1389344537814297,-4.160258751791934,-3.5715336414377212,-1.9540306636440687,-3.106725535891675,-5.0007830897724075,0.04698218775887745,0.6039164138331575,0.1367924546067676,-2.2338129150761565,0.34230862311970306,0.11822808297763727,0.43039948454360183,-0.01870080953770032,0.11337191844275787,-1.1905367125830122,-2.55512791193002,0.11778466111930844,-0.7142810801278522,-0.43428978230253734,-2.7351928056957697,-3.403240180852225,-4.357821619508909,-4.519220828188966,-2.1336936279793512,-3.454756985491632,-4.925312781014514,0.959186674808884,1.0683240719574505,0.5086610243544806,-0.96289503788153,0.8916069806613152,0.7052299418266453,1.3781977693509493
ATG_TG56.3_FA20.2,-1.8489628113916572,-2.357536040146508,-2.1995969047166564,-3.4673014199438432,-1.9244327595949515,-2.719455715814586,-2.1522300032188517,-4.795102700865724,-4.4338602741862845,-6.460700997412952,-6.849207895422639,-4.052055816547311,-5.383659758186941,-7.532036017279094,-2.249989600342182,-1.7407637012866273,-2.092624942845843,-4.907417361176002,-1.8725863658428956,-2.051947750441966,-1.9213614670792256,-1.0627707366659005,-0.668300415822719,-1.9709463104638356,-3.3230417596728867,-0.8297536553616649,-1.704080211612638,-1.2932353042899076,-4.649756899258548,-4.770304076088448,-6.378666177542746,-7.406364715659982,-3.754281835950261,-5.352225402400579,-7.410485852085035,-1.1837529704108305,-1.0951306527839637,-1.7659103082915688,-3.4457516317708388,-1.2465760893543198,-1.1786856984409184,-0.7783112655921234
ATG_TG56.4_FA16.0,-1.3511509411149452,-1.6571204157059,-2.028845155881903,-3.499257908679495,-1.4339915054069357,-2.093055293539922,-2.0921131124348573,-4.091499569820426,-3.3417752403959193,-5.669554682468422,-6.453471619677473,-3.239334857461607,-4.42218325710198,-6.3665581695430715,-1.7304937978100912,-0.7599511074560126,-1.2002205836356306,-4.237023503691648,-0.9264198783691276,-1.0495462007753291,-1.3712677547035512,-0.88227018586027806,-0.5250547065964576,-1.7324655624110663,-3.736903452387219,-0.684289076649401,-1.3471089880616298,-1.621404852494999,-4.34859980620272,-3.823600316826394,-5.658268720962903,-6.874105604455146,-2.689273530429936,-4.439360812164217,-6.252476274906758,-0.5518135684000713,-0.01233467268156792,-0.5262530434154231,-2.6107584948862184,-0.07696906018911688,-0.09863107097124052,0.2523638777391039
ATG_TG56.4_FA18.0,-1.0961647346975598,-1.3178990596654052,-1.471180608756627,-2.895200696315324,-1.1073887723117848,-1.84769705045733,-1.5885488466247808,-3.707060155001226,-2.687944523237709,-5.084811177824419,-5.839186114018976,-2.351262164175522,-3.937048413526842,-6.247998038980958,-2.1703279867627785,-1.143366883467915,-1.6961175411922882,-5.210816421743965,-1.09014587965684,-1.325462504407414,-1.8730887179057552,-1.087696360060414,-0.32525897127997583,-1.493067353284937,-3.310167713307957,-0.6231340766596049,-1.414619377660286,-1.2079376890936555,-3.2381477213414063,-2.799471928904154,-4.732016044582755,-6.1497207766538695,-1.6236942259611482,-3.698303932597693,-5.6904112319442675,-0.7524950910437335,-0.12210229462672868,-0.7900812129048557,-3.1638693521069245,-0.3332790475290955,-0.10890248932816488,0.01221075735767011
ATG_TG56.4_FA18.1,-0.08221895176452373,-0.2541907303654042,-0.5586234827868081,-1.9357931680784923,0.0757792823394726,-0.5246802292939647,-0.4269060309034201,-2.0448381072416995,-1.4359063530810685,-3.682733496112356,-4.0441280654537914,-1.042479703355466,-2.289742664764735,-4.593622129002963,0.4404465892274227,1.134884525306198,0.5418397301737103,-2.617114503839723,0.9606559251316552,0.7933664006740768,0.4863093968796988,1.0522450988504193,1.116836694782813,-0.2160711132820712,-2.250945496514724,1.155423389328759,0.4937176387258234,0.2280789814657498,-2.1675752662761756,-2.0717415317838257,-3.6419872282185417,-4.70895836687977,-0.8420324510820467,-2.3097331297204686,-4.3265760559443045,1.1282966044159652,1.5852580427927343,0.8254413740069093,-1.267901621794396,1.490568193758649,1.5892589819071814,1.7405415836721
ATG_TG56.4_FA18.2,-3.0519192434272218,-3.4657718837013087,-3.808919209955721,-4.980363173522624,-3.1375455417138203,-3.636129485380939,-3.615799907138421,-4.726703695954073,-4.465162367836572,-6.509023845965036,-6.474365522650232,-3.908229471333436,-4.930342881745043,-7.250260277034909,-2.28474371707772,-1.5474240498612415,-1.93988001137134,-5.041418895267,-1.6387702938089197,-1.96315669273725,-1.8881798111192176,-2.2989447858971985,-2.0512724671428253,-3.320551647316571,-5.318524836551594,-2.071178086885908,-2.701474772419199,-2.868664211410759,-4.81048429865108,-5.224947381541025,-6.310061536015625,-7.294601681034659,-3.701564102124381,-4.97956345356928,-6.998710283086555,-1.5726998329126318,-1.2517172835241992,-1.9308193649244,-3.8011152921539377,-1.4320328024191926,-1.2809906712734662,-0.8893505207469402
ATG_TG56.4_FA20.1,-3.1836474022382704,-3.2834695190169505,-3.628338782207164,-5.092434123171917,-2.936138304389811,-3.591245306872717,-3.5964512815704808,-4.537561307840083,-4.102658821837429,-6.310051037556808,-6.295556423088168,-3.745081083685274,-4.624185987622589,-7.199783759047128,-2.1136427040852683,-1.4049256780294248,-1.8658199417758945,-4.704426515052598,-1.4405458053250106,-1.7140735088606978,-1.7561930633981373,-2.2065462517118717,-2.064352774370251,-3.3323877105811097,-5.399292084355786,-2.0822830115468425,-2.589772879093009,-2.909923961178888,-4.658727186618497,-5.176273953613596,-6.264178732326798,-7.2044862350016015,-3.617131934175831,-4.887771406557486,-6.652076078235294,-1.363769162951844,-0.8906299389765732,-1.5100249476906131,-3.5853246406039423,-1.0682155932095685,-0.9646933465650552,-0.7003370931177001
ATG_TG56.4_FA20.2,-1.7171889812838932,-1.9799274803564872,-2.20536290364003,-3.515179651700045,-1.4908182190518058,-2.094802551408904,-1.9630318317015008,-3.9103022979962807,-3.5170783089666657,-5.720668344497649,-5.655484365105443,-3.0407836906105,-4.005728696446669,-6.600680470224886,-1.056569301315044,-0.21456979671356477,-0.975882196055742,-4.04367566972931,-0.4347689662252404,-0.7757235715716192,-0.7639005941407498,-0.28850978893131324,-0.33805512066578153,-1.736670234530599,-3.8214758789746113,-0.22733485312657453,-0.87119904700733,-1.1624771708684485,-4.040158934568562,-4.496798483577252,-5.639879621074033,-6.40838754310154,-2.736558358181153,-4.14560514519381,-6.212643537020828,-0.4164422282473751,-0.2459553030799756,-0.7750911740675751,-3.048856889381624,-0.09205954333990812,-0.09426746644142243,0.14182991196422856
ATG_TG56.4_FA20.3,-0.9038662782253292,-1.142575011788354,-1.421155780110007,-2.9966783616289785,-0.8109974372227124,-1.4786859242755843,-1.4155649228461349,-3.985852408642148,-2.6451784238396536,-5.2362827346293725,-6.017153369956371,-2.1530864588457033,-3.987438900954684,-6.560968836207358,-1.4429309104899692,-0.3389153793528618,-1.2037593397086543,-4.74441416339805,-0.5456348505242482,-0.7011335738587966,-1.3884804947879863,-0.21997097167678184,0.04896874148162055,-1.134597583126056,-3.0007266295989856,0.00260516202222353,-0.8211594990026979,-0.8895082647811021,-3.399733730379555,-2.6327560026005052,-4.922539092595607,-6.502172288148553,-1.6884318261804094,-3.489389426017444,-5.8326512320533395,-0.24390685995025468,0.15095987841898562,-0.6011318627971232,-3.0967577182117525,0.08603951176684854,0.35524339724430787,0.15857042516026187
ATG_TG56.4_FA20.4,-2.8556766241051608,-2.9199567157655832,-3.0625953727367548,-4.261181528936761,-2.4441228386629668,-3.3230178572692215,-2.9318437024028143,-5.6398476480783915,-4.15210374111901,-6.78192087073256,-7.306283817188752,-3.710664287053669,-5.789966464081115,-7.7433296375273075,-4.108754256501659,-2.4512583251209,-3.492896745069509,-7.27480516970823,-2.667103044087204,-2.796787415506453,-3.6519136020551546,-3.0199148467490504,-2.284152045355258,-3.3205859180151505,-4.58401267489427,-2.2628022681736386,-2.9895900757822336,-2.730749220909632,-4.968110817849622,-4.391119220865348,-6.659840000731387,-7.512705848291297,-2.993719241254626,-5.3495656179818445,-7.021616527129461,-2.267784366736168,-1.409477284784466,-2.462073947614364,-4.56240710360842,-1.3994541454611278,-1.5126764298942292,-1.4587360875939963
ATG_TG56.4_FA22.4,-2.097603278657981,-2.1408453068961992,-2.145403333265715,-4.17815844419412,-1.9845261209435288,-2.7728482740486613,-2.697887877305315,-5.511253964430092,-4.4017848035088365,-6.76184083866858,-7.754425898631631,-4.181238736161394,-5.425726648719188,-7.723833775143186,-3.261778965968922,-2.170416738568314,-2.202054508272687,-6.24678797656828,-1.7087210577596037,-2.1475981822798915,-3.0881478556981925,-2.496700274565255,-1.2138480985042532,-2.404158361517022,-4.612526690402494,-1.68139258082684,-2.5785444374628015,-2.512310530194981,-5.101488037635795,-4.523062023380375,-6.588477841662985,-7.851109341457766,-3.5860250697340437,-5.434945868361501,-7.340833202823692,-1.6007255971528729,-0.5392178049125744,-1.0574750102800052,-3.627914445421555,-1.2186192072198077,-0.8556329897974809,-0.541142211792588
ATG_TG56.5_FA16.0,-0.916664186289532,-0.8199709719497582,-1.1447097133562651,-3.1345232371535428,-0.5915954153852351,-1.1727010927926955,-1.1356373628768848,-3.4327432056872493,-2.144654664272935,-4.851539212259769,-5.736300995678584,-2.059071474062009,-3.1145306629360547,-5.664984342419931,-1.562309938093713,-0.20620244137260663,-0.7159738823552373,-4.484413015936094,-0.18172458277632644,-0.4232210359644536,-1.1061976840371517,-0.8638260442961011,-0.19928673637532424,-1.3842501327366434,-3.5886923820492544,-0.24128724339406132,-0.8246072473761518,-0.9961180327227492,-3.252141829696631,-2.7321742545546996,-4.594143303808041,-6.1647808137508475,-1.6210126252374335,-3.082344378892245,-5.0601351020396725,-0.1853611885922908,0.6928367086551442,0.20091807932370828,-2.4024168671398543,0.5056508674344955,0.958448998944952,0.8612061571393766
ATG_TG56.5_FA18.0,-1.3693874708453428,-1.230943581637279,-1.3673117992943906,-3.121277280929448,-1.178118493777072,-1.711821660574722,-1.4911162030969107,-3.989497176705131,-2.461135261968808,-5.323888826008671,-6.025837248725455,-2.127303896428875,-3.8649944986983646,-6.139649643334835,-2.9622182187326014,-1.1274427683774777,-2.0821478044216977,-6.16545747652673,-1.309998066046373,-1.362001554848786,-2.305737278810527,-1.4373815723354442,-0.5392596078573715,-1.6908817140957977,-3.5817559181059546,-0.7727857589713945,-1.3254502048000911,-1.1902279145156316,-3.53344606792049,-2.7847164000317757,-4.770579435077837,-6.3166201750902715,-1.5948564126448446,-3.647096341398266,-5.49946113029185,-1.1457408477123368,-0.19017854650709845,-1.11161767381474,-3.628794624657734,-0.01101044594832256,0.01486733932437996,-0.221648783962634
ATG_TG56.5_FA18.1,-0.00946205590271311,-0.08244620198718092,-0.5624491909198714,-2.265762941280159,0.352935392277615,-0.21031305712319023,-0.46300290190436566,-1.9956187177367024,-0.7541422092187071,-3.4481185554726443,-4.2247114997181034,-0.34334641304971325,-1.8364188290203616,-4.540300938163433,-0.2735128587326931,1.199421124809133,0.4170812988411208,-3.5837004954288547,1.147792534807522,1.005066803812256,0.04951586608356562,0.6185068573061752,0.9499752089557152,-0.47568170826128175,-2.896982866355298,1.0891773777803804,0.3890218075135635,-0.12319277787097652,-1.8593080123436752,-1.6528324647663926,-3.424168767068738,-4.682999036550973,-0.01907119025412721,-1.716218084877832,-4.028152442839454,1.0536835693211934,1.741488647113652,1.111866272506755,-1.9182543572449344,1.9153509898572665,2.202045687181757,1.8173518342414128
ATG_TG56.5_FA18.2,-3.285199818294226,-3.2162087822251184,-3.8293498838769766,-5.4716205528031105,-3.1390473946355857,-3.707107837773631,-3.6630184638345273,-5.532830251428847,-4.313730848285192,-7.155245672762065,-7.644750989478553,-3.8903728387008463,-5.299129226901173,-7.848201517348153,-3.067991612587469,-2.048361481701878,-2.6815102608926953,-6.369421355615577,-2.062077358637377,-2.22430993825521,-2.750961457054508,-2.2658428714587924,-2.141974746558178,-3.4751325791181635,-6.051938718561177,-2.155507151243461,-2.747642822719725,-3.314615314267052,-5.176901917230974,-4.818366670247844,-6.5708057717062385,-8.1300318085002,-3.3379921415341394,-4.958308123803463,-7.184411899692845,-2.2357269890653386,-1.7658283770448575,-2.237070002336263,-5.004498992624904,-1.705006908910422,-1.3871261515972737,-1.4405113171932766
ATG_TG56.5_FA20.1,-4.454733805949616,-4.523882642619688,-5.156189417605221,-7.156050312293838,-4.520255206385427,-4.860005537182536,-5.116425351583725,-6.768134732267849,-6.031902257900406,-8.2729654651571,-8.66671758877709,-5.335008321074616,-6.7610165068074375,-9.071138195307917,-4.58570968091677,-3.0962653499806057,-3.996058175737766,-7.443336012022575,-3.233509632560249,-3.647886142661881,-4.264127491672114,-4.282785306094408,-3.6950228294378578,-5.185912512010087,-7.521939950170726,-3.7553223573705288,-4.30367379579392,-4.780275938314585,-6.8044158572317075,-6.478273126913119,-8.07556966392532,-9.257925540995991,-5.214718607922039,-6.797165076957044,-8.615685200495957,-3.4255831802431853,-2.5549595262762677,-3.232830159591318,-6.124067824450271,-2.3274337255644952,-2.401689381601774,-2.735581621305334
ATG_TG56.5_FA20.2,-3.618455553167525,-3.5774118043794747,-4.2399320572346495,-5.882959078932102,-3.596769492052949,-3.925962261591745,-4.0988912572197655,-6.074711468121878,-5.223948371286867,-7.616185174488424,-8.395848565239946,-4.426268746363117,-5.474742762231092,-8.49117183586103,-3.242730507449812,-2.0089353417881033,-2.9587400865411175,-6.380421842551197,-2.3225488889334542,-2.3888839686423404,-2.9388649874242265,-2.472782236213688,-2.482202709001147,-3.726806611032082,-6.4453926994187745,-2.364788811987895,-2.781987595047851,-3.579928157397409,-5.832323547042725,-5.70343648939766,-7.347655284729781,-8.683650155474817,-4.355823205397972,-5.691349451359635,-7.94464496889757,-2.634408793809999,-2.029108620023217,-2.58613477734658,-5.661656603274284,-1.9724171223681024,-1.5293163184456324,-1.7680045808532323
ATG_TG56.5_FA20.3,-0.7969577904866558,-0.8926052567977404,-1.505940806744508,-3.361218617262753,-0.6062635863739035,-1.1862603580894102,-1.529300996753543,-3.348578453707813,-2.0272157366489307,-4.960283274440997,-5.472484369564065,-1.318217327340336,-2.9921315047863555,-5.958916833030856,-0.6661917118108317,0.6712991094211848,-0.4728696914596005,-4.404898084684811,0.4232935306441179,0.1775793496489344,-0.6583970832897842,0.2849209645464673,0.3176192973417495,-1.2702205169957492,-3.759568500870005,0.5483556254641359,-0.2853871559185512,-0.8620814288570314,-3.133042326574797,-2.9393638452501643,-4.58122284647212,-5.839038465963244,-0.9787665982903422,-2.8792776439843704,-5.3803675093067165,0.19708727269324808,0.8732548467791597,-0.0362369925836356,-3.049904980098457,1.0126789102867266,1.365038733372785,0.8315700019811911
ATG_TG56.5_FA20.4,-0.6589947554296257,-0.3749042554251394,-1.0306862584088474,-2.7875279961741493,-0.28425515748723373,-1.05759262957299,-1.0174537146235778,-3.1949730925956574,-1.4399143353070296,-4.22222291303257,-4.997373264672775,-0.7676383103013028,-2.816719916584121,-5.0866601147613295,-1.4912424196337688,0.5205283891989692,-0.8745943447208717,-4.737779976523889,0.1940297070520193,0.07564932797874038,-1.0143740082964898,-0.6370728352095789,0.14995204338499074,-1.2395227803143458,-3.0433577233799376,0.0720294404312458,-0.6384129403252206,-0.8707315381654037,-2.708839951707662,-1.748906989270537,-3.9740053830598727,-5.403549853331669,-0.3051534227025189,-2.5831049737705767,-4.409331082929546,0.3289354707630878,1.2472336418261911,0.34200534897918744,-2.5353546311984867,1.4282609683923164,1.5543880912217656,0.8885171515908274
ATG_TG56.5_FA22.4,-0.5198650461090428,-0.6641038502910827,-1.1941031459612383,-3.404268465223532,-0.445575550762028,-0.8281268797887358,-1.1222733551593675,-3.3009908826013175,-2.09030210608514,-4.8641927333018335,-5.828875691889337,-1.7521180892215282,-2.8552001932945017,-5.60137161700982,-1.285086459541395,0.04860668965500554,-0.3817685846741165,-4.737696650685876,0.4147967817304846,0.11185779860228108,-0.8486333270202664,-0.46507340121586527,0.10764946286865466,-1.2275469873957443,-3.8823019932282343,-0.00908968711411683,-0.5643039124167456,-1.0628204259211398,-3.2605282284479893,-2.609439488587096,-4.664502941583826,-6.184954293839684,-1.4419226602522697,-2.8163567847688427,-4.948288092207646,0.1837757453530438,1.2234880852628691,0.717775345918545,-2.49608904405969,0.9897480500878064,1.397190335181464,1.2588778345115297
ATG_TG56.5_FA22.5,-1.157359491415235,-0.9619051271208556,-1.0047112246342942,-2.9338626579858675,-1.0955340921835044,-1.450566086275528,-0.9264796391903616,-4.2728706610755856,-2.9455884343105674,-5.569787776360094,-6.392842999136931,-2.904304370459495,-4.075737484640813,-6.441800000452897,-3.3968068812611403,-1.855635770135127,-2.304300967584972,-6.208140898406414,-1.7554814775922187,-1.9660554502669445,-2.9316442565275724,-1.4296695091157288,-0.39726787980372286,-1.4215736691505363,-3.4520763534435295,-0.7709759172285732,-1.3408846654235531,-0.9823081110683318,-3.7682127095808777,-3.068640307775315,-5.094227906411419,-6.551394718654327,-2.2729126109259163,-3.986709143215238,-5.590056132888707,-1.6889311951033896,-0.7739277399214555,-1.2644204527919674,-3.747736136574809,-0.8621382389824972,-0.599219384300467,-0.6947234760229488
ATG_TG56.6_FA16.0,-0.6711861413974044,-0.42189025769460026,-0.9415076846747872,-2.9084073647267386,-0.24802500687994575,-0.512706446394857,-0.3900343783841807,-2.9392475910444844,-1.636686324000964,-4.4195748734654385,-5.286226508455011,-1.2780833344397358,-2.25671403466583,-4.990674821435182,-2.126073348897372,-0.43312415758344663,-1.2868080231684969,-4.804708259348662,-0.5893093828477731,-0.5108998930765574,-1.4358368272956532,-0.5402653294005985,0.20411069585556121,-1.1330640317143994,-3.4051032609661984,0.08666537022966783,-0.17131193495747074,-0.32332646051020153,-2.6441968831746445,-2.040818963615756,-4.017343514987557,-5.5706101204867355,-0.8072962720507796,-2.2392982700265023,-4.070580306805844,-0.7386930105946719,0.2669288573899374,-0.34385716234791364,-2.983101476642951,0.4636664570282838,0.8405474858809575,0.31353983526282336
ATG_TG56.6_FA18.0,-2.089431690113413,-1.9825581438219055,-2.240898751664784,-4.159088047682771,-2.1231054066977593,-2.452851800526146,-1.9670962331705473,-4.748058250794796,-3.324580047789211,-6.141920072344466,-7.151407435281989,-3.1204220929181203,-4.569955449090286,-7.098030872937066,-4.300643407391786,-2.55988613072279,-3.2903159737845424,-7.210281129984566,-2.636635236886276,-2.64846149531541,-3.6008461739033892,-2.3050485781572627,-1.4316808524976965,-2.4794010115255936,-4.54526602183339,-1.833873039765308,-2.2368589693368213,-2.0569293485320257,-4.285508123565173,-3.634322032062555,-5.698194721187484,-7.145014880624124,-2.5725926585589622,-4.423454352184232,-6.041528936402849,-2.481955666021151,-1.5272172716294827,-2.1429140161525737,-4.549381836609992,-1.4375402009335032,-1.256975524307149,-1.5185509535406518
ATG_TG56.6_FA18.1,-0.13938447066695162,0.0212892597293207,-0.6603870206598735,-2.6277932270697213,0.01486978000792228,-0.17590930237156302,-0.16781607290088846,-2.2686933196592145,-0.7449721199436419,-3.537539301243993,-4.332045649328921,-0.24715115123095757,-1.6626293451264589,-4.318660860207638,-1.241238714508282,0.861382056508404,-0.3833354940130979,-4.574024498432081,0.6467308231275108,0.44797388166997554,-0.8979385467239664,0.10392067856832753,0.6323234632440321,-0.6649850316656096,-3.2239771261230215,0.6952830970125952,0.22813830368993893,-0.1426025936176956,-1.999025279225162,-1.787755636164588,-3.4929587630556886,-4.6113763896982745,-0.04956756978502736,-1.657165016328556,-3.636430286522823,0.28372856207081826,1.258376200080817,0.4288954702994862,-2.80405512848155,1.5593506842752003,1.9693957061574765,1.1740643937341495
ATG_TG56.6_FA18.2,-3.1769091417011017,-3.054528278454146,-3.8232865317028777,-5.706769743262891,-3.1159590719121844,-3.3873917744575017,-3.7607876892963015,-5.457567630385522,-3.931827919568797,-6.670905184357598,-7.62492204434293,-3.181782781829391,-4.769452569320315,-7.675975666171431,-3.776735560125121,-1.8349498676988167,-2.7718418684589543,-7.209563188162169,-1.922285997321946,-2.0858621399264807,-3.3531630916472603,-2.8894204071384806,-2.5203396270445495,-3.8158079443060298,-6.537492316927732,-2.305144404747992,-2.9435198957746143,-3.49145354491539,-5.0805355753596855,-4.705904743708875,-6.35847219771886,-7.887068166248565,-2.864698655073417,-4.534807930019835,-6.924484652138565,-2.535013422956031,-1.471420426287393,-2.168411620324886,-5.686521149477611,-1.3295984868729311,-0.8700597638109,-1.4661316120190802
ATG_TG56.6_FA18.3,-5.9673464679569586,-5.659289031431232,-6.3918159170741715,-7.908216385350447,-6.018134211211252,-6.133016722377241,-6.309110314856188,-8.007323222511452,-6.889568591614764,-9.554212557930226,-10.284946504463724,-6.6530714914335265,-8.075418717525098,-10.994529407258025,-6.6301357035371575,-5.064224193940278,-5.9539853818048405,-9.476792011655707,-5.0848260289879015,-5.290230657355178,-6.047556469286642,-5.1549398532900135,-5.133159783432941,-6.331156700577895,-8.43466971989777,-5.222795195496088,-5.607715124792151,-6.049558727467547,-7.511867553445191,-7.399521881772729,-9.17492941392049,-10.831999546765507,-5.951535109771651,-7.927746669722986,-10.178487806004464,-5.627806410380893,-4.7184490318803505,-5.244135254678329,-7.944252704462739,-4.68150754771178,-4.499738180524388,-4.736882404278002
ATG_TG56.6_FA20.2,-5.2657210396988186,-4.713346515650127,-5.662762559059332,-7.778927523112924,-4.921245382150308,-5.162267030781743,-5.8317885841750075,-7.948920997313758,-6.824191914132687,-9.811743853669336,-10.194828977381173,-6.084151576957178,-7.576546293133318,-10.4892914390562,-5.549293178981362,-3.5843530486630546,-4.996908637940405,-9.019713066092056,-3.9168059957956864,-4.086387087263944,-5.369359253753005,-4.383082332137343,-4.170007003784829,-5.729807606897102,-8.344353946537662,-4.054900505154891,-4.817020872778583,-5.507094792146806,-7.774265638977982,-7.159097094059687,-9.121968424137702,-11.142873702085282,-5.505330457254832,-7.287787318668726,-9.677474117015189,-4.833417613364085,-3.365941830416439,-4.318036513789083,-7.160153550635045,-3.2131756846842574,-2.9907883549583465,-3.7823594191102807
ATG_TG56.6_FA20.3,-2.847299045074845,-2.8045444711634655,-3.665017211239434,-5.471565831142993,-2.641623752013331,-3.2093880219553905,-3.666177390671845,-5.634359830785764,-3.8773577781821698,-6.756728291210982,-7.741220760482761,-3.0953801639888656,-4.75879550478635,-8.183413042112985,-3.0215595323341984,-1.162482796832916,-2.657496480051071,-6.895874933717867,-1.44039205497124,-1.4249173551891934,-2.9379040434312524,-2.0642187842840443,-1.8631552867595116,-3.376967386698066,-6.231503310045247,-1.622613257321713,-2.3468482983052796,-3.556635510111496,-5.203427336577302,-4.82592435548285,-6.635451260653771,-8.077002639802222,-2.78532204331738,-4.5118066035068285,-7.462961412754038,-2.1016453791690912,-1.2283265831259222,-1.9345871627693496,-5.552776484266242,-0.6634264840648353,-0.5208342586933393,-1.2690535495007684
ATG_TG56.6_FA20.4,-0.7775801500459532,-0.3438751627226591,-1.289673768142142,-3.20504026306395,-0.3444400780255132,-0.8178258509807431,-1.28524013415437,-2.647722505952407,-0.8849930630126627,-3.6679470825583618,-4.074525547253166,0.05928204762245039,-2.055059894387633,-4.595632634791197,-0.9909306343586504,1.5346135462460075,-0.16486660877412104,-4.29088453961911,0.9937601473249892,0.9049129329835012,-0.944285271667167,-0.4133550736352609,0.20572175665644415,-1.5166886908781616,-4.112627684532562,0.49111089978948774,-0.3741269693385299,-1.151401667418288,-2.4364747403240448,-2.007377905487853,-3.8146399220215166,-4.694357791560315,0.2984325751488754,-1.9948880781118168,-4.188763713574741,0.4250679134768709,1.6025433876214763,0.5597580241923058,-2.9144163438356903,2.2127237117516017,2.469026403069392,1.248835407082768
ATG_TG56.6_FA20.5,-3.119948588434346,-2.7049554434696272,-3.425279183652326,-5.395817774355147,-2.9461967903484036,-3.231482790767595,-3.0202098436193467,-5.94265754526408,-3.820148977724406,-6.87125261531006,-7.913072048090699,-3.542798993465656,-5.469268687325711,-7.408605564126393,-5.230862736331223,-2.845430220033111,-4.664357606964563,-7.770583342695413,-3.4220832072352567,-3.495803690536801,-4.7964165127252825,-3.428312465553392,-2.4349613542533644,-3.674577744100074,-5.738033916697889,-2.747117256331648,-2.9009751159692896,-3.25418096980224,-5.222288944246289,-3.8993721047909258,-6.266332151520944,-7.740020905101898,-2.8868385296741343,-4.976968645401024,-6.576347896470868,-3.293821094755202,-2.3774592646709385,-3.387101882740534,-5.781506272757779,-1.8826440618697444,-1.8462705023014343,-2.8276728905022295
ATG_TG56.6_FA22.4,-2.4942352030613124,-2.1673010522788743,-2.9145379609033477,-5.29376938421181,-2.0710421815340507,-2.5014519531472303,-2.81510970764061,-4.627286823437724,-3.3762868662469927,-6.04074600623039,-6.4911780764731954,-2.8018559881668854,-3.8525579969129073,-7.155052073373575,-2.714117360002925,-1.1347341486310136,-1.885214810835792,-6.449464362875066,-1.008581913966457,-1.185279327890825,-2.580605848500252,-2.0410672789768363,-1.594762351481783,-3.0100698013008347,-6.069428390441461,-1.423236094646937,-2.149643427764183,-2.8772507982680775,-4.643278942455127,-4.312692805691035,-6.071633450723484,-6.944867627366927,-2.6727700992614243,-3.8536181177230966,-6.221551075166595,-1.6512445716094248,-0.4769118964206917,-1.1251202195127363,-4.842510422439403,-0.5929724319929407,-0.05197852589377261,-0.5727674553193404
ATG_TG56.6_FA22.5,0.13552191463912733,0.4326466689787012,-0.06449471849767302,-2.3311318067170212,0.3811294695093179,0.4489367101055625,0.5296122375869207,-2.0619789943394995,-0.7506568148090804,-3.469630493859964,-4.539998605432536,-0.42559977893921885,-1.5555438031102793,-4.132797974030404,-1.5597367315128663,0.25405956918903394,-0.6088017752016163,-4.624605363390455,0.2235197793012896,0.39142255288397754,-0.8333431658377844,0.28506967392281046,1.0922907510458713,-0.35076476031920906,-2.771083170562327,0.8924317682407991,0.7394432194375025,0.4378602094535465,-1.7804392217615244,-1.397381562118594,-3.148339658072505,-4.760496243154515,-0.04437370895617539,-1.3203570681196115,-3.290391715661959,0.05279598571687946,0.9724771675041952,0.520546895627688,-2.4089449056322843,1.4753940117037758,1.6760782651585118,1.183753434184157
ATG_TG56.6_FA22.6,-0.42333828865143464,-0.21610059113934765,-0.3875608330270108,-2.3348467606049077,-0.5006888041393398,-0.7586199427765675,-0.1356760740189969,-3.001105877591237,-1.8673758696774976,-4.239778037829218,-5.452100514526213,-1.8879588099910651,-3.2201823847104785,-5.376286836685005,-2.393360961120454,-1.124468739053654,-1.4121753886289048,-5.441497645902157,-0.9488390550122926,-1.2230619131631648,-1.7961638306167875,-0.6804897267666207,0.3929475545391457,-0.6402727711083481,-2.7915373010669824,-0.10547111988518044,-0.6398248771934741,-0.14140006635996488,-2.6318917308899685,-2.163330403682443,-4.07868958033283,-5.4541938804368515,-1.335026214540178,-3.135654741531689,-4.7423267661477135,-0.5289867904107951,0.1674821680725042,-0.12203936557826764,-2.471715763694807,0.06856588096398275,0.02055452884087721,0.27166183507300706
ATG_TG56.7_FA16.0,-1.8170375250207904,-1.477200389920632,-2.0200218847013054,-3.9072584754111688,-1.5137117571389864,-1.3377513560994168,-1.4005607555754651,-3.4072747653051985,-2.4298760624055475,-4.862241967228301,-5.8841816359746995,-2.0133482658720996,-3.2874245147240586,-5.6188277437226795,-2.9344105495248316,-1.355693613971836,-2.2849565186617324,-5.1687415706561515,-1.4292023746306968,-1.4508518690043988,-2.375786652151723,-1.4963819875444877,-0.8565578528152096,-2.0731450557116307,-4.606564097898209,-1.0040293444255342,-1.1762011760425308,-1.448563583600921,-3.420123431668252,-3.088309342625807,-4.809458474261823,-6.103266225037058,-1.7283033491593038,-3.1318176375939406,-4.7421285781135705,-1.390319672665934,-0.4942684574694448,-1.195852625008346,-3.6570288383709806,-0.42267015797194907,-0.20607812727476776,-0.4973804782648185
ATG_TG56.7_FA16.1,-2.572701843588052,-2.127547683860302,-2.7295642875155743,-4.988530233972232,-2.2813345938683973,-2.208600136650029,-2.1973769274200063,-4.312872358489543,-3.0515884991863693,-5.819121768144419,-6.3891432287219745,-2.458089112772372,-3.649314119360869,-6.605864881850016,-3.754239577276651,-2.115293197449332,-3.2155412817322944,-6.86891594897871,-2.081710515133961,-2.0675210534754145,-3.4023518718080137,-2.094274648312571,-1.4529033033904653,-2.884483819105038,-5.605464258380898,-1.3897528990583987,-1.918448108632824,-2.1631767005744584,-4.255388922482107,-4.365574959714062,-5.71824906917093,-6.514569635445404,-2.3094165864619165,-3.695729731214876,-5.774894373460391,-2.673470953329042,-1.8828010193228664,-2.4189931559116227,-5.359693202879572,-1.4145489422151252,-1.307613799389021,-1.6428024159296422
ATG_TG56.7_FA18.0,-3.927222505271218,-3.7749282765973176,-4.257272178985711,-5.564795782063685,-3.96798725564711,-4.205510542262422,-4.063856288430884,-6.120505510042514,-4.9985650100067005,-7.593295023029982,-8.338913643141263,-4.870678832154672,-6.472536818548947,-8.561705199375215,-5.411649834302942,-4.3147056398961565,-5.018291085466602,-7.203697884794178,-4.374128104277879,-4.4214871924807495,-4.851978009306895,-3.679915826666839,-3.009654559959979,-3.9965933398448583,-5.876079249462851,-3.4420841523917436,-3.87474687200538,-3.634683850413323,-5.933079653768648,-5.598950936509898,-7.308323668936787,-8.452614700276312,-4.412541800526104,-6.158361289874026,-7.903740008127697,-3.827532610636239,-3.2468650185498453,-3.928455977914901,-5.395292602229849,-3.364168055136086,-3.3818009980960015,-3.1030781758245123
ATG_TG56.7_FA18.1,-1.3410921466268229,-0.9764822331220012,-1.6081416525803482,-3.873769750658102,-1.112809549024842,-1.1332117081076758,-1.116675715604887,-2.975120724529679,-1.679751317233716,-4.4591088562128816,-5.292066894673651,-1.1378238831759806,-2.5927315980296357,-5.282051156528705,-2.53963329015721,-0.5464509338066149,-1.72154874170952,-5.3857077551644705,-0.7102619429215558,-0.8950989987737498,-2.0571461096220496,-1.0521810527765258,-0.4096072285962382,-1.711455904209539,-4.517120328597371,-0.40786629873851926,-0.8146529478581894,-1.0364081868321957,-2.8771834841943216,-2.7705497629562745,-4.313644631476102,-5.5554484689406785,-0.9682391632240216,-2.6315342530560453,-4.534794540528846,-0.8876102434878517,-0.0767724324908892,-0.646166475867062,-3.5106993283164325,0.25534009588789386,0.3860693787082902,-1.4417685123538894e-4
ATG_TG56.7_FA18.2,-3.639502895912016,-3.094599828956405,-3.8730077316099663,-5.859899497229952,-3.3510625366464692,-3.2745241597588124,-3.633119047059507,-5.399879577870201,-3.827796013711326,-6.864341542489927,-7.879730545574218,-3.2596317977680003,-4.626289910978766,-7.498277324019425,-4.5200629111963675,-2.289423078287661,-3.651107950213622,-7.40404757685262,-2.482348569449644,-2.5656372018756075,-4.337477376180612,-3.3374367788256003,-2.7665587026104683,-3.983322867454213,-6.75345935598403,-2.55906009570392,-3.118355222557057,-3.739724468529427,-5.294848492034025,-4.857874097773955,-6.5677093504301505,-7.909997836643221,-2.958548161239742,-4.512478850117857,-6.712964221451927,-3.4361768589224355,-2.1222506856001493,-2.7583820563126045,-6.422768442221633,-1.758897491967993,-1.3027873071474267,-2.1166492079592967
ATG_TG56.7_FA18.3,-5.936321879088397,-5.169740467443947,-6.254384903849019,-8.185724095956983,-5.628378663904687,-5.847076115893082,-6.508796547599576,-8.234229450142221,-5.828172249160675,-9.479494285380587,-10.661303041463084,-6.2152893580989295,-7.857867338468099,-10.404509355302324,-7.172394730468741,-4.954163653521129,-6.036552769331113,-9.645491296534082,-5.417773826632789,-5.564253589657627,-6.726724100562543,-5.5654768653659135,-5.2156436615937585,-6.729300948984901,-9.390126588771704,-5.071892110600345,-5.892362631808627,-6.691081963383776,-7.786582153928475,-6.659167510241766,-8.684610307576595,-10.070441376693047,-5.9133547429672415,-7.781988073893175,-9.476252798616786,-5.790937127404587,-4.7158575647223255,-5.437945981985897,-8.45721425606257,-4.40966034915675,-4.257528858633283,-5.023810875391796
ATG_TG56.7_FA20.3,-4.21239200011414,-3.688263077828447,-4.941566321670377,-6.945071763351315,-3.7805494373879074,-4.084557057149408,-5.169054419010455,-7.561767444848787,-5.266844061780992,-8.584755101342633,-9.186139207586995,-4.506311615823225,-6.415493961295785,-9.421929286171949,-4.911282902342649,-2.2679654435128778,-4.143805075005715,-8.132970935223979,-2.754818252003725,-2.7436587906357532,-4.9222096363419086,-3.5885760269703084,-3.4276167631044427,-4.977848200021418,-7.848274100619226,-2.984557034901992,-3.961033101607675,-5.155342223888824,-6.877278851572664,-6.133688471921872,-8.394578493738146,-9.489202777222374,-3.850237718955355,-6.184778909083906,-9.123508086480149,-3.725476969399688,-2.121489557758111,-3.3777517755764737,-7.051235092326179,-1.572062789100287,-1.337130036869029,-2.9137768071038317
ATG_TG56.7_FA20.4,-2.661501983159799,-2.0046937263600553,-3.2425295543807113,-5.287041005896666,-2.1306229611770813,-2.599982408886605,-3.3338099375243555,-4.967962019525695,-2.7623834771736577,-5.875007336711477,-6.655336199123969,-1.5489259487920026,-4.004904180005402,-6.767725637228335,-3.2185352948668124,0.01792299044803293,-2.075743333688309,-6.564633643021472,-0.6647988736079239,-0.8289919772395736,-3.3457943284215585,-2.6340347200977834,-1.9656065816108927,-3.420359657802512,-6.34886509993808,-1.5297002321523432,-2.3685524543541394,-3.549009148442258,-4.545783363111737,-3.7246133037686024,-5.774674899096943,-7.002800702797813,-1.2701328886605452,-3.8387377401141847,-6.363064058970271,-1.9189862537331577,-0.1070072712441982,-1.2830808843030888,-4.965764107054866,0.36695040459475325,0.5715974934435388,-0.8135696064313146
ATG_TG56.7_FA20.5,-3.3441024715837036,-2.887392409082944,-3.6778508683421434,-5.659391438427715,-3.106963302524691,-3.051529584161556,-3.109704390088736,-5.140040008731759,-3.2361857657884903,-6.270959594118702,-7.045077267730428,-2.4211940723350147,-4.301558605117148,-7.036840934527907,-4.585610427753426,-1.881948112285477,-4.159811434784074,-7.604957464738005,-2.6293525691586273,-2.6528316972666284,-4.605959274958996,-3.325168017838904,-2.495571623199711,-3.941145462400834,-6.214192841298068,-2.311909497088368,-2.934527473982445,-3.5046162560208143,-4.815723429691178,-4.364486520976179,-5.974600264404886,-7.20920142780271,-2.1631374272579387,-4.400400548228059,-6.415023359613938,-3.1864185616269465,-1.8803502904688167,-2.93152364703885,-6.023171020623701,-1.2403354666633748,-1.2281871786767746,-2.342643668139455
ATG_TG56.7_FA22.5,-1.8195064433255017,-1.4026106972404035,-2.1083311245507153,-4.280378249766375,-1.534573326237787,-1.3882583262171129,-1.5269949154136524,-3.5190293246175597,-2.121687128941649,-4.8332133236611154,-5.624669462392893,-1.5692383378207997,-2.7353618316739787,-5.785941692753543,-3.0035859805931424,-0.956047089888262,-2.357955069177855,-6.114145778214676,-1.1823167786703883,-1.1333874487804547,-2.8549041471216285,-1.5536843480550728,-0.9146946792147224,-2.1740839136188237,-5.3580471616813945,-0.7844885792618712,-1.189870539599447,-1.634827677313451,-3.493646436952128,-3.30948705086052,-4.90104795843276,-5.782725154620415,-1.315833791424982,-2.8132859071795813,-4.826481444586862,-1.80015868977401,-0.8297424564904402,-1.5129932538322155,-4.595740556799459,-0.4702015491729476,-0.16833036043806862,-0.7991550734294387
ATG_TG56.7_FA22.6,0.8688943125592722,1.2042179708101275,0.49588853536203936,-1.6575671976489492,0.993245742102112,1.2764504660474962,1.377087726257221,-0.8000866706602625,0.29797246281227807,-2.3092942612749163,-3.5000253290722827,0.6041840323877418,-0.7200113513820229,-2.9617393883863103,-0.4967344354405247,0.8945464204238673,0.3100725755014506,-3.4016169264901897,1.0753740530461509,1.0394648462408662,0.21703211968324895,1.0734510071202226,1.796224547364323,0.43528918929115806,-2.0840372797701283,1.628446856315073,1.5565450077205585,1.2662570557651065,-0.6780617234377567,-0.4678173894527481,-2.02744847301856,-3.694535806920615,1.0382033092998304,-0.5036715732138592,-2.413388226321702,1.378569130812692,2.020936891134056,1.4466419312271337,-1.3383979331198237,1.9676742233804203,2.227863851956998,1.9942651408681296
ATG_TG56.8_FA18.2,-4.37584589590473,-3.967060115642244,-4.692893712487201,-6.758707525907719,-4.38891307951698,-4.195311009076304,-4.575069994276411,-6.078113804475689,-4.697253903552738,-7.448637954316156,-8.453388041921716,-4.308919577501569,-5.419884156851664,-8.181689301164182,-5.677472524105605,-3.3819823507323847,-4.861367524820626,-7.666031222370686,-3.809092055978351,-3.82574127062568,-5.077972937531354,-4.077574044667812,-3.622585655045383,-4.828283443464719,-7.588224191812079,-3.606643514260157,-4.027854899868876,-4.639157365196161,-5.724383593343122,-5.680836392967805,-7.178201434319114,-8.619540464463627,-3.8524945456634936,-5.465331703765218,-7.402139997717644,-4.337587961731227,-3.2455054632428233,-3.886103246929964,-7.229073498821267,-3.2060840361458087,-2.801860124230476,-3.3961414073836287
ATG_TG56.8_FA20.4,-3.7089986370002266,-2.9794185618878397,-4.2382682182107,-6.502171542400714,-2.9401523784695915,-3.541341254833282,-4.475840947513648,-6.685732629139436,-3.880936128684313,-7.333294453002101,-7.951034101890273,-2.7061048890886603,-5.323281116636014,-7.926602247504168,-4.711650539978899,-0.942882373326102,-3.3754370793931545,-7.868660473387878,-1.6386819516592794,-1.821799497869136,-4.803179523887079,-4.286852977242568,-2.971932134295315,-4.736949802654757,-7.593683580822137,-2.626923635867475,-3.6693965019852657,-5.156597273360441,-5.980357378417624,-5.106642060675727,-7.068182047904573,-8.492642083271955,-2.2139454542802812,-5.1357909890667885,-7.627518308811362,-3.3708753953144943,-0.913901822208151,-2.3385060313638157,-6.6502026026784575,-0.22919380622211497,-0.2160151553928596,-2.251748709962881
ATG_TG56.8_FA20.5,-4.92682880786848,-4.35347994246653,-5.241270872190566,-7.211773830939245,-4.378269029332919,-4.788271249325441,-5.184951159608588,-7.032882592923785,-4.952268209494581,-7.857926874366137,-8.958133768063483,-4.064141795383631,-6.068709963379934,-8.542658112358518,-5.731934949610805,-3.509744059876225,-5.273406777963666,-8.324119401491954,-3.866089163551133,-4.023216465399783,-5.524754061891601,-4.877389972376544,-3.9772163517285866,-5.456576711616545,-7.508044356515338,-3.932391822768494,-4.662432491659391,-4.9566339051885535,-6.4741461336860135,-5.854486537893804,-7.63433593838151,-8.95261397923095,-3.668736238777258,-6.127931173781559,-8.38904665231682,-4.427641512242674,-3.291144265712852,-4.120451299839535,-7.159263703806034,-2.8160556994540413,-2.8150141042397605,-3.675094484187525
ATG_TG56.8_FA22.5,-4.412667970082226,-3.8928861211898207,-4.482816181191394,-6.790054390172613,-4.156438681930798,-3.900475535871454,-4.297757972900535,-6.322673087962665,-4.732533270734391,-7.456309799805377,-8.735326068742497,-4.3529412746001555,-5.5839426853539385,-8.983277039088303,-5.98452317703291,-3.863527654195444,-5.2536094994831934,-8.64134478239349,-3.9614944783462103,-4.114123037966472,-5.824295835303552,-4.223363764734083,-3.4013267172642396,-4.832420532271215,-7.911624148937905,-3.3781979552430568,-3.8674201246806352,-4.391151430539096,-6.096094702024358,-5.632919956601927,-7.275352146500896,-8.873670172818827,-3.915192457859741,-5.6206698672667095,-7.780107843665426,-5.004622989887455,-3.6069730681227945,-4.452434937838301,-7.426446648756017,-3.547954766927603,-3.177904813579242,-4.197253372883088
ATG_TG56.8_FA22.6,-1.225048865157808,-0.9975549275370154,-1.3903779927670696,-3.77889098725813,-0.8748056356109506,-0.8314435233918245,-0.7824343076919691,-2.5137093309736405,-1.1344586737839946,-3.786267401482766,-4.549813389748553,-0.8373041992212223,-2.174663720352917,-4.736141570161114,-2.3764803805146695,-0.5363540689594859,-1.529587562283663,-5.261763659390831,-0.6046159261485273,-0.5814650239075523,-2.070894790701521,-0.9347940632903295,-0.13864306293865347,-1.579648768619386,-4.797072363305667,-0.3161282725527889,-0.5334493754134007,-0.7836314072903293,-2.3446325525511496,-2.607364016444853,-3.871517527834708,-4.928888603744708,-0.6743660505294062,-2.240670191333024,-4.138655728485313,-1.0238374419028191,-0.07374652673223442,-0.618324115293968,-3.796725601959244,-0.056494091767197,0.17491298682455925,-0.1415314808780151
ATG_TG58.10_FA20.4,-3.857153627633645,-3.1012695923042153,-4.015664518955166,-6.733996277252977,-3.1321878766167774,-3.3867947894521975,-4.009228974912916,-6.7184514590422255,-4.181402778331123,-7.726398618733501,-8.32112398675282,-3.131021857184523,-5.430667141978757,-8.095151992880016,-5.421394293124113,-1.9966573273139945,-3.974449373785207,-8.207902835568573,-2.270332770451952,-2.6902292970246915,-5.146053159720506,-4.3823446517010805,-3.1008586076368245,-4.855407455897279,-8.239535480967325,-2.7546932585202213,-3.482788041659037,-4.477810163405856,-6.19159318966026,-5.180670383793171,-7.599720278315321,-8.933185224682509,-2.72758742512266,-5.176507745404853,-7.318032115966381,-3.821402673281302,-1.760215261811461,-2.6419291940857565,-6.6794054098169,-1.119960649345784,-1.1589154307117304,-2.5867613041886353
ATG_TG58.10_FA20.5,-5.261038904432837,-4.700315800179814,-5.445358639386652,-7.733161441855974,-4.608283812842485,-4.7300346021247,-5.103592155059623,-8.092328504041387,-5.337295526068944,-9.244622010803017,-10.092588838960058,-4.872410540159471,-6.8397217765213645,-9.476649182217464,-7.472666643784357,-3.9046051034944607,-6.46392071411656,-9.928269534465372,-4.878863967139838,-4.973205449678459,-7.426032507956973,-6.157300329322116,-4.878536037770567,-6.162392381664548,-8.522501754355632,-4.280776835402101,-5.034456397930508,-5.880581354815381,-7.348737127798424,-6.833492088742311,-8.464877885812726,-10.195546899058897,-4.278535635198469,-6.467889399859765,-8.458442366018208,-6.033839027829064,-3.852709872297248,-5.0522387373239885,-8.596530633702065,-3.4669015258111235,-3.4008577904913007,-4.977833790130569
ATG_TG58.10_FA22.6,-3.2932524649460397,-2.5962872946181195,-3.4057471213409,-5.911988082861773,-2.55548630626433,-2.5205063308643796,-3.050536443904337,-5.806427831361094,-3.642792268236112,-6.726746263787057,-8.092895364316666,-2.971004266863938,-4.652293794241469,-7.733262755736491,-5.061932559047443,-1.9910515719258892,-3.2827940086831804,-7.7047702499724,-2.091080606378026,-2.253597602322826,-4.218757386148334,-3.7834593402784056,-2.532625640088897,-4.272949574271561,-7.362545607909649,-2.2027947927635263,-2.6896150238855285,-3.5530372259111145,-5.1398861877232145,-4.592983439649358,-6.575049839342112,-8.44899860097931,-2.4031615100163695,-4.554789221287877,-6.572068110665479,-3.419116042776654,-1.5557569645844642,-2.2733788768509635,-6.129449420782785,-1.2461896537313062,-0.8934930974260245,-1.9835263445068645
ATG_TG58.5_FA18.1,-0.9492786704235489,-1.122441347965548,-1.3055067449963955,-3.2377406973716454,-0.973135838843984,-1.2970969572482016,-1.281638268549466,-3.373537462142533,-2.8236278722671373,-4.948804927544626,-5.732519284117134,-2.234832700209415,-3.250422381283543,-5.746584351546757,-0.7077257630349264,0.19624974672799012,-0.10586083102506008,-3.748350496446734,0.2717060947020613,-0.13591163295767855,-0.4171409313473745,-0.07608813229788321,0.08305135190435477,-1.2295434838995385,-3.651078229089949,0.362655370379091,-0.5342847871792777,-0.7114686539144347,-3.2773219838494314,-3.220573783351247,-4.761255118199741,-6.017434492256979,-1.8458193556191864,-3.289465849129849,-5.3650682843893955,0.3466828028279485,0.8955761558001046,0.4566288965583152,-2.152290261418514,0.8538150691952141,0.9539683411631378,1.3509125482330782
ATG_TG58.6_FA16.0,-3.1939765480982034,-3.1392471144827434,-3.4345824382932575,-5.504732907784875,-3.0883356041865513,-3.3302067531289423,-3.1147425016031627,-5.43992899763931,-4.983808961505715,-7.011000107243456,-7.753630115962696,-4.3688137325331295,-5.5291475985239655,-7.552090769424596,-2.5090886698310415,-1.4771953099145894,-1.5068699284173368,-4.8792992920113365,-1.329598275704478,-1.7694054720702406,-1.718050678957192,-3.3060902766604796,-2.722798785047742,-3.748271070983764,-5.983791332897665,-2.6670329946969304,-3.16804485341151,-3.169702925882153,-5.218086637984656,-5.079952026094565,-6.460882916779186,-8.56299790047236,-4.057951123010965,-5.340993782323195,-7.032718094418403,-1.1698271818999115,-0.5834448489184407,-0.918892726859824,-3.3538101439260037,-0.8767186812553394,-0.5631838245290036,-0.1983427611844351
ATG_TG58.6_FA18.0,-1.486896860499749,-1.3053036159564844,-1.4326100508528627,-3.3839956568884726,-1.238878910070082,-1.5500588690370372,-0.9256751806753056,-4.33064294215398,-2.793866436857583,-5.541306019637984,-6.64483715195026,-2.5913369437239533,-3.634005442930764,-6.423228711732877,-3.2851288903137665,-1.8151310777635012,-2.3315777786431102,-6.504935561519912,-1.788814317278652,-1.932936007642584,-2.5094095605529247,-1.715403462860054,-0.7145137302414003,-1.9392120267952473,-3.968498467402831,-0.8625664234386188,-1.2346447033593897,-0.9433531415234796,-3.455195897247283,-3.040794075322351,-4.899514392892465,-6.907345469681399,-1.9728420648311795,-3.340952197291627,-5.381195642025924,-1.517238552783586,-0.8622422516635598,-1.3125557327995114,-3.966625695309753,-0.7009810320429064,-0.5451391786257979,-0.43807252837384975
ATG_TG58.6_FA18.1,-0.7224028067082137,-0.5256699816007421,-0.8221804566750256,-2.901698435196823,-0.397752059751872,-0.658045902181361,-0.4048300133227683,-2.845973996796261,-1.7149030836698913,-4.348283275525255,-5.212561865139331,-1.2268062362451175,-2.3468248710954662,-5.280646404075896,-0.8883385974588862,0.4676543982394221,0.1570384541621225,-4.245699134916095,0.7456741221765188,0.28375305480978863,-0.4089977237657188,-0.3884190389969476,0.16120415309725852,-1.098937409812862,-3.6811809980183856,0.4036739714290672,-0.32443348461615507,-0.3580679515863987,-2.633352720721648,-2.7373718448816535,-4.006446779478944,-5.541586862540855,-1.0071538051652469,-2.176735653186093,-4.4525002934287805,0.4863918256666944,1.3673878484199424,0.8449664477870191,-2.1616622154812704,1.3553585584560996,1.745112550958114,1.6532518730661765
ATG_TG58.6_FA20.4,-3.235333220799267,-3.0331262940650805,-3.8471907217148527,-5.72614190683257,-2.8949089829348367,-3.415389368099949,-3.663157675439606,-6.212984402617005,-4.812300767104409,-7.300433198246175,-7.876772735236877,-3.602957507781682,-5.534086987541738,-8.134009082833234,-3.60636001348547,-1.3996539748405734,-2.746142998337611,-6.916835812357019,-1.5228329221868755,-2.0305360601836213,-3.186885142039894,-2.781338416500817,-2.5010516876362985,-3.8401793987888535,-6.444999213497753,-2.144658140421309,-2.8360926471757457,-3.4537489653122475,-5.944396584457051,-5.571034472382461,-7.47600127843692,-8.301865830859796,-3.475941160176824,-5.483991611077482,-7.517558548101305,-1.9997494853140931,-1.062468614203166,-1.919861751209088,-5.249043009774466,-0.6023111777038435,-0.7299644838731636,-1.3312612277678375
ATG_TG58.6_FA22.4,-1.8511422932325092,-1.4872811290968109,-1.977450867014656,-4.45041828174336,-1.361476184494137,-1.655407258606777,-1.8518584205098985,-4.229262802734781,-3.0318497148635273,-5.534252429011169,-6.216120034079246,-2.356738125209636,-3.395691044182862,-6.676184967052643,-1.845639333187974,-0.4337264893708937,-0.8170646896513498,-5.760844768524269,-0.02364092212887454,-0.4302305779278899,-1.492348472156931,-1.3276492268184623,-0.8261720405232753,-2.3560747077291677,-5.3788284091113,-0.5784030347832028,-1.3176149754790865,-1.7461767102356331,-3.9476939700527742,-3.8736407165022086,-5.390761286557486,-6.891026278095149,-1.9676651347587328,-3.3609199431530405,-5.942310989365182,-0.5266926242874639,0.474851958740465,-0.11008424694153598,-3.503559400775517,0.4918846248014857,0.8858867265756326,0.708350527240909
ATG_TG58.6_FA22.5,-0.8345585788695039,-0.5887164193265638,-0.6947347805932738,-3.004923432487316,-0.6593747707549344,-0.7477255840823792,-0.2222105986356718,-3.6059714797811897,-2.338950923015666,-4.968252756253374,-6.034226980022745,-1.9393978923998512,-3.0938288446379576,-5.778013591291414,-2.810052674253559,-1.094433344396501,-1.7188262926339983,-6.1045315127045185,-1.0140961766333831,-1.185483386819192,-1.9875396155650007,-0.9298203371606442,-0.1521468463299617,-1.289506668179401,-3.4748858783968255,-0.13686488217288223,-0.42008519272880895,-0.2801622339285381,-2.989995128051549,-2.517362110082438,-4.437690064898044,-6.411571188097422,-1.3705625843124796,-2.704567998994747,-4.833689735475774,-0.9766968500789308,-0.07809772618098365,-0.7103591092419278,-3.6979513135871938,-0.08612201560901704,0.1506511707112789,0.11632121786105463
ATG_TG58.7_FA16.0,-3.0965313143754885,-3.0482818056022736,-3.543325835346288,-5.125752634762855,-3.0036024259726757,-3.0763119677901396,-2.975298783790537,-5.669474011009878,-4.849092622673656,-7.141621210819657,-8.13823817298949,-4.54117429598949,-5.726878448872301,-7.837445453187089,-3.0403552017932323,-1.797752387894229,-2.1572507472802807,-5.1718574085579725,-1.84968480260992,-2.172091124839189,-2.201233752216708,-2.903919194134412,-2.468203374669524,-3.500960739185136,-5.642584351420713,-2.45355953443541,-2.698734327863996,-2.8866362608834195,-5.53509274022605,-5.259547188542205,-6.66057818607365,-8.011064209039878,-4.021287767621433,-5.453270005814017,-7.471723146485076,-1.9290179155833929,-1.084840235884566,-1.6207707231617146,-3.8003208594813302,-1.2718128656186147,-1.0799409558414934,-1.0850500491412278
ATG_TG58.7_FA18.0,-2.537844604809696,-2.2728567789376304,-2.5836070886760405,-4.538946022645736,-2.3596791065470466,-2.5179727783820463,-1.8499328794066157,-5.041830749947471,-3.650835080569364,-6.194685022284027,-7.498443553123004,-3.1466707738333435,-4.6500870003047465,-7.079614669398846,-4.384426385896906,-2.6041960804162056,-3.370799599677951,-6.744904959400541,-2.697965168314144,-2.667757820471502,-3.339580271886668,-2.65239814236697,-1.7212254566444385,-2.929660201853965,-4.9726961065123945,-1.8741259657898532,-2.090475797867253,-1.989962065279893,-4.201767351221472,-4.013354299184554,-5.858391261377348,-7.582616332682987,-2.513229895381198,-4.1308001612878344,-6.235872076834456,-2.392119356015266,-1.7246997719496744,-2.247906886553735,-4.729643140162114,-1.5110119156179356,-1.3705319813322032,-1.510757343409213
ATG_TG58.7_FA18.1,-0.7382062894528918,-0.4830064765351944,-0.8314236137983565,-3.0892082907654923,-0.46562650150784024,-0.3633480126532821,-0.07941259995681343,-2.642360010476902,-1.3632700300408445,-3.860903947108355,-4.8749451627425655,-0.741294870139539,-1.794839580010746,-4.797030134240151,-1.5208948825933415,0.19561504531929869,-0.5530506741699351,-4.7846438888314475,0.21419551760337072,-0.1127535841754388,-0.9202587232292896,-0.47956461034866665,0.1830696804678056,-1.1352606106731582,-3.9895839640912136,0.4829811842474286,-0.04241946152386184,-0.02871916011739359,-2.256067027236813,-2.5197620426175966,-3.878374334458783,-5.381819481050417,-0.47656106444024054,-1.783245249704287,-4.1114419711069425,-0.02002427934910251,0.7083280277065142,0.14983858955921645,-2.703610147380274,0.8839214881828348,1.2605119013514634,0.8392941771566286
ATG_TG58.7_FA18.2,-3.7831596116509374,-3.61200736096088,-4.08808803143945,-6.323660502306471,-3.805647794353204,-3.744278612012429,-3.6566615242468368,-6.092635882369083,-4.684275042384253,-7.378533315886497,-8.577465103683764,-4.101161370951477,-5.007978589383808,-8.293847210319065,-4.39645604262076,-2.516802340808172,-3.048077097312783,-7.624603584494114,-2.3646721227930287,-2.5989645552485188,-3.682216229741567,-3.650951277298947,-3.28985376549113,-4.304706561452423,-7.232842902876737,-2.867630336951228,-3.4835181283100645,-3.787452566257408,-5.619846488395443,-5.120391641082379,-6.941789547618248,-8.65235829489356,-3.4540161677941152,-4.830071456290829,-7.105646712851895,-2.9823912569514013,-1.9682550522543008,-2.523670969716737,-5.953833340203508,-1.850280169642835,-1.274099759590532,-1.5286897836575075
ATG_TG58.7_FA20.4,-2.909013073379694,-2.5460734298323286,-3.4352914263498144,-5.556878825889426,-2.5440694672825073,-3.0448943678653295,-3.506601705623191,-6.24212372852968,-4.158841173645776,-7.134975098730444,-8.124553966797574,-3.073329565658298,-5.240749541948302,-7.910489198291058,-3.622831941589922,-0.9536786739117508,-2.680082153175658,-7.356324883924344,-1.3239368560054905,-1.6516170447848526,-3.404939187908374,-2.685637916083805,-2.380613651813567,-3.6907228326445702,-6.344878055118565,-1.7924588752070305,-2.4675609025465333,-3.483571692201067,-5.7189406319648,-4.479310726084722,-6.80281753298656,-8.47825630438789,-2.3707075512185276,-4.811877750589216,-7.335873870478713,-2.2737208364157717,-0.9275222636963456,-1.8016207790248109,-5.527946150853233,-0.372329747276221,-0.25973552626925417,-1.304573655473402
ATG_TG58.7_FA22.4,-3.5809355254689255,-3.199911591421032,-3.8171772395135233,-6.341366552085093,-3.1236670612598836,-3.445166367484926,-3.772867509391363,-6.232785082822816,-4.663450370377584,-7.478684924250528,-8.500795032615693,-3.991247818171432,-5.000272127168178,-8.693955681723324,-3.905257569894471,-2.053390412048536,-2.5937858141757593,-7.619062192229899,-1.684566202188872,-2.037660887883027,-3.5494623463243355,-3.35797664504749,-2.931023249048396,-4.3420903005542835,-7.450417903462593,-2.533494770482189,-3.180263765480273,-3.972213962014126,-5.650935215896222,-5.404848990088925,-7.206679183441547,-8.873842856335465,-3.500981736820966,-4.921478315935445,-7.599096833191542,-2.667553307165263,-1.303609071976818,-1.8690949124935712,-5.387991897711165,-1.250112742138547,-0.686108721860551,-1.4428137519705395
ATG_TG58.7_FA22.5,-1.0831143679837023,-0.5851156225833329,-0.9744753941156352,-3.5005227853961096,-0.7050226199978431,-0.5644793280850163,-0.38293361145934623,-3.0772408063950665,-1.6215095696257522,-4.307276112644642,-5.3227774032484625,-0.985072570919052,-2.097407685898249,-5.142389508518446,-2.0638068874445343,-0.12933938550192708,-0.9122290380284336,-5.49699867945945,-0.095663069407744,-0.308729891827619,-1.4739450127327718,-0.8009417324880996,-0.06557917976981102,-1.3447619229591543,-4.5932362277476955,0.24806054762671387,-0.1772801386316377,-0.3080820413136408,-2.710282821797688,-2.558730657580932,-4.214658536449299,-5.572542475240343,-0.6340961783511041,-1.8959620206326644,-4.451301220280518,-0.6494363532939971,0.29897957042003376,-0.22439427209589696,-3.4989091530446625,0.5588332434408443,0.9936254459861804,0.5567562446450942
ATG_TG58.7_FA22.6,-0.3172587515037603,0.2053206719584552,-0.0437993591126758,-2.363172703037762,-0.02226026172804272,-0.06431564116134265,0.5755065975555241,-2.5209426305440186,-1.3662959156526808,-3.7684142959911826,-5.060373638582252,-1.0447056012262543,-2.260055029883052,-4.689195603857172,-1.96445285571554,-0.4733614884795594,-0.7388286574061851,-5.054037281021064,-0.18140726753529035,-0.5560889519618009,-0.8079173520199551,-0.18961016169067196,0.7640468048001463,-0.5297116318641801,-2.8965019546905277,0.5552376327613583,0.3974757376278999,0.6229061215590548,-1.9982486708990377,-1.5701242300730158,-3.497568532150771,-5.332208285283231,-0.4340969736852035,-1.979546871331084,-3.7515065865832415,0.02029023074556377,0.6509416206458378,0.2062887595808159,-2.57809161804281,0.6584794065530122,0.8097625303719999,0.8930946821082084
ATG_TG58.8_FA18.1,-1.9892538560891395,-1.5560348716765389,-1.8240313353226385,-4.05787891064002,-1.3661313567822344,-1.546299666938514,-1.276393645192446,-3.30811280263054,-2.195177237947379,-4.730857533587228,-5.37320472672966,-1.5283233223869055,-2.781860898881017,-5.716546683983947,-2.501684785903274,-0.6909209594717086,-1.3693342204995465,-5.01862032875786,-0.7909526770686074,-0.9887765017734408,-1.986061321535812,-1.4803364555726886,-0.8559551963841987,-2.213815192370422,-4.908400470574398,-0.48564760294580744,-1.1083695391881525,-1.1323873560644175,-3.0255205100900415,-3.523934860857099,-4.684921380439423,-5.8977227072135054,-1.2522354200133572,-2.831150348901573,-5.0668148821783285,-0.8920568253725161,-0.1926374816426795,-0.7806577740692596,-3.21112509652642,-0.12569696478717018,0.10188653941953978,-0.03116501781710831
ATG_TG58.8_FA18.2,-4.021378166734859,-3.5282132381556464,-4.079103620859891,-6.6180736969028615,-3.8280602862733537,-3.626175889868571,-3.60591948422878,-6.1562523130636215,-4.440593076702586,-7.273553710807457,-8.370445468354287,-3.7299854436009463,-4.931342586915977,-8.047138746828226,-5.067099392340353,-3.0436768462231014,-3.813799017854925,-7.9202589548938604,-2.8613328349301854,-3.011694573287781,-4.171463270897097,-3.927131194048759,-3.062869409547997,-4.532002866503167,-7.610147643912255,-2.8351242639592176,-3.415284662786415,-3.607853156845719,-5.536388346578758,-5.468455578709977,-6.856658940001599,-8.609573762470914,-3.1095521503836987,-4.6794439569961845,-7.341758040860376,-3.802917284222299,-2.430768309258994,-3.0306309568949934,-6.078977515044988,-2.3685412761445974,-1.9292608200534749,-2.374080430802359
ATG_TG58.8_FA20.3,-3.3082600460038725,-2.9618663295757184,-3.6813775443641825,-6.172497045816837,-2.8728120331653204,-3.23132493224735,-3.858385745255213,-7.056542032327908,-4.727471679216226,-7.877176485589771,-8.86762380452877,-3.7394787271775978,-5.796486543498389,-8.940172874228166,-4.681698222957626,-1.9280919113988744,-3.60708483942264,-8.213319391881123,-2.3626834541795807,-2.3961989836326176,-4.799573425746686,-3.2824739074235265,-2.5350273554600493,-4.100410349899808,-6.98297425623242,-2.2520594191121552,-2.96510161116391,-3.9756127149657297,-6.50096308722973,-5.62656620202506,-7.747321550497553,-9.07668835719838,-3.25040647713064,-5.507830075701986,-8.189983702739381,-3.2924250222699345,-1.8244520990564477,-2.7009512028252773,-6.989302909524548,-1.432854298458613,-1.0019512416890957,-2.4899015784273764
ATG_TG58.8_FA20.4,-2.695388024494131,-2.147903936752744,-3.2343338898692364,-5.425393308471816,-2.0252874413084716,-2.511019425376799,-3.2819823248393885,-6.07977986724324,-3.304265779624544,-6.451317961924928,-7.491459917584823,-2.094259814459118,-4.601682707445006,-7.636986741051551,-3.879378417642679,-0.3667611275554923,-2.318336485440754,-7.376627863675492,-0.6860910669017749,-1.028832444585415,-3.4777128059178706,-3.1500924131260435,-2.2500339697111578,-3.7444585039932248,-6.731456030825575,-1.5396894484082124,-2.536418708322957,-3.7521965160567543,-5.435800936400853,-4.016913459938485,-6.503317852554107,-7.752261133066554,-1.5380284452807358,-4.191109690930512,-6.682013449498228,-2.156234012581141,-0.03050545667570389,-1.164334241198609,-5.261022119269467,0.28819170007517475,0.591133540409896,-0.9073992443458968
ATG_TG58.8_FA22.5,-2.8934017042143445,-2.4179845407182228,-3.0842367116498064,-5.534890531422468,-2.402780211793752,-2.2534174040551607,-2.5997159104037975,-5.365250895857122,-3.450122060632651,-6.251878420478549,-7.469710375486506,-2.8828175286903313,-4.143620087454304,-7.277160325777157,-4.138873215121551,-1.811292351341472,-2.9192294164393364,-7.526951152635361,-1.785573769023381,-2.0084281347686033,-3.6857239378227793,-2.9290396302719826,-2.162513704598863,-3.4831328895925706,-6.830368175630299,-1.8169050656854775,-2.2758134750802252,-2.840722469508126,-4.783841933646037,-4.179638583069616,-6.222333477775927,-7.967875458759809,-2.2718039783286086,-3.736963783693169,-6.373880379626745,-2.9711914571847267,-1.4152107492098844,-2.04543438343194,-5.6449095384620005,-1.2892759893829546,-0.7975539668022147,-1.544949327002287
ATG_TG58.8_FA22.6,-0.296903058760019,0.06750761116845826,-0.36028227626295434,-2.7168174496731914,0.08601516229026485,0.2133882889508553,0.5872588342859062,-1.785211630737917,-0.5653084143759454,-3.108524710705176,-4.129443675365842,-3.808187403821765e-4,-1.355795645268425,-4.0964079806213185,-1.133325318113826,0.4869785209879132,-0.05880816560112689,-4.446503104375838,0.759895886552293,0.49732960871175513,-0.641814054435164,0.05836569887490003,0.6480664112892267,-0.6056514450327105,-3.782544151550913,0.9268265945824566,0.5833607063567031,0.5763814451306626,-1.4651661483907357,-1.857793460840882,-3.0928841763537447,-4.564506377838675,0.28548887438820025,-1.2398916993327846,-3.4071736257497265,0.4142478558192666,1.2465822863667786,0.7108080889299617,-2.5756011770528104,1.3118273766313862,1.4321318325104682,1.282111244180984
ATG_TG58.9_FA20.4,-2.9751163214905723,-2.212985834502923,-3.195198844371277,-5.562424379316492,-1.95973725764491,-2.3039727572421698,-3.1502705300327465,-6.031498112802593,-3.375393262694405,-6.641444750717782,-7.574572629319495,-2.1928667413719527,-4.631156333823407,-7.441317775216709,-4.416079426725671,-0.5525554946566147,-2.824870842952388,-7.992979719675867,-1.240460110796884,-1.484663204930042,-4.307748744933658,-3.337732279281418,-2.2438281902766275,-3.9070907531645784,-6.760593082082042,-1.6943966558665684,-2.6578703069481566,-3.527546810845684,-5.469481157874719,-4.227677221312938,-6.533572561419714,-8.129471583979127,-1.6013121944536426,-4.2194071769705195,-6.534102841272008,-2.8671147823547183,-0.49820516608355814,-1.750867522647554,-5.975202879264527,-0.2184704056735962,0.11295493622810754,-1.7199892142301028
ATG_TG58.9_FA22.6,-2.3023299648474325,-1.7772566813963946,-2.261722652470849,-4.832982498674371,-1.8106664195262137,-1.5340508701344624,-1.8998647644415907,-3.996632252356178,-2.3691259905109945,-5.276804384962555,-6.643885010086025,-1.7784259556294737,-3.2327945927023105,-6.357880950117462,-3.348467767215598,-1.094180567465268,-1.911748460497273,-6.526356423021813,-1.0818308873548106,-1.286208146881514,-2.7588874106571333,-2.147398199621095,-1.1688109987943105,-2.772190211348157,-6.008565248445505,-1.056253220982094,-1.5849575377151082,-1.998583896107928,-3.545093681322403,-3.5833712922178087,-5.059667827976849,-6.723573455282784,-1.3874062934098177,-2.9756575003348775,-5.356162762695498,-1.8500080543748905,-0.6078683844596541,-1.1001429183045697,-4.588695129711229,-0.5459329552998853,-0.19922148997834185,-0.8817841271691115
ATG_TG60.10_FA22.5,-3.418960687848861,-2.811867872451997,-3.1142275923520986,-6.343956938407494,-2.653152538346799,-2.4632604585826776,-2.82502210584116,-6.225380055740873,-4.638952265881481,-7.26982828232939,-8.757963256033515,-3.4592830838962105,-4.8637868555077475,-8.135867362484232,-5.590276992572402,-2.567555361218645,-3.835738660693292,-9.18140329283662,-2.569105761451653,-2.879025884142643,-5.04063870538842,-3.842802263871164,-2.7299228303788112,-4.182077212685723,-7.57993789275262,-2.146844680112498,-2.6514704312336264,-3.244839958681622,-5.59147547275146,-5.006335506721071,-6.823747327264797,-9.06675527066798,-3.0381944288543985,-4.482962973253464,-6.9310006427948805,-4.011961518698763,-2.047679089427428,-2.8390524528602596,-6.847988818761842,-1.7948252575098769,-1.2501399071949757,-2.375119110288238
ATG_TG60.10_FA22.6,-2.8050383391492577,-1.972372168916536,-2.57602283748552,-5.518624313523441,-2.0231780788575513,-1.7396674062594462,-2.2904090977701936,-5.29382184182508,-3.3999076271126136,-6.485209952359897,-7.809210730955285,-2.5981718495066515,-4.151820812688568,-7.502011894252321,-4.068235819583726,-1.5704182791112298,-2.39738579957371,-7.631854405724075,-1.3138900226213674,-1.834109314173143,-3.4145307366730435,-2.797131132296337,-1.7425565938814118,-3.426105953413604,-6.777259478603748,-1.4715553785864872,-1.8659871199003488,-2.35412590684785,-4.638831318014493,-4.096296007512749,-5.966096951394112,-7.958976535166086,-2.071319958668233,-3.63664446116504,-6.158837032899467,-2.227093291146822,-0.8239794785078182,-1.367388080163574,-5.110371494354276,-0.7893501013982518,-0.37287605055638734,-1.134998090103874
ATG_TG60.11_FA22.5,-4.38251353279963,-3.6357275618127702,-3.987601224597872,-6.908258564491228,-3.800206925558082,-3.3447470918206577,-3.484078845743817,-6.856999877335998,-5.2714833582196,-8.146657451076058,-9.81910931306495,-4.468518427209084,-5.634037318159948,-8.628823251392088,-6.650413822762228,-3.774444258534741,-4.793715378895778,-9.070102219813329,-3.6214469189500504,-4.008238516936592,-5.706911989621719,-4.664311914067232,-3.4697062303903596,-4.9182229256494185,-8.222749464631317,-3.2144513933772147,-3.537027271325691,-3.962511167395165,-6.210698561844147,-6.252026045064608,-7.693683971347988,-9.511608010897804,-3.794916740098243,-5.370655079318035,-7.682066934911712,-4.644150301209377,-3.0757467520746244,-3.614351556775952,-7.7473416580794545,-2.9032716826565355,-2.5244068910974824,-3.74884422467184
ATG_TG60.11_FA22.6,-2.7298424195834077,-2.024318566481839,-2.476025538485686,-5.456384009405312,-2.0447149883248765,-1.7142240204404815,-1.8568722386910577,-5.2005922019703705,-3.1532086552352627,-6.407589340273877,-7.735070112607858,-2.46284414813305,-3.9723345632010534,-7.139066170691003,-4.701845997794815,-1.6787470536931712,-2.810601310890936,-7.805720033141095,-1.7771501730827295,-2.0916906831186486,-4.023910620243412,-3.1532390481809,-1.719472014448666,-3.3249952736326613,-6.705024509546683,-1.4154515519797684,-1.8512247449003,-2.2754692624263493,-4.596566387863459,-4.053337558759312,-5.842117385904837,-8.120130521769923,-1.9591391180001227,-3.7363646625726745,-6.056053540296104,-3.11643645954446,-1.128158991418791,-1.7055529811462409,-5.7266618493643175,-0.9306815971328936,-0.6769518178023021,-1.6908974761272173
ATG_TG60.12_FA22.6,-3.450930623714115,-2.775716092592585,-3.177867983326535,-6.224010827924643,-2.989435597163228,-2.4401309025665037,-2.541077447522227,-5.487481734928707,-3.713910034405252,-6.739399649370658,-8.36435930487077,-3.2228085560509863,-4.635832080450976,-7.585638190346041,-5.261597404872041,-2.6339634316133225,-3.520599314614456,-7.992239738226807,-2.627148847402617,-2.965372786873703,-4.357745294579358,-3.7241727055782414,-2.415578633286081,-3.914200132835148,-7.203803906289718,-2.3273047207909645,-2.597610570008582,-2.868434071709361,-4.844392894744104,-4.989795302936809,-6.347517551538973,-8.568903157882938,-2.7579678439871422,-4.511177630505498,-6.584949559215153,-3.493499902519812,-2.082378900090243,-2.4007221801530685,-6.172586987073269,-2.01185666246685,-1.8517787191486104,-2.4984716972517007
ATG_PE14.0_20.3,-5.0598057916283,-5.00443268712965,-5.0255479061093276,-4.533157220979991,-5.106897810072101,-4.889308382587231,-4.746072134995352,-6.126807284863751,-5.924454080559808,-5.538586461915023,-5.692115056101819,-5.659995847587178,-6.10362153360123,-5.941514551160276,-4.9377690466439565,-4.7963431542036155,-4.709586633647478,-4.6295590182901,-4.965447196262552,-5.584345257584058,-5.1747125999063135,-4.759331503393857,-4.362421531082725,-4.90762666402854,-5.379317845419721,-4.5503383052415955,-4.830235605445814,-4.681732016910001,-6.32737524973872,-5.527891280013793,-6.496520417391965,-6.010184672303899,-5.942833263053015,-6.003844871229661,-5.8469675032013715,-5.923198609385745,-5.8204315970146965,-5.68088472285063,-5.484856319568644,-5.851132944482019,-5.766931834131403,-6.353851990105016
ATG_PE14.0_20.4,-4.077072249497333,-3.873787199832176,-3.3896719277388554,-3.303653515048418,-4.101047623617588,-3.774247646195754,-3.1964034820002776,-3.9974953950488,-3.93224792342698,-3.716337459443277,-3.449153963150947,-3.845808709799773,-3.9734263891098394,-3.726905201479648,-4.0081661021840524,-3.710341940843909,-3.5589600349715123,-3.41936278104011,-3.833749192593613,-4.092482771253381,-4.155346535547293,-3.75387130407198,-3.745068593457307,-3.766261032223232,-4.702128416385233,-3.798750529824477,-3.779567590257628,-3.375307782574293,-4.061022189853247,-4.6159068048161,-4.267135997476834,-3.749896660460171,-4.130891013217146,-4.0453765702508715,-3.8378807101105625,-4.710490075030229,-4.613002323560762,-4.311290352994211,-3.910776223876134,-4.790919984207811,-4.719409773743683,-4.391873068435021
ATG_PE14.0_22.6,-6.913868809778025,-6.720616264675931,-5.95180481226707,-6.293976283322153,-6.598468192344577,-5.688498936795642,-5.724309641155433,-6.82971792306087,-6.037810899382381,-5.373680622030341,-5.713224963938495,-6.164510407592975,-6.096499194762806,-6.188423085604769,-6.109646628357445,-5.762381637831435,-5.87481285445584,-5.54705048655584,-5.617837104877811,-6.275193096093911,-5.990497309187049,-6.606136323917265,-6.233947660749319,-6.505686629958723,-7.609258347198751,-6.594049082394211,-6.509967014298921,-6.033845231132341,-6.5468977767034495,-6.564363162794173,-6.480693947417598,-6.374049121746898,-6.061241547473761,-6.224718653107774,-6.3955693276610655,-6.241262184674292,-6.260689241387898,-6.424737006258239,-6.083573018902058,-7.105383601026873,-7.35419585236904,-6.4524491174030505
ATG_PE15.0_18.0,-3.1578616521231897,-2.9164970226321305,-3.0974886905422174,-3.3858674214783653,-2.8645525114584,-3.168410010217124,-2.8375988975477258,-2.8333315333652713,-2.2644422409102023,-2.3593424532762675,-2.6520835295630056,-2.692525134177544,-3.152372272063815,-2.570957336766325,-2.3861824373413785,-2.2984447691084102,-2.1233165926016433,-2.53648669449879,-2.2888814811666314,-2.3704552145048097,-2.01138704168878,-3.2536211647456224,-2.6650853322281627,-3.137997322108429,-3.805295076182232,-3.0384391966687443,-3.033877294514774,-3.0873957319995227,-2.569288855840764,-1.8034239990602103,-2.8833059136396435,-2.97344047215232,-2.5395624808240624,-2.938386015703431,-2.5973951499023986,-1.9692632284163205,-1.9903491476971609,-1.9968705964925983,-1.4646218559897213,-1.8524980448388095,-2.0634331290319983,-1.7682921706332846
ATG_PE15.0_18.1,-2.391016279411541,-2.338258155803174,-2.494363915394151,-2.8121348347657427,-2.192018971294108,-1.8968662882055616,-1.9876142705287032,-1.5299438419903402,-1.5039638002319045,-1.5314054074055028,-1.5311779904906944,-1.6127366207823377,-1.6421699590166214,-1.449162904448685,-1.3433293117475504,-1.264390419568325,-1.091744492967395,-1.4481694434672332,-1.2346215123878914,-1.0492157313949106,-0.8298503422474695,-2.255356434492031,-2.084789421961546,-2.475430979699199,-3.176099539983791,-2.3604833099581155,-2.031216570624065,-2.21220044049865,-1.5956237991240507,-1.6410215238285488,-2.004523470854034,-1.8532134250344845,-1.6159691729684411,-1.4579477398522735,-1.4665197421673035,-1.172452311752652,-1.0655373246798232,-0.9428340102035748,-1.0643594014845297,-1.0438788089862765,-0.8912759888299184,-0.8192467433083649
ATG_PE15.0_20.4,-5.363877490980308,-5.290566017562495,-5.091181125477353,-5.548560131022032,-5.3157601793551255,-4.897475914165785,-5.009106937532564,-5.297515458765215,-4.975207185158033,-5.061488016131688,-5.547721305734653,-5.214760949765447,-4.858988474930436,-4.7835640291507415,-5.740120553574574,-5.174560969268491,-5.2084946992785,-5.239139967759609,-5.461394707166136,-5.210230495605157,-5.016428825454996,-5.314314310852105,-4.992826855700167,-5.123906283409129,-6.201575373768168,-5.262376418428433,-4.94892002470384,-5.24334586012109,-5.321348454129637,-5.520384439633544,-5.133370231355889,-5.113071554640111,-5.063369168658037,-4.847403266899396,-4.856000385249418,-5.5373428900410175,-5.632751347547407,-5.3345196322203146,-5.03692027521366,-5.624351557990906,-5.266352667907528,-5.114811382988414
ATG_PE15.0_22.5,-3.4081929894788057,-3.536255242641359,-4.280947522778999,-3.848011155597701,-3.3768878892635197,-3.419634829409271,-4.16490531509866,-2.776423212299188,-3.5083259486927307,-2.5713465128805915,-2.561493606071194,-2.807682875013155,-2.1211588835553656,-2.039544274226354,-2.4436051342285827,-2.593224963152361,-2.586127128525972,-1.66891134472867,-2.4473906727921593,-2.649169766965553,-2.115661964584333,-3.8620331216734303,-3.8004819813492703,-3.467014206325715,-4.219229517864711,-4.167623861352304,-3.211008908024299,-3.949198936796418,-3.130233283927722,-3.357570159081487,-2.578120303828962,-2.887745855236487,-3.2262223691030565,-2.4622230797238975,-2.140525937678338,-3.039452605844105,-2.7350545743831938,-2.6731812857591315,-2.712223281918453,-3.0687145112270935,-3.172860158532981,-2.8830800922319675
ATG_PE15.0_22.6,-5.935953640871509,-5.455727047564551,-5.7188424283368215,-5.885401399313358,-5.674436464740254,-5.247302096894092,-5.748484383817617,-5.760689532280867,-5.278249638969118,-5.14308210140515,-5.194488142735894,-5.2555679558300685,-5.065490155786923,-5.127147716980666,-5.051990632215998,-4.762551315262425,-4.819721935103336,-4.981184909550795,-4.84588268307048,-4.911711488486959,-4.824508402545056,-5.809101529114697,-5.476616185899632,-5.900082043427442,-6.3587802296456335,-5.6232873821645795,-5.124481774081538,-5.3657769979649315,-5.784187406234954,-5.872300363607473,-5.754080489800325,-5.521922901761195,-5.360075460788391,-4.993124423428485,-5.207203026069855,-5.426696532165086,-5.006061213577614,-5.0939790314287805,-5.009520526721384,-5.426734853115436,-5.279505189582466,-5.070454652226006
ATG_PE16.0_18.1,5.4096008674133325,5.327354827534028,5.06133087715593,5.167577510284102,5.396838384878636,5.038312261844423,5.348664825924785,5.2877203801819945,5.398497445225734,5.436549490373818,5.440283317740203,5.127166715415646,4.942099469564329,5.155180765950571,4.879560698939091,4.9023792644989435,4.856460942634598,5.164959336633129,4.80279804782823,5.008827127349666,5.1426569567062534,5.381303935234237,5.504130322472042,5.1242152981684495,4.831530621057634,5.15338373220626,5.535735443845418,5.347144313196825,4.993315598201236,5.19026400737052,4.6903924358249185,5.073320014058095,4.871788074273844,4.924050898617838,5.039667844832467,5.177942586848659,4.990059664762801,4.7884001176919355,5.141586793731207,5.072143870385097,5.01284648833861,5.085628125141481
ATG_PE16.0_20.0,-3.771310240487146,-3.5717218118813583,-3.8879016123371257,-3.765689388150136,-3.6370542270143185,-4.011766241160251,-3.8081240098527944,-4.0938860982540834,-3.9674623681060406,-4.050588263014912,-3.781466583047902,-3.697285522089995,-4.080716315149336,-4.003805082157711,-3.893710292576223,-3.818757733449907,-3.662996954114439,-3.650569235144768,-4.005548719516684,-3.8531423437427774,-3.359211850661919,-3.6054208025104697,-3.6668777933660888,-3.9102129060497255,-3.824634989398637,-3.9766564377425992,-3.8227027506256226,-3.5726352786925695,-4.053288707040187,-3.523513171493185,-4.001335729949483,-4.0475229194085625,-4.258571535959466,-4.362021893399548,-4.372687055989268,-3.4116037622345896,-3.8859105434212298,-3.735121520124073,-2.87604289616626,-3.835424620771799,-3.6846283656570535,-3.891341981312322
ATG_PE16.0_20.4,2.568451182723481,2.617132070358039,2.532951654345702,2.461996232391554,2.631478248676955,2.6152558536965027,2.6212499619757876,2.1205459897774825,2.210249055675997,2.4103166725975855,1.900682047083749,2.14490314659053,2.2185132460474697,2.234747307924759,1.981451676124979,2.125701047452837,2.049227209656864,2.2553291311482195,1.8663709897743928,2.043192641042185,2.1992675398218413,2.696909093464374,2.545538046672461,2.3588723319220866,1.5030175437136215,2.425418150859004,2.750287049654508,2.5836845667726527,1.931934288640666,1.7766042921917216,1.877474933831329,1.9052358328760752,2.068769278307743,2.1674391067620564,2.11815038705149,1.69570621929509,1.650614065970381,1.5921885991178253,1.8733860111255745,1.7856094003364067,2.0388881619311823,2.0866136213218027
ATG_PE17.0_18.0,-1.9432703262722373,-1.7733631487299264,-1.6176879102562498,-1.8359370640282988,-1.7090303681737162,-1.9499134783941547,-1.4383853673636997,-1.7126552676132214,-1.0880370805462638,-1.3124477792784257,-1.3793560853011908,-1.6689967421713878,-1.811515513550995,-1.6118861029310416,-2.1445352369050332,-1.7239319161638795,-1.8347854856845665,-2.0470309063255216,-2.082823372977123,-2.012490686328241,-1.4731343158459889,-1.915067882333619,-1.6002550009492371,-1.8110442635645032,-2.1397673807616737,-1.8089618356121455,-1.4241540577981764,-1.311127941800828,-1.4471526782370474,-0.677163655747399,-1.6598723441603522,-1.5815763218627488,-1.4760976304548574,-1.758624277341716,-1.6635507066499118,-1.4628083424374665,-1.413903292210788,-1.471095255083661,-0.8391410019987148,-1.3975274242834257,-1.2723030492664225,-1.1214415907347843
ATG_PE17.0_18.1,0.733102974130811,0.792128383242747,0.8488301703449053,0.6093761271332527,0.8391921303826838,0.6515733158104747,1.1990617347192407,0.8958051613392748,1.223151472685042,1.2061282160164817,1.1283182824061369,0.7332907395300051,0.8347856615594876,1.0339446000196268,0.3423545392239385,0.7587106308762559,0.6852188470069986,0.6922381584628362,0.4108243508298719,0.6977640968671346,1.2529756710223012,0.7815725970400834,1.0375790746750442,0.7290607079113832,0.3182139676961995,0.6564936350291786,1.1558596457634347,1.1846374794783772,1.1177863478063237,1.5561117710525532,0.8450700915950743,0.9719275260147674,0.9759763266094246,0.977808847345184,1.1350148834928584,0.913493194482419,0.952611764286218,1.049320034408148,1.5122836485456317,1.0904822506377958,1.1830003731724228,1.3370147032154711
ATG_PE17.0_22.4,-3.604579883911225,-3.2887518347899416,-3.202969015852559,-3.695612240573378,-3.3453777357219416,-3.1968722282387665,-3.162268897544465,-3.089252410771649,-2.6175647061978067,-2.5847554009205727,-3.3991439233018297,-2.9181628323631976,-2.666194358052832,-2.626291488436913,-3.0266146552402615,-2.712689219030431,-2.605927566288056,-2.900023509814466,-2.6784446137950404,-2.476796049499189,-1.8911868774080165,-3.6763348254725527,-3.3019939295983423,-3.837521501597349,-4.258768518379612,-3.71018341581613,-3.177285117199791,-3.4231103484592262,-2.597651596098874,-2.4473445821911444,-2.752861475755957,-3.016527481104521,-2.50831296627631,-2.3050020013337424,-2.2701633171662055,-2.32622385138205,-2.322360744462451,-2.3555011104111516,-2.133094860457476,-2.2079963818414146,-2.04013060775665,-1.6682223878420406
ATG_PE18.0_18.0,2.554679454213667,2.610890814240754,2.749129095401756,2.660077731920377,2.468033225212394,2.462860678314307,2.609897414567353,2.943590641248187,3.019622797820636,3.3489265340288994,3.3105920962071793,2.8753122176294945,2.818959364455883,3.076986542845035,2.7456379550938643,2.863523567563662,2.908933366856584,3.166121257230599,2.8602054993053274,2.5488415745656665,3.00713884738085,2.633325012370997,2.9934574635136295,2.8561256521699887,2.4661215266311323,2.732499195211268,2.864848050323428,2.812238645306798,2.8041138299853134,2.7631731775686457,2.6581279142600795,3.1815825644867743,2.5606637711942613,2.4182747373854525,2.753727037242237,2.884696303713148,2.6741938254547053,2.6104095852041085,3.061407321063393,2.6642876557412225,2.3879737400163155,2.6614417280610856
ATG_PE18.0_18.1,5.811097480744561,5.937226061066921,6.029619605154652,5.930475694990245,5.8436070343674436,5.807232842277251,6.2703212683420295,5.8439920538962165,6.354791318546461,6.3119338972072585,6.120709763367605,5.831475626420671,5.621895031617893,6.035224552288376,5.213189860597023,5.459863867794084,5.517878895748417,5.509346565859893,5.459044897202217,5.447291233463585,6.115907673702784,5.963502525710138,6.315166938518517,5.897485132541267,5.583448604164511,5.898042790046565,6.046180751501449,6.393095086145221,5.939945208234499,6.591735104903906,5.805474225005974,6.105431531255225,5.932575930960702,5.739931803193271,6.006762539456781,6.011740053449575,5.776196943718792,5.813562944736969,6.45261889598037,5.992974154720064,5.930147411938645,6.074994125945738
ATG_PE18.0_20.0,-2.667424745173091,-2.6913962720288587,-2.5281885546912517,-2.491057788296476,-2.5774206056618327,-2.542217479898673,-2.3829004677398906,-2.334731120245988,-2.250376109593191,-2.244845048297434,-2.1437742078834705,-2.334447716710155,-2.60112489557986,-2.498049205151368,-1.5451036618757743,-1.3468522524481024,-1.4061616203698726,-0.5947447219267993,-1.5574127646793563,-1.8430046228161563,-1.3602719300861357,-2.6530383109397353,-2.382646502178442,-2.8462801545145617,-2.5982108156421058,-2.56753974915895,-2.4987451468746853,-2.2933810012904607,-2.620252014223262,-2.358133817447751,-2.553109647475135,-2.3016655852757366,-2.723217699639223,-2.7925008772427895,-2.638925095809842,-1.6002524685051578,-1.7392603691143564,-1.8939023016794936,-0.9290485713318896,-1.9688051011012824,-2.258401812386526,-2.162471281496211
ATG_PE18.0_20.1,-0.02000138932589281,-0.04931615854171208,0.15847056041531407,-0.16306811992420434,-0.07398902122272343,-0.01915278897368589,0.42327654526715813,-0.6282217236609914,0.06998797242360044,-0.184554772850103,-0.670191923014539,-0.26514293310107423,-0.743663497917326,-0.21583834268335925,-0.14426453515056975,0.05995088600602956,-0.13718261340027652,-0.1681716928770297,-0.18551103690080611,-0.21097193858644556,0.719121872821635,-0.1422787980253509,0.4377773220510639,0.00550520831340258,-0.03288201134814134,-0.03767073679037435,0.2326372496773168,0.7303674663091001,-0.5273803434081322,0.36178582808387866,-0.972898456001272,-0.9016530006860506,-0.4423001730171013,-0.9286486577296738,-0.5267847240306026,0.4533578425441794,0.1966432174628003,0.01054454180926569,0.9938187622609008,0.32234992747349667,0.14229843954478835,0.39012751696784254
ATG_PE18.0_22.5,1.8718650871363145,2.1688329651861062,2.171805987916933,2.102595236070417,1.9969246089171224,2.028919463423496,1.9419632922134824,2.3588905992041003,2.833601668076945,3.035559332234971,2.2538559961781366,2.385544523259226,2.2823912270486986,2.5464598671467025,1.6422698401927638,1.6774465532197902,1.7608904912106669,1.9793644493749072,1.7321059149781088,1.8025993186261389,2.353135078849797,1.8068666355346232,2.117416849697415,1.8814653233027592,1.6068419879624838,1.4834585107840748,1.975106856097634,1.777464874546132,2.682580153406912,2.8783135809903766,2.5332475265044976,2.2879173432837874,2.486850024055967,2.4209323852809206,2.497980180331027,2.1022482050894284,2.1465671326546345,2.091851295818516,2.264308136426567,2.2092473929126135,2.2610165121416843,2.3881817344183114
ATG_PE18.2_20.0,-4.562356549301798,-4.495938284268481,-4.30164355579959,-4.270145941533278,-4.340611236217334,-4.363481500837759,-4.1387385652220505,-4.831514559042679,-4.74644863367612,-4.826438882110261,-5.153343017219329,-4.943199031492426,-5.420439466157862,-5.014858372219264,-5.210683054993907,-5.025934468858691,-4.791085989886811,-4.805995892303999,-5.105296147612734,-5.000648810574334,-4.555671293748516,-4.470612060571766,-4.11324720576952,-4.502340881719076,-4.451743223324324,-4.50612987610233,-4.158501106165149,-3.9606872127341504,-4.827324407302396,-4.231296304256411,-4.9741709510000165,-5.172152989712759,-4.909221260855317,-5.093196693230021,-5.028989294088854,-4.9899678989426395,-4.7179121178119114,-4.575644613637323,-3.673478247346796,-4.623478582017795,-4.917219182180445,-4.551130255502374
ATG_PE19.0_20.3,-4.515578949122073,-4.7512130024341275,-4.481771042661699,-4.38796739713856,-4.428008747782805,-4.252317806272052,-4.031510170082417,-4.4542158984203,-4.141475730556073,-3.800800849168809,-4.235043230677552,-4.5185321683562005,-4.708733901304849,-4.562963351345645,-4.3560495268587776,-4.028643552095309,-4.422855443148251,-4.187860449592911,-4.353386519107169,-4.2822049627095256,-4.038381151542822,-4.414960508579333,-4.176263269902289,-4.498763694229062,-4.917544426285972,-4.36835108057718,-4.2721377873215225,-4.151497666478444,-4.388147824306804,-3.9803268729929786,-4.57124567428005,-4.476332569516516,-4.412221019173314,-4.435038742328506,-4.244069950516744,-4.23494940207497,-4.085835375691667,-4.247326747545839,-3.707208901238779,-4.2073982024291,-4.384176603876547,-4.315570671543471
ATG_PE19.0_20.4,-2.7583747072830507,-2.821168291712334,-2.708686537533745,-2.6570055933517844,-2.5426437350448885,-2.687858924770168,-2.278940392279062,-2.224120852272525,-1.9214390145773117,-1.7909503805026306,-2.224321984449346,-2.3641807109629185,-2.3890525012394166,-2.1976567856796603,-2.744153564142279,-2.513185314108167,-2.57121710036556,-2.698324106884102,-2.754835967381919,-2.6159541272913556,-2.2207777815402205,-3.024969373884185,-2.6666066556729393,-2.9168812772477613,-3.5155061820411273,-2.8300028665689645,-2.5303825990680076,-2.5426437350448885,-2.0798007749654475,-1.9924150886261984,-2.3463069036498547,-2.2847552764373615,-2.2793644047789163,-2.2357151980273664,-1.9363686238160385,-2.187732839367098,-2.463946338729868,-2.5154239122900255,-1.7763635006186824,-2.290444984785214,-2.331047357114769,-2.0976684903208085
ATG_PE19.0_22.6,-4.05627318947916,-4.404487389399505,-3.974136916679015,-3.810119611429759,-4.076794872109073,-4.134565297876036,-3.763469814682883,-3.3231238618800516,-3.3919459356628887,-2.969634344211764,-3.156311274653338,-3.465651979339802,-3.5561613843020217,-3.646081952979727,-3.7691779859340375,-3.688172801089312,-3.5130390077289424,-3.363046848434846,-3.7010569258003585,-3.933742721719166,-3.1846459281186457,-4.390209328932669,-4.060571783385025,-4.105148546205298,-4.828689712095508,-4.175219489079481,-3.881125265331612,-3.851268541333082,-3.3842315010892117,-3.6139065844633,-3.457972085915426,-3.4586111385336475,-3.5277450004292144,-3.801166654439916,-3.6375416603937527,-3.311129055279815,-3.533963510177605,-3.425624533228549,-2.616966079117407,-3.6769999156483415,-3.817337263318938,-3.457052598000542
ATG_PE20.0_20.3,-2.13446930346228,-2.357358895867332,-2.3282063001696036,-2.122632800741032,-2.1016379777509915,-2.451600398972625,-2.1206898618556975,-4.274700153471602,-3.580235578235135,-3.780465437682455,-3.9509152212682945,-4.026291701352845,-4.374808229983902,-4.3411923445536615,-3.4951782929252815,-3.2690796918852163,-3.679690855622429,-3.5120257440120626,-3.7494587805022457,-3.480012760168641,-3.257350943716261,-2.331124627092894,-1.7687199914658662,-2.016489082722872,-2.3929584752874145,-2.192272835097836,-1.8704029229684616,-1.8372306523155872,-4.263080929449519,-2.766276543706079,-4.280430743146711,-4.08036438662641,-4.0572779463171464,-4.515770041151239,-4.064056809264715,-3.411746897032583,-3.5421199354561823,-3.5903656747676034,-2.9778977769458557,-3.521846454683306,-3.446824248947831,-3.426111430997443
ATG_PE20.0_20.5,-4.7042209219780196,-4.705176609786591,-4.3272210533219235,-3.957343694749245,-4.47519773290132,-4.511902696580355,-3.984290607805167,-5.152607680939876,-4.771252779259328,-4.773673724228075,-4.745806165725479,-5.196389817946994,-5.409938964160363,-4.932176796171509,-6.490044930547812,-6.296740575195504,-6.458087307828464,-6.0308634609313465,-6.6685639983292635,-6.6079547715053994,-6.222676471834798,-4.6657013403185505,-4.472209684755914,-4.39870412775991,-4.749670239069738,-4.705717970679909,-4.382787702259942,-3.9681465570771457,-5.0424057865780805,-4.797347911235427,-4.8900640056448275,-4.683877836940754,-5.247795295852723,-5.291716605414211,-4.804688480728573,-6.040613435882146,-6.211530926392971,-6.388720726125674,-5.618804826680675,-6.45186135170363,-6.312292630278079,-6.2969586292663235
ATG_PE20.0_22.4,-4.272778387087337,-4.309168607609844,-4.155426341169992,-4.143831720840088,-3.974074344712367,-4.054769018012382,-3.915377561567559,-4.581126124430625,-4.32792036288529,-4.509993715687421,-4.755503925267134,-4.320464925031685,-4.320018116024127,-4.245843373151441,-4.562664019487503,-4.25766779905226,-4.226741757151241,-4.267170340021424,-4.533231860713623,-4.460203548844521,-3.6306736166214466,-4.521710328654435,-3.957458877486863,-4.3078776164993515,-4.552678319264383,-4.24784974400743,-3.950820548391854,-3.954906644393839,-4.504818863269409,-4.067063691384977,-4.721830708486888,-4.7769837529893335,-4.466668204128969,-4.4857510417406115,-4.157807456393352,-4.165474719779917,-4.266215565183337,-4.117387133322029,-3.7539352981791954,-4.249733843905186,-4.056201993557383,-3.5676589695090644
ATG_PE20.0_22.6,-3.262909627374361,-3.4110760993439087,-3.263842675487954,-3.1611267663820697,-3.132916902932208,-3.2235421240568507,-3.163451268043271,-3.323142289457407,-4.1620502752242174,-3.1284424025643984,-3.604188917328334,-3.738562320318376,-3.3207517102233597,-3.162048146408343,-3.593307774407817,-3.662006565046531,-3.4175392258869923,-2.9214372784123763,-3.619184807299048,-3.6908261622194822,-2.998202981562688,-3.5265089817076207,-3.3612168220015977,-3.0033399306445383,-3.9628790105541376,-3.631977135214946,-2.691753892471051,-3.149992055137017,-3.605996523577152,-3.7674348200300942,-3.3475487289817187,-3.547085988963202,-4.044601922677024,-3.674081093230556,-3.4500187333816377,-3.769652456710849,-3.7429516484113248,-3.666252317817514,-3.1924912796815432,-3.811175841235343,-3.874134374917008,-3.520548182804144
ATG_PE20.4_22.4,-5.498249479120237,-4.729344205579864,-4.419669372766795,-4.593521609708355,-4.58661740064803,-4.650090179059598,-4.960853854703569,-5.833433300578718,-4.946478524877095,-5.6275440914187635,-5.277858510401248,-4.6055665362745675,-5.631637245841527,-6.1368043944034,-5.987793521500196,-4.103448020787639,-4.31932914675176,-6.095478205669156,-4.549792526367201,-5.093356951909339,-5.833269162709912,-5.385389935989165,-5.012399645097419,-4.939295882409215,-6.109208085055073,-4.4692577116811485,-4.938142804289808,-4.7245585914754,-5.999080951235549,-5.670193073484602,-5.37365552269317,-5.594902035786185,-4.177319196418885,-5.202205644249283,-6.055104442915869,-5.302062103778864,-4.6952515650077,-4.627114524076968,-4.919735740614335,-4.544566977195665,-5.08418587335986,-4.718264160548362
ATG_PE20.4_22.5,-5.195747943454491,-4.718763569861806,-3.9911055759449,-4.20970215575516,-4.16149214182342,-4.880170794628976,-4.711254839549543,-5.989395897331498,-4.543546938654637,-5.075466271961278,-4.6472877020971435,-3.987629225972993,-5.267397717675429,-5.789203242638486,-5.607582834386474,-4.071217021480019,-4.347474626237077,-5.884609554086195,-4.57022171664675,-5.5844211566027795,-5.7679388189597525,-5.1816531817987395,-4.5198086893290315,-4.640725938023609,-5.941386184146354,-4.0282267740595135,-4.971605352130754,-4.735137019349216,-5.615945282363861,-4.92135772477319,-4.983980971472279,-4.765303343601774,-3.975250543569897,-5.147117717368036,-5.128850992754225,-5.45238905122031,-5.018657738590158,-4.80168545104235,-4.971939496967749,-4.735583082998824,-5.129183932439769,-5.339792015971655
ATG_PE20.4_22.6,-5.671474983332636,-5.234526140961254,-4.585859372052551,-5.037758322770279,-4.687660853180423,-5.3146086066261935,-5.376328045919413,-6.387578090221272,-4.790890658059107,-5.174036999625977,-4.977598767822844,-4.104035388473797,-5.506945697091268,-6.571612017542025,-5.731244501656257,-4.013819584553431,-4.672298878625472,-5.579767533247515,-4.520151607577477,-5.68882958477059,-6.164022618584938,-5.8515372398549745,-4.727558034249512,-5.51700501923057,-6.6211718468455825,-4.587999943721828,-5.511789259291715,-5.05095858908871,-6.148607265117884,-5.870815831454871,-5.597674698416951,-5.071800401361579,-4.081559995969244,-5.7056298100002865,-5.830703648192279,-5.79180116052786,-4.601699803926462,-5.0694594972976,-5.142347204117894,-4.830572877881701,-5.974006586162764,-6.101787810928321
ATG_PE20.5_20.5,-5.412100127968395,-5.078924811417164,-5.0677552267190595,-4.689072095075247,-5.302596003712791,-5.127878208413759,-4.846115929629142,-5.330280599774219,-4.727609918937928,-5.09478362495687,-5.304227406764815,-5.023263755671254,-5.49242292308988,-5.030344050462928,-5.920670629711014,-5.379680133912002,-5.13693298146241,-5.38823009653235,-5.602336616566795,-5.6397064200205564,-5.21033142950669,-4.782344661569647,-5.216712039704206,-5.4639245062870865,-5.6400327582689185,-5.157907815281751,-5.51398746340442,-4.784934333006479,-5.4998658168080725,-4.973182928610475,-5.001606117427138,-5.1598934255062785,-5.3802362065902125,-5.11616108303925,-5.508086523118806,-5.665089281841285,-5.4729368398598055,-5.51294229643652,-4.9045955347351455,-5.343189005033332,-5.338427129158673,-5.3949134363649165
ATG_PE20.5_22.4,-4.160637436448028,-4.226217679630174,-3.7911300997869377,-3.6740800750082343,-4.138162950135748,-3.988288843131576,-3.978559388304021,-4.152664940103459,-5.5812533329519125,-4.129965959827451,-4.066827946497066,-3.959090460143275,-4.153706331338608,-4.197003243784112,-5.305347077120153,-4.98931459675682,-3.54424214041763,-5.2704678327954975,-4.645063040879156,-5.049636950962447,-4.38257964003894,-3.738020193841805,-4.476896097211236,-4.297887430930614,-5.168725496916874,-3.9476633637677696,-4.3555726643461465,-3.806260693762204,-4.296526458693557,-5.50894538992448,-3.429177500520464,-3.770193449275786,-4.454555967381555,-3.8373019516174782,-4.212744869300744,-5.0125975711049024,-5.030951531330665,-5.105057456412976,-4.944599625759332,-5.009832211837868,-4.993598033033838,-4.924599574726718
ATG_PE.O_16.0_18.0,-3.4858834211136713,-3.425584152874756,-3.622019672695042,-3.676336524715931,-3.3193316343658075,-3.771516723274104,-3.6926366506344506,-3.607449772494413,-3.1474553927337214,-3.3846923486769485,-3.4193146457637593,-3.3797932377559805,-3.8408573613036534,-3.259197198622814,-2.675113367317275,-2.6566838136621227,-2.6459043480713844,-2.6142481175929606,-2.7072165571174023,-2.794081747819425,-2.516158247795025,-3.393348688211086,-3.23469257300767,-3.4810982820748766,-3.3228014645300794,-3.321663471583596,-3.458462579416885,-3.4757369173304387,-3.4871657450226503,-2.7927270248800293,-3.8320592265403377,-3.70023802599642,-3.3411188136364016,-3.780649332163137,-3.65232950684116,-2.5677944457798403,-2.7319038016936465,-2.7345884149270536,-2.1598896118299407,-2.7283681905251447,-2.7923909220903513,-2.784874918656666
ATG_PE.O_16.0_20.4,0.03961859436863724,0.03519667641576852,0.22757714680827376,-0.04798236848187501,0.2960876110023082,0.2740288306914276,-0.05052673725307,0.06476208648071279,0.2789048169950469,0.2825760765403326,0.07679801188626365,0.2687420338471814,0.2838085512514194,0.1367616570859233,1.4303272272462195,1.5215099618414738,1.4552263279883066,0.9682163369903836,1.4901499045271034,1.563886979195273,1.4605443632352335,0.3338226921981926,0.4048824675358485,0.1997864224979572,-0.20185788502207583,0.4141324482407571,0.46723622780403135,0.12251419210275022,0.04052419647538458,-0.14277086986802032,-0.1905819791565068,-0.01998738574410421,0.1754808958746993,0.19686579808053828,0.17683135353071938,1.3905018000848264,1.1903089706010412,1.0326556882836258,1.0095492656968474,1.276777099606148,1.09639563998639,1.0931694150284363
ATG_PE.O_18.0_16.1,-0.05885314584617211,-0.0839289842147298,-0.18172625799256376,-0.17746251851388742,-0.01729666517920427,-0.4446483536349849,-0.43030874626588905,0.12128566122172728,0.03518603763238703,-0.05855455302396588,0.05418771719244425,-0.09713371849544555,-0.3815536269525174,-0.49851005851323776,0.05071081553947206,0.0882643016408683,-0.06930447530715188,0.01472111268183703,-0.01856965323439233,-0.1096754938316678,0.07120431739840921,0.2652161956752746,0.34780281329658513,-0.12698958114748027,-0.3282162184465833,0.05633949119354407,0.04806622662447851,-0.30585462794450274,-0.04620757376867407,0.1098930767494233,-0.5756115335052417,-0.22361106950058807,-0.3403692616292953,-0.4351887512235054,-0.835129441734921,0.1685110743414122,-0.02456781662534718,-0.13391750603159774,0.20862089051241545,0.05077919291862147,-0.05137437437294021,-0.24596127615883503
ATG_PE.O_18.0_18.0,-1.8467167809502911,-1.909611421433052,-1.7238822550327335,-2.0015610905299757,-1.723585415391523,-2.0362625405939037,-1.707518901245908,-2.0025939975037335,-1.7784811219117609,-1.720991461660818,-1.809133797529164,-2.020331693672911,-2.071419885948217,-1.8594867959596564,-2.1334007449389727,-1.9296038055114269,-1.7624315293831772,-1.7171681187437235,-1.968882335740871,-1.9723164578476624,-1.5737351810752924,-1.8916372033861275,-1.514824745055286,-1.856945927965394,-2.053880977490665,-1.8505299780999631,-1.7341749192720526,-1.5578309515447173,-1.8451104391696176,-1.3582715882296097,-1.950306198668754,-2.0061823845361126,-1.922283163087356,-1.934744428811606,-1.8898745710059115,-1.596629991325351,-1.6685541812149056,-1.5582044751796271,-1.029300680824493,-1.6865686191011815,-1.800960549782214,-1.5688801431391066
ATG_PE.P_14.0_18.1,-3.789670774412196,-3.9175715086730594,-3.6344006276575263,-3.069594725929694,-3.781169561913486,-3.511911123936432,-3.202200645771572,-3.661544252918683,-3.978662174568619,-3.492135350926037,-3.0576434300103794,-3.553114420120478,-3.4817010702843048,-3.1603935157838645,-3.1251508506522163,-2.772016492823432,-2.714182765543435,-1.8296697947014184,-2.9195335092092223,-2.884073107272798,-2.3208165393502327,-3.701456307771422,-3.5358607744242145,-3.3131664744944764,-3.199787915768702,-3.495510732560278,-3.3338253194457312,-2.9827481970755367,-3.712548893608026,-3.7991513836774384,-3.832160139343584,-3.1480249882607767,-3.711956565468179,-3.383772899705532,-3.26452882794065,-2.5044008126061934,-2.4425516219901535,-2.3065807570816017,-2.0837300114958235,-2.4677443664405088,-2.295369064951881,-2.1178702673209018
ATG_PE.P_16.0_20.4,3.957934785139964,4.143742126109479,4.335307791764224,4.248330690172734,4.0671680532741386,4.297572379144697,4.294912873716753,4.303982826360989,4.46726159101001,4.834685473286069,4.519021112913675,4.267593754222461,4.44560981866611,4.629236377327599,3.857010341365304,4.307687725224164,4.645274999930737,4.583976654673449,4.1110143783626665,4.264820852746349,4.574637741249977,4.480927395886486,4.5377387992111835,4.633316310173312,4.101171325294944,4.485710770916172,4.691414128091402,4.568580314484564,4.287055096489081,3.888795563878624,4.226675496111649,4.473559242314459,4.2691444327739,4.353062393534406,4.495173809538822,4.428398111007581,4.612108784199909,4.504494969277702,4.467960166601137,4.3933806836025955,4.305533368214233,4.7626287940828425
ATG_PE.P_16.0_20.5,-0.17611382653133775,0.02721348570856832,0.4403387494733748,0.7889516517314249,-0.11963109134977212,0.2466316072242789,0.6575036205208714,0.9843687999198312,0.948088194280964,1.6722265890263546,1.4015333076813417,0.7560788209735045,0.7491154982161831,1.4340227469043976,-1.502905896612134,-0.996504350993906,-0.8192037120689276,-0.27223764178077575,-1.2680243708885002,-1.3771164700244745,-1.318330045980885,0.22844547441900795,0.4982051618278673,0.6761453146422481,0.21090283574109137,0.35601194541238596,0.5002379442964152,0.8036028332370435,0.9362809876610813,0.41383501806125533,1.173872154640866,1.5501621705123303,0.6886081887325743,0.5244528631197471,1.0707776928010164,-0.7828646115942915,-0.6850428217044154,-0.9568928188005494,-0.48989501283982434,-0.956044229727654,-1.326395429539984,-1.1798699956987369
ATG_PE.P_16.0_22.5,2.893123343186006,2.992451055021752,3.1858889620789608,3.1565178036309964,2.8280020784753925,2.81014283615722,2.206718652920736,3.6369705973693214,3.651956561418382,4.038486282113487,3.7329745842630966,3.550149508154154,3.617101326429804,3.568840142659417,2.764665676740063,3.1864122575936165,3.186055949984831,3.0483313792110023,2.9570004099620446,3.029053287543676,2.975996471518747,3.211034394386876,3.323285029000807,3.2186788048947403,2.9721250709436564,3.154363352577579,3.095521181494662,2.48874915238982,3.3074821770868836,2.834496115907217,3.2765127489307635,3.708351268905688,3.2403215992925047,3.1490318296609177,3.1194732553407047,3.0366184484909717,3.0492424749451184,2.87642290830162,2.7125471781462887,2.9512699221023904,2.787344067595233,2.9638216086663394
ATG_PE.P_16.1_18.1,-1.476990264038135,-1.5349659829641655,-1.3522330880611029,-1.0992906042589716,-1.7054737580873978,-1.516538581299875,-1.14938361080798,-2.738442835693868,-2.327688383549299,-2.2113885357868517,-2.0582197082054132,-2.592144389603498,-2.4226125401915253,-2.2134885892150367,-2.518173435975732,-2.203412135185703,-1.884803884483416,-1.1825500786308714,-2.417262435212719,-2.349508390947802,-1.9294455739684273,-0.8728503312051427,-0.6431085530498899,-1.037892633620063,-1.1244295818021208,-0.5911647921163389,-0.9793641859888336,-0.6639234256399301,-2.7326163874506544,-2.259292534491012,-2.9633034919692416,-2.156916102821987,-2.5225754258499027,-2.615401908336677,-2.493190943354765,-1.7649832289856715,-1.8950833652005663,-1.721634757113393,-1.2445366327750838,-1.7794304815834634,-1.9237323527491712,-1.5983452457024006
