internal_identifiers,identifiers,RSD_QC,measurement_mode,quality,ISTD,saturation,total_chain_length,database_identifier,chemical_formula,smiles,inchi,mass_to_charge,fragmentation,collision_energy,retention_time,taxid,species,abbreviation_swiss_lipids,name_swiss_lipids,class,subclass,standardized_name_lipid_maps,exact_mass_lipid_maps,detection_start,detection_end,name_in_mzML
ANG_SM_d32.2,SM d32:2,14.3220351619395,POS,Highlighted Metabolites,ANG_SM_splash_d18.1_18.1_d9,PUFA,32,SLM:000390694,C37H73N2O6P,,,673.528,184.1,15,5.7,http://purl.bioontology.org/ontology/NCBITAXON/9606,Homo sapiens,SM(d32:2),Sphingomyelin (d32:2),SM,SM,SM 32:2;O2,672.5206,5.445,6.195,SM d32:2
ANG_SM_d33.0,SM d33:0,12.8437150015101,POS,Highlighted Metabolites,ANG_SM_splash_d18.1_18.1_d9,SFA,33,SLM:000390706,C38H79N2O6P,,,691.575,184.1,15,5.7,http://purl.bioontology.org/ontology/NCBITAXON/9606,Homo sapiens,SM(d33:0),Sphingomyelin (d33:0),SM,SM,SM 33:0;O2,690.5676,5.445,6.195,SM d33:0
ANG_SM_d33.1,SM d33:1,14.8908736902424,POS,Highlighted Metabolites,ANG_SM_splash_d18.1_18.1_d9,MUFA,33,SLM:000390704,C38H77N2O6P,,,689.559,184.1,15,5.7,http://purl.bioontology.org/ontology/NCBITAXON/9606,Homo sapiens,SM(d33:1),Sphingomyelin (d33:1),SM,SM,SM 33:1;O2,688.5519,5.445,6.195,SM d33:1
ANG_SM_d33.3,SM d33:3,9.08593444235882,POS,Highlighted Metabolites,ANG_SM_splash_d18.1_18.1_d9,PUFA,33,SLM:000390700,C38H73N2O6P,,,685.528,184.1,35,5.7,http://purl.bioontology.org/ontology/NCBITAXON/9606,Homo sapiens,SM(d33:3),Sphingomyelin (d33:3),SM,SM,SM 33:3;O2,684.5206,5.445,6.195,SM d33:3
ANG_SM_d34.0,SM d34:0,13.4182947857305,POS,Highlighted Metabolites,ANG_SM_splash_d18.1_18.1_d9,SFA,34,SLM:000390716,C39H81N2O6P,,,705.591,184.1,15,5.7,http://purl.bioontology.org/ontology/NCBITAXON/9606,Homo sapiens,SM(d34:0),Sphingomyelin (d34:0),SM,SM,SM 34:0;O2,704.5832,5.445,6.195,SM d34:0
ANG_SM_d34.1,SM d34:1,12.4946742572437,POS,Highlighted Metabolites,ANG_SM_splash_d18.1_18.1_d9,MUFA,34,SLM:000390714,C39H79N2O6P,,,703.575,184.1,8,5.7,http://purl.bioontology.org/ontology/NCBITAXON/9606,Homo sapiens,SM(d34:1),Sphingomyelin (d34:1),SM,SM,SM 34:1;O2,702.5676,5.445,6.195,SM d34:1
ANG_SM_d34.2,SM d34:2,9.3227529212418,POS,Highlighted Metabolites,ANG_SM_splash_d18.1_18.1_d9,PUFA,34,SLM:000390712,C39H77N2O6P,,,701.559,184.1,15,5.7,http://purl.bioontology.org/ontology/NCBITAXON/9606,Homo sapiens,SM(d34:2),Sphingomyelin (d34:2),SM,SM,SM 34:2;O2,700.5519,5.445,6.195,SM d34:2
ANG_SM_d34.3,SM d34:3,9.57957050777782,POS,Highlighted Metabolites,ANG_SM_splash_d18.1_18.1_d9,PUFA,34,SLM:000390711,C39H75N2O6P,,,699.544,184.1,35,5.7,http://purl.bioontology.org/ontology/NCBITAXON/9606,Homo sapiens,SM(d34:3),Sphingomyelin (d34:3),SM,SM,SM 34:3;O2,698.5363,5.445,6.195,SM d34:3
ANG_SM_d35.1,SM d35:1,10.2267509116382,POS,Highlighted Metabolites,ANG_SM_splash_d18.1_18.1_d9,MUFA,35,SLM:000390726,C40H81N2O6P,,,717.591,184.1,15,5.7,http://purl.bioontology.org/ontology/NCBITAXON/9606,Homo sapiens,SM(d35:1),Sphingomyelin (d35:1),SM,SM,SM 35:1;O2,716.5832,5.445,6.195,SM d35:1
ANG_SM_d35.2,SM d35:2,5.58670903867834,POS,Highlighted Metabolites,ANG_SM_splash_d18.1_18.1_d9,PUFA,35,SLM:000390724,C40H79N2O6P,,,715.575,184.1,35,5.7,http://purl.bioontology.org/ontology/NCBITAXON/9606,Homo sapiens,SM(d35:2),Sphingomyelin (d35:2),SM,SM,SM 35:2;O2,714.5676,5.445,6.195,SM d35:2
ANG_SM_d36.4,SM d36:4,9.37993541374903,POS,Highlighted Metabolites,ANG_SM_splash_d18.1_18.1_d9,PUFA,36,SLM:000390733,C41H77N2O6P,,,725.559,184.1,35,5.7,http://purl.bioontology.org/ontology/NCBITAXON/9606,Homo sapiens,SM(d36:4),Sphingomyelin (d36:4),SM,SM,SM 36:4;O2,724.5519,5.445,6.195,SM d36:4
ANG_SM_d37.4,SM d37:4,6.26342922169724,POS,Highlighted Metabolites,ANG_SM_splash_d18.1_18.1_d9,PUFA,37,SLM:000390747,C42H79N2O6P,,,741.591,184.1,35,5.7,http://purl.bioontology.org/ontology/NCBITAXON/9606,Homo sapiens,SM(d37:4),Sphingomyelin (d37:4),SM,SM,SM 37:4;O2,738.5676,5.445,6.195,SM d37:4
ANG_SM_d37.5,SM d37:5,10.6191985574623,POS,Highlighted Metabolites,ANG_SM_splash_d18.1_18.1_d9,PUFA,37,SLM:000390745,C42H77N2O6P,,,739.575,184.1,15,5.7,http://purl.bioontology.org/ontology/NCBITAXON/9606,Homo sapiens,SM(d37:5),Sphingomyelin (d37:5),SM,SM,SM 37:5;O2,736.5519,5.445,6.195,SM d37:5
ANG_SM_d39.0,SM d39:0,14.3984239570808,POS,Highlighted Metabolites,ANG_SM_splash_d18.1_18.1_d9,SFA,39,SLM:000390785,C44H91N2O6P,,,775.669,184.1,35,5.7,http://purl.bioontology.org/ontology/NCBITAXON/9606,Homo sapiens,SM(d39:0),Sphingomyelin (d39:0),SM,SM,SM 39:0;O2,774.6615,5.445,6.195,SM d39:0
ANG_SM_d39.3,SM d39:3,9.07356366246539,POS,Highlighted Metabolites,ANG_SM_splash_d18.1_18.1_d9,PUFA,39,SLM:000390778,C44H85N2O6P,,,769.622,184.1,35,5.7,http://purl.bioontology.org/ontology/NCBITAXON/9606,Homo sapiens,SM(d39:3),Sphingomyelin (d39:3),SM,SM,SM 39:3;O2,768.6145,5.445,6.195,SM d39:3
ANG_SM_d40.4,SM d40:4,8.05515594137951,POS,Highlighted Metabolites,ANG_SM_splash_d18.1_18.1_d9,PUFA,40,SLM:000390791,C45H85N2O6P,,,781.622,184.1,35,5.7,http://purl.bioontology.org/ontology/NCBITAXON/9606,Homo sapiens,SM(d40:4),Sphingomyelin (d40:4),SM,SM,SM 40:4;O2,780.6145,5.445,6.195,SM d40:4
ANG_SM_d40.5,SM d40:5,14.5466742798569,POS,Highlighted Metabolites,ANG_SM_splash_d18.1_18.1_d9,PUFA,40,SLM:000390789,C45H83N2O6P,,,779.606,184.1,35,5.7,http://purl.bioontology.org/ontology/NCBITAXON/9606,Homo sapiens,SM(d40:5),Sphingomyelin (d40:5),SM,SM,SM 40:5;O2,778.5989,5.445,6.195,SM d40:5
ANG_SM_d40.7,SM d40:7,13.1936675737563,POS,Highlighted Metabolites,ANG_SM_splash_d18.1_18.1_d9,PUFA,40,SLM:000390783,C45H79N2O6P,,,775.575,184.1,35,5.7,http://purl.bioontology.org/ontology/NCBITAXON/9606,Homo sapiens,SM(d40:7),Sphingomyelin (d40:7),SM,SM,SM 40:7;O2,774.5676,5.445,6.195,SM d40:7
ANG_SM_d41.4,SM d41:4,10.1602377069566,POS,Highlighted Metabolites,ANG_SM_splash_d18.1_18.1_d9,PUFA,41,SLM:000390806,C46H87N2O6P,,,795.638,184.1,35,5.7,http://purl.bioontology.org/ontology/NCBITAXON/9606,Homo sapiens,SM(d41:4),Sphingomyelin (d41:4),SM,SM,SM 41:4;O2,794.6302,5.445,6.195,SM d41:4
ANG_SM_d42.0,SM d42:0,12.1893798113662,POS,Highlighted Metabolites,ANG_SM_splash_d18.1_18.1_d9,SFA,42,SLM:000390827,C47H97N2O6P,,,817.716,184.1,15,5.7,http://purl.bioontology.org/ontology/NCBITAXON/9606,Homo sapiens,SM(d42:0),Sphingomyelin (d42:0),SM,SM,SM 42:0;O2,816.7084,5.445,6.195,SM d42:0
ANG_SM_d42.5,SM d42:5,7.15511031220081,POS,Highlighted Metabolites,ANG_SM_splash_d18.1_18.1_d9,PUFA,42,SLM:000390818,C47H87N2O6P,,,807.638,184.1,35,5.7,http://purl.bioontology.org/ontology/NCBITAXON/9606,Homo sapiens,SM(d42:5),Sphingomyelin (d42:5),SM,SM,SM 42:5;O2,806.6302,5.445,6.195,SM d42:5
ANG_SM_d42.6,SM d42:6,9.58895874274455,POS,Highlighted Metabolites,ANG_SM_splash_d18.1_18.1_d9,PUFA,42,SLM:000390815,C47H85N2O6P,,,805.622,184.1,35,5.7,http://purl.bioontology.org/ontology/NCBITAXON/9606,Homo sapiens,SM(d42:6),Sphingomyelin (d42:6),SM,SM,SM 42:6;O2,804.6145,5.445,6.195,SM d42:6
ANG_SM_d43.4,SM d43:4,8.39721223442976,POS,Highlighted Metabolites,ANG_SM_splash_d18.1_18.1_d9,PUFA,43,SLM:000390833,C48H91N2O6P,,,823.669,184.1,35,5.7,http://purl.bioontology.org/ontology/NCBITAXON/9606,Homo sapiens,SM(d43:4),Sphingomyelin (d43:4),SM,SM,SM 43:4;O2,822.6615,5.445,6.195,SM d43:4
ANG_SM_d44.0,SM d44:0,14.4667175852639,POS,Highlighted Metabolites,ANG_SM_splash_d18.1_18.1_d9,SFA,44,SLM:000390853,C49H101N2O6P,,,845.747,184.1,15,5.7,http://purl.bioontology.org/ontology/NCBITAXON/9606,Homo sapiens,SM(d44:0),Sphingomyelin (d44:0),SM,SM,SM 44:0;O2,844.7397,5.445,6.195,SM d44:0
ANG_SM_d44.1,SM d44:1,11.9167303675937,POS,Highlighted Metabolites,ANG_SM_splash_d18.1_18.1_d9,MUFA,44,SLM:000390850,C49H99N2O6P,,,843.731,184.1,15,5.7,http://purl.bioontology.org/ontology/NCBITAXON/9606,Homo sapiens,SM(d44:1),Sphingomyelin (d44:1),SM,SM,SM 44:1;O2,842.7241,5.445,6.195,SM d44:1
ANG_SM_d44.4,SM d44:4,10.438331974575,POS,Highlighted Metabolites,ANG_SM_splash_d18.1_18.1_d9,PUFA,44,SLM:000390847,C49H93N2O6P,,,837.685,184.1,35,5.7,http://purl.bioontology.org/ontology/NCBITAXON/9606,Homo sapiens,SM(d44:4),Sphingomyelin (d44:4),SM,SM,SM 44:4;O2,836.6771,5.445,6.195,SM d44:4
ANG_SM_d44.5,SM d44:5,8.50707989397491,POS,Highlighted Metabolites,ANG_SM_splash_d18.1_18.1_d9,PUFA,44,SLM:000390845,C49H91N2O6P,,,835.669,184.1,35,5.7,http://purl.bioontology.org/ontology/NCBITAXON/9606,Homo sapiens,SM(d44:5),Sphingomyelin (d44:5),SM,SM,SM 44:5;O2,834.6615,5.445,6.195,SM d44:5
ANG_GluCer14.0,HexCer d18:1/14:0,12.3875273445924,POS,Highlighted Metabolites,,MUFA,32,SLM:000393856,C38H73NO8,,,672.5,264.4,43,4.3,http://purl.bioontology.org/ontology/NCBITAXON/9606,Homo sapiens,HexCer(d18:1/14:0),Hexosyl ceramide (d18:1/14:0),HexCer,HexCer,HexCer 18:1;O2/14:0,671.5336,4,5,HCER(14:0)
ANG_GluCerd18.0_24.0,HexCer d18:0/24:0,13.7012950722233,POS,Highlighted Metabolites,,SFA,42,SLM:000393820,C48H95NO8,,,814.9,266.4,43,4.3,http://purl.bioontology.org/ontology/NCBITAXON/9606,Homo sapiens,HexCer(d18:0/24:0),Hexosyl ceramide (d18:0/24:0),HexCer,HexCer,HexCer 18:0;O2/24:0,813.7058,4,5,GluCer d18:0_24:0
ANG_GluCerd18.0_24.1,HexCer d18:0/24:1,10.7698274649004,POS,Highlighted Metabolites,,MUFA,42,SLM:000393821,C48H93NO8,,,812.9,266.4,43,4.3,http://purl.bioontology.org/ontology/NCBITAXON/9606,Homo sapiens,HexCer(d18:0/24:1),Hexosyl ceramide (d18:0/24:1),HexCer,HexCer,HexCer 18:0;O2/24:1,811.6901,4,5,GluCer d18:0_24:1
ANG_LacCer14.0,LacCer d18:1/14:0,6.59774188741358,POS,Highlighted Metabolites,,MUFA,32,SLM:000393344,C44H83NO13,,,834.9,264.4,43,5.7,http://purl.bioontology.org/ontology/NCBITAXON/9606,Homo sapiens,Hex2Cer(d18:1/14:0),Dihexosyl ceramide (d18:1/14:0),LacCer,LacCer,LacCer 18:1;O2/14:0,833.5864,5.225,5.975,LCER(14:0)
ANG_LacCer16.0,LacCer d18:1/16:0,12.2349418848424,POS,Highlighted Metabolites,,MUFA,34,SLM:000393347,C46H87NO13,,,862.9,264.4,15,5.7,http://purl.bioontology.org/ontology/NCBITAXON/9606,Homo sapiens,Hex2Cer(d18:1/16:0),Dihexosyl ceramide (d18:1/16:0),LacCer,LacCer,LacCer 18:1;O2/16:0,861.6177,5.225,5.975,LCER(16:0)
ANG_LacCer18.0,LacCer d18:1/18:0,14.2047325729781,POS,Highlighted Metabolites,,MUFA,36,SLM:000393351,C48H91NO13,,,890.2,264.4,43,5.7,http://purl.bioontology.org/ontology/NCBITAXON/9606,Homo sapiens,Hex2Cer(d18:1/18:0),Dihexosyl ceramide (d18:1/18:0),LacCer,LacCer,LacCer 18:1;O2/18:0,889.649,5.225,5.975,LCER(18:0)
ANG_DCer16.0,dhCer d18:0/16:0,10.1314325878605,POS,Highlighted Metabolites,,SFA,34,SLM:000392067,C34H69NO3,,,540.6,266.4,43,4.3,http://purl.bioontology.org/ontology/NCBITAXON/9606,Homo sapiens,Cer(d18:0/16:0) ,Ceramide (d18:0/16:0),DHCer,DHCer,Cer 18:0;O2/16:0,539.5277,1.25,2.25,DCER(16:0)
ANG_DCer18.0,dhCer d18:0/18:0,12.294439172892,POS,Highlighted Metabolites,,SFA,36,SLM:000392071,C36H73NO3,,,568.7,266.4,43,4.3,http://purl.bioontology.org/ontology/NCBITAXON/9606,Homo sapiens,Cer(d18:0/18:0),Ceramide (d18:0/18:0),DHCer,DHCer,Cer 18:0;O2/18:0,567.559,1.25,2.25,DCER(18:0)
ANG_DCer20.0,dhCer d18:0/20:0,13.1786825417973,POS,Highlighted Metabolites,,SFA,38,SLM:000392078,C38H77NO3,,,596.7,266.4,43,4.3,http://purl.bioontology.org/ontology/NCBITAXON/9606,Homo sapiens,Cer(d18:0/20:0),Ceramide (d18:0/20:0),DHCer,DHCer,Cer 18:0;O2/20:0,595.5903,1.25,2.25,DCER(20:0)
ANG_DCer22.0,dhCer d18:0/22:0,11.7003165074396,POS,Highlighted Metabolites,,SFA,40,SLM:000392085,C40H81NO3,,,624.8,266.4,43,4.3,http://purl.bioontology.org/ontology/NCBITAXON/9606,Homo sapiens,Cer(d18:0/22:0),Ceramide (d18:0/22:0),DHCer,DHCer,Cer 18:0;O2/22:0,623.6216,1.25,2.25,DCER(22:0)
ANG_DCer24.1,dhCer d18:0/24:1,14.2613457675978,POS,Highlighted Metabolites,,MUFA,42,SLM:000392093,C42H83NO3,,,650.9,266.4,43,4.3,http://purl.bioontology.org/ontology/NCBITAXON/9606,Homo sapiens,Cer(d18:0/24:1),Ceramide (d18:0/24:1),DHCer,DHCer,Cer 18:0;O2/24:1,649.6373,1.25,2.25,DCER(24:1)
ANG_LPE14.0,LPE 14:0,13.2101380647199,NEG,Highlighted Metabolites,ANG_LPE_splash_18.1_d7,SFA,14,SLM:000055407,C19H40NO7P,,,424.247,227.202,35,6.7,http://purl.bioontology.org/ontology/NCBITAXON/9606,Homo sapiens,LPE(14:0),Lysophosphatidylethanolamine (14:0),LPE,LPE,LPE 14:0,425.2542,6.445,7.195,LPE(14:0)
ANG_LPE16.1,LPE 16:1,7.8761009713386,NEG,Highlighted Metabolites,ANG_LPE_splash_18.1_d7,MUFA,16,SLM:000055411,C21H42NO7P,,,450.263,253.217,35,6.7,http://purl.bioontology.org/ontology/NCBITAXON/9606,Homo sapiens,LPE(16:1),Lysophosphatidylethanolamine (16:1),LPE,LPE,LPE 16:1,451.2699,6.445,7.195,LPE(16:1)
ANG_LPE18.1,LPE 18:1,8.95278128907573,NEG,Highlighted Metabolites,ANG_LPE_splash_18.1_d7,MUFA,18,SLM:000055415,C23H46NO7P,,,478.294,281.249,55,6.7,http://purl.bioontology.org/ontology/NCBITAXON/9606,Homo sapiens,LPE(18:1),Lysophosphatidylethanolamine (18:1),LPE,LPE,LPE 18:1,479.3012,6.445,7.195,LPE(18:1)
ANG_LPE20.1,LPE 20:1,10.3056082316621,NEG,Highlighted Metabolites,ANG_LPE_splash_18.1_d7,MUFA,20,SLM:000055421,C25H50NO7P,,,506.325,309.28,35,6.7,http://purl.bioontology.org/ontology/NCBITAXON/9606,Homo sapiens,LPE(20:1),Lysophosphatidylethanolamine (20:1),LPE,LPE,LPE 20:1,507.3325,6.445,7.195,LPE(20:1)
ANG_LPE20.2,LPE 20:2,9.57310414074297,NEG,Highlighted Metabolites,ANG_LPE_splash_18.1_d7,PUFA,20,SLM:000055422,C25H48NO7P,,,504.31,307.264,35,6.7,http://purl.bioontology.org/ontology/NCBITAXON/9606,Homo sapiens,LPE(20:2),Lysophosphatidylethanolamine (20:2),LPE,LPE,LPE 20:2,505.3168,6.445,7.195,LPE(20:2)
ANG_LPE20.3,LPE 20:3,8.2771981362122,NEG,Highlighted Metabolites,ANG_LPE_splash_18.1_d7,PUFA,20,SLM:000055423,C25H46NO7P,,,502.294,305.249,35,6.7,http://purl.bioontology.org/ontology/NCBITAXON/9606,Homo sapiens,LPE(20:3),Lysophosphatidylethanolamine (20:3),LPE,LPE,LPE 20:3,503.3012,6.445,7.195,LPE(20:3)
ANG_LPE20.5,LPE 20:5,13.3419646626556,NEG,Highlighted Metabolites,ANG_LPE_splash_18.1_d7,PUFA,20,SLM:000055425,C25H42NO7P,,,498.263,301.217,35,6.7,http://purl.bioontology.org/ontology/NCBITAXON/9606,Homo sapiens,LPE(20:5),Lysophosphatidylethanolamine (20:5),LPE,LPE,LPE 20:5,499.2699,6.445,7.195,LPE(20:5)
ANG_LPE22.2,LPE 22:2,14.4794862112857,NEG,Highlighted Metabolites,ANG_LPE_splash_18.1_d7,PUFA,22,SLM:000055429,C27H52NO7P,,,532.341,335.296,35,6.7,http://purl.bioontology.org/ontology/NCBITAXON/9606,Homo sapiens,LPE(22:2),Lysophosphatidylethanolamine (22:2),LPE,LPE,LPE 22:2,533.3481,6.445,7.195,LPE(22:2)
ANG_LPE22.4,LPE 22:4,12.6847978392469,NEG,Highlighted Metabolites,ANG_LPE_splash_18.1_d7,PUFA,22,SLM:000055431,C27H48NO7P,,,528.31,331.264,35,6.7,http://purl.bioontology.org/ontology/NCBITAXON/9606,Homo sapiens,LPE(22:4),Lysophosphatidylethanolamine (22:4),LPE,LPE,LPE 22:4,529.3168,6.445,7.195,LPE(22:4)
ANG_LPE22.5,LPE 22:5,10.6955666750075,NEG,Highlighted Metabolites,ANG_LPE_splash_18.1_d7,PUFA,22,SLM:000055432,C27H46NO7P,,,526.294,329.249,35,6.7,http://purl.bioontology.org/ontology/NCBITAXON/9606,Homo sapiens,LPE(22:5),Lysophosphatidylethanolamine (22:5),LPE,LPE,LPE 22:5,527.3012,6.445,7.195,LPE(22:5)
ANG_LPE22.6,LPE 22:6,11.2566945248447,NEG,Highlighted Metabolites,ANG_LPE_splash_18.1_d7,PUFA,22,SLM:000055433,C27H44NO7P,,,524.278,327.233,35,6.7,http://purl.bioontology.org/ontology/NCBITAXON/9606,Homo sapiens,LPE(22:6),Lysophosphatidylethanolamine (22:6),LPE,LPE,LPE 22:6,525.2855,6.445,7.195,LPE(22:6)
ANG_LPE.O_18.1,LPE O-18:1,12.9514781045413,NEG,Highlighted Metabolites,ANG_LPE_splash_18.1_d7,MUFA,18,SLM:000070201,C23H48NO6P,,,480.31,281.2,35,6.7,http://purl.bioontology.org/ontology/NCBITAXON/9606,Homo sapiens,LPE(O-18:1_0:0) ,Phosphatidylethanolamine (O-18:1_0:0),LPE,O-LPE,LPE O-18:1,465.3219,6.445,7.195,LPE O-18:1
ANG_LPC18.1,LPC 18:1,10.0902776593336,NEG,Highlighted Metabolites,ANG_LPC_splash_18.1_d7,MUFA,18,SLM:000055323,C26H52NO7P,,,580.362,281.2,40,6.4,http://purl.bioontology.org/ontology/NCBITAXON/9606,Homo sapiens,LPC(18:1),Lysophosphatidylcholine (18:1),LPC,LPC,LPC 18:1,521.3481,5.925,6.675,LPC(18:1)
ANG_PI14.0_16.0,PI 14:0_16:0,12.3725338201685,NEG,Highlighted Metabolites,ANG_PI_splash_15.0_18.1_d7,SFA,30,SLM:000073631,C39H75O13P,,,781.487,255.233,60,8.6,http://purl.bioontology.org/ontology/NCBITAXON/9606,Homo sapiens,PI(14:0_16:0),Phosphatidylinositol (14:0_16:0),PI,PI,PI 14:0_16:0,782.4945,8.37,9.37,PI(14:0_16:0)
ANG_PI14.0_18.0,PI 14:0_18:0,11.1784322175495,NEG,Highlighted Metabolites,ANG_PI_splash_15.0_18.1_d7,SFA,32,SLM:000073635,C41H79O13P,,,809.518,283.264,60,8.6,http://purl.bioontology.org/ontology/NCBITAXON/9606,Homo sapiens,PI(14:0_18:0),Phosphatidylinositol (14:0_18:0),PI,PI,PI 14:0_18:0,810.5258,8.37,9.37,PI(14:0_18:0)
ANG_PI15.0_15.0,PI 15:0_15:0,12.8945218247585,NEG,Highlighted Metabolites,ANG_PI_splash_15.0_18.1_d7,SFA,30,SLM:000073741,C39H75O13P,,,781.487,241.217,60,8.6,http://purl.bioontology.org/ontology/NCBITAXON/9606,Homo sapiens,PI(15:0_15:0),Phosphatidylinositol (15:0_15:0),PI,PI,PI 15:0/15:0,782.4945,8.37,9.37,PI(15:0_15:0)
ANG_PI15.0_17.0,PI 15:0_17:0,12.915246356759,NEG,Highlighted Metabolites,ANG_PI_splash_15.0_18.1_d7,SFA,32,SLM:000073745,C41H79O13P,,,809.518,241.217,60,8.6,http://purl.bioontology.org/ontology/NCBITAXON/9606,Homo sapiens,PI(15:0_17:0),Phosphatidylinositol (15:0_17:0),PI,PI,PI 15:0_17:0,810.5258,8.37,9.37,PI(15:0_17:0)
ANG_PI15.0_18.0,PI 15:0_18:0,11.1985169013055,NEG,Highlighted Metabolites,ANG_PI_splash_15.0_18.1_d7,SFA,33,SLM:000073746,C42H81O13P,,,823.534,241.217,60,8.6,http://purl.bioontology.org/ontology/NCBITAXON/9606,Homo sapiens,PI(15:0_18:0),Phosphatidylinositol (15:0_18:0),PI,PI,PI 15:0_18:0,824.5415,8.37,9.37,PI(15:0_18:0)
ANG_PI15.0_19.0,PI 15:0_19:0,12.0194563661854,NEG,Highlighted Metabolites,ANG_PI_splash_15.0_18.1_d7,SFA,34,SLM:000073751,C43H83O13P,,,837.55,241.217,60,8.6,http://purl.bioontology.org/ontology/NCBITAXON/9606,Homo sapiens,PI(15:0_19:0),Phosphatidylinositol (15:0_19:0),PI,PI,PI 15:0_19:0,838.5571,8.37,9.37,PI(15:0_19:0)
ANG_PI15.0_20.1,PI 15:0_20:1,13.2695733961485,NEG,Highlighted Metabolites,ANG_PI_splash_15.0_18.1_d7,MUFA,35,SLM:000073753,C44H83O13P,,,849.55,241.217,60,8.6,http://purl.bioontology.org/ontology/NCBITAXON/9606,Homo sapiens,PI(15:0_20:1),Phosphatidylinositol (15:0_20:1),PI,PI,PI 15:0_20:1,850.5571,8.37,9.37,PI(15:0_20:1)
ANG_PI16.0_16.0,PI 16:0_16:0,11.9767374775244,NEG,Highlighted Metabolites,ANG_PI_splash_15.0_18.1_d7,SFA,32,SLM:000073796,C41H79O13P,,,809.518,255.233,60,8.6,http://purl.bioontology.org/ontology/NCBITAXON/9606,Homo sapiens,PI(16:0_16:0),Phosphatidylinositol (16:0_16:0),PI,PI,PI 16:0/16:0,810.5258,8.37,9.37,PI(16:0_16:0)
ANG_PI16.0_16.1,PI 16:0_16:1,12.6877947169548,NEG,Highlighted Metabolites,ANG_PI_splash_15.0_18.1_d7,MUFA,32,SLM:000073797,C41H77O13P,,,807.503,253.217,60,8.6,http://purl.bioontology.org/ontology/NCBITAXON/9606,Homo sapiens,PI(16:0_16:1),Phosphatidylinositol (16:0_16:1),PI,PI,PI 16:0_16:1,808.5102,8.37,9.37,PI(16:0_16:1)
ANG_PI16.0_17.0,PI 16:0_17:0,14.128838529361,NEG,Highlighted Metabolites,ANG_PI_splash_15.0_18.1_d7,SFA,33,SLM:000073799,C42H81O13P,,,823.534,269.249,60,8.6,http://purl.bioontology.org/ontology/NCBITAXON/9606,Homo sapiens,PI(16:0_17:0),Phosphatidylinositol (16:0_17:0),PI,PI,PI 16:0_17:0,824.5415,8.37,9.37,PI(16:0_17:0)
ANG_PI16.0_18.1,PI 16:0_18:1,12.4112002856443,NEG,Highlighted Metabolites,ANG_PI_splash_15.0_18.1_d7,MUFA,34,SLM:000073801,C43H81O13P,,,835.534,281.249,60,8.6,http://purl.bioontology.org/ontology/NCBITAXON/9606,Homo sapiens,PI(16:0_18:1),Phosphatidylinositol (16:0_18:1),PI,PI,PI 16:0_18:1,836.5415,8.37,9.37,PI(16:0_18:1)
ANG_PI16.1_18.0,PI 16:1_18:0,13.8561361782282,NEG,Highlighted Metabolites,ANG_PI_splash_15.0_18.1_d7,MUFA,34,SLM:000073853,C43H81O13P,,,835.534,283.264,60,8.6,http://purl.bioontology.org/ontology/NCBITAXON/9606,Homo sapiens,PI(16:1_18:0),Phosphatidylinositol (16:1_18:0),PI,PI,PI 16:1_18:0,836.5415,8.37,9.37,PI(16:1_18:0)
ANG_PI17.0_18.1,PI 17:0_18:1,14.1251667403473,NEG,Highlighted Metabolites,ANG_PI_splash_15.0_18.1_d7,MUFA,35,SLM:000073957,C44H83O13P,,,849.55,269.249,60,8.6,http://purl.bioontology.org/ontology/NCBITAXON/9606,Homo sapiens,PI(17:0_18:1),Phosphatidylinositol (17:0_18:1),PI,PI,PI 17:0_18:1,850.5571,8.37,9.37,PI(17:0_18:1)
ANG_PS16.0_16.0,PS 16:0_16:0,14.3676275638972,NEG,Highlighted Metabolites,ANG_PS_splash_15.0_18.1_d7,SFA,32,SLM:000077760,C38H74NO10P,,,734.5,255.2,50,9,http://purl.bioontology.org/ontology/NCBITAXON/9606,Homo sapiens,PS(16:0_16:0),Phosphatidylserine (16:0_16:0),PS,PS,PS 16:0/16:0,735.505,8.7,9.7,PS(16:0_16:0)
ANG_PS16.0_18.2,PS 16:0_18:2,11.3406135451353,NEG,Highlighted Metabolites,ANG_PS_splash_15.0_18.1_d7,PUFA,34,SLM:000077766,C40H74NO10P,,,758.5,279.2,50,9,http://purl.bioontology.org/ontology/NCBITAXON/9606,Homo sapiens,PS(16:0_18:2),Phosphatidylserine (16:0_18:2),PS,PS,PS 16:0_18:2,759.505,8.7,9.7,PS(16:0_18:2)
ANG_PS17.0_22.5,PS 17:0_22:5,14.8552293582123,NEG,Highlighted Metabolites,ANG_PS_splash_15.0_18.1_d7,PUFA,39,SLM:000077938,C45H78NO10P,,,822.5,269.2,50,9,http://purl.bioontology.org/ontology/NCBITAXON/9606,Homo sapiens,PS(17:0_22:5),Phosphatidylserine (17:0_22:5),PS,PS,PS 17:0_22:5,823.5363,8.7,9.7,PS(17:0_22:5)
ANG_LPG16.0,LPG 16:0,14.6423871404528,NEG,Highlighted Metabolites,ANG_LPG17.1_IS,SFA,16,SLM:000055502,C22H45O9P,,,483.273,255.233,40,8.8,http://purl.bioontology.org/ontology/NCBITAXON/9606,Homo sapiens,LPG(16:0),Lysophosphatidylglycerol (16:0),LPG,LPG,LPG 16:0,484.2801,8.4,10.4,LPG(16:0)
ANG_LPG17.0,LPG 17:0,14.1795427518321,NEG,Highlighted Metabolites,ANG_LPG17.1_IS,SFA,17,SLM:000055505,C23H47O9P,,,481.257,253.217,40,8.8,http://purl.bioontology.org/ontology/NCBITAXON/9606,Homo sapiens,LPG(17:0),Lysophosphatidylglycerol (17:0),LPG,LPG,LPG 17:0,498.2958,8.4,10.4,LPG(17:0)
ANG_LPI16.1,LPI 16:1,14.7669148005477,NEG,Highlighted Metabolites,ANG_LPI17.1_IS,MUFA,16,SLM:000055567,C25H47O12P,,,569.273,253.217,40,11,http://purl.bioontology.org/ontology/NCBITAXON/9606,Homo sapiens,LPI(16:1),Lysophosphatidylinositol (16:1),LPI,LPI,LPI 16:1,570.2805,10.13,12.13,LPI(16:1)
ANG_LPI18.1,LPI 18:1,8.71532742508303,NEG,Highlighted Metabolites,ANG_LPI17.1_IS,MUFA,18,SLM:000055571,C27H51O12P,,,597.305,281.249,40,11,http://purl.bioontology.org/ontology/NCBITAXON/9606,Homo sapiens,LPI(18:1),Lysophosphatidylinositol (18:1),LPI,LPI,LPI 18:1,598.3118,10.13,12.13,LPI(18:1)
ANG_LPI20.2,LPI 20:2,13.8808657410331,NEG,Highlighted Metabolites,ANG_LPI17.1_IS,PUFA,20,SLM:000055578,C29H53O12P,,,623.32,307.264,40,11,http://purl.bioontology.org/ontology/NCBITAXON/9606,Homo sapiens,LPI(20:2),Lysophosphatidylinositol (20:2),LPI,LPI,LPI 20:2,624.3275,10.13,12.13,LPI(20:2)
ANG_LPI20.3,LPI 20:3,10.0707133379983,NEG,Highlighted Metabolites,ANG_LPI17.1_IS,PUFA,20,SLM:000055579,C29H51O12P,,,621.305,305.249,40,11,http://purl.bioontology.org/ontology/NCBITAXON/9606,Homo sapiens,LPI(20:3),Lysophosphatidylinositol (20:3),LPI,LPI,LPI 20:3,622.3118,10.13,12.13,LPI(20:3)
ANG_LPI20.4,LPI 20:4,8.56746486524847,NEG,Highlighted Metabolites,ANG_LPI17.1_IS,PUFA,20,SLM:000055580,C29H49O12P,,,619.289,303.233,40,11,http://purl.bioontology.org/ontology/NCBITAXON/9606,Homo sapiens,LPI(20:4),Lysophosphatidylinositol (20:4),LPI,LPI,LPI 20:4,620.2962,10.13,12.13,LPI(20:4)
ANG_LPI22.4,LPI 22:4,13.041626884605,NEG,Highlighted Metabolites,ANG_LPI17.1_IS,PUFA,22,SLM:000055587,C31H53O12P,,,647.32,331.264,40,11,http://purl.bioontology.org/ontology/NCBITAXON/9606,Homo sapiens,LPI(22:4),Lysophosphatidylinositol (22:4),LPI,LPI,LPI 22:4,648.3275,10.13,12.13,LPI(22:4)
ATG_TG44.1_FA18.1,TG 44:1-FA18:1,14.238116476812,TG,Highlighted Metabolites,ATG_TG_splash_15.0_18.1_15.0_d7,MUFA,44,SLM:000308232,,,,766.692,467.409,30,1.4,http://purl.bioontology.org/ontology/NCBITAXON/9606,Homo sapiens,TG(44:1),Triacylglycerol (44:1),TG,TG,-,,0.75,2.25,TAG44:1-FA18:1
ATG_TG45.1_FA16.0,TG 45:1-FA16:0,14.0955675757845,TG,Highlighted Metabolites,ATG_TG_splash_15.0_18.1_15.0_d7,MUFA,45,SLM:000308238,,,,780.708,507.4,30,1.4,http://purl.bioontology.org/ontology/NCBITAXON/9606,Homo sapiens,TG(45:1),Triacylglycerol (45:1),TG,TG,-,,0.75,2.25,TAG45:1-FA16:0
ATG_TG46.1_FA14.0,TG 46:1-FA14:0,10.8307101457368,TG,Highlighted Metabolites,ATG_TG_splash_15.0_18.1_15.0_d7,MUFA,46,SLM:000308244,,,,794.7,549.5,30,1.4,http://purl.bioontology.org/ontology/NCBITAXON/9606,Homo sapiens,TG(46:1),Triacylglycerol (46:1),TG,TG,-,,0.75,2.25,TAG46:1-FA14:0
ATG_TG46.1_FA16.0,TG 46:1-FA16:0,10.49290444547,TG,Highlighted Metabolites,ATG_TG_splash_15.0_18.1_15.0_d7,MUFA,46,SLM:000308244,,,,794.7,521.4,30,1.4,http://purl.bioontology.org/ontology/NCBITAXON/9606,Homo sapiens,TG(46:1),Triacylglycerol (46:1),TG,TG,-,,0.75,2.25,TAG46:1-FA16:0
ATG_TG46.1_FA16.1,TG 46:1-FA16:1,12.5077330873563,TG,Highlighted Metabolites,ATG_TG_splash_15.0_18.1_15.0_d7,MUFA,46,SLM:000308244,,,,794.7,523.472,30,1.4,http://purl.bioontology.org/ontology/NCBITAXON/9606,Homo sapiens,TG(46:1),Triacylglycerol (46:1),TG,TG,-,,0.75,2.25,TAG46:1-FA16:1
ATG_TG46.1_FA18.1,TG 46:1-FA18:1,11.3380181690125,TG,Highlighted Metabolites,ATG_TG_splash_15.0_18.1_15.0_d7,MUFA,46,SLM:000308244,,,,794.7,495.441,30,1.4,http://purl.bioontology.org/ontology/NCBITAXON/9606,Homo sapiens,TG(46:1),Triacylglycerol (46:1),TG,TG,-,,0.75,2.25,TAG46:1-FA18:1
ATG_TG46.2_FA16.1,TG 46:2-FA16:1,14.5599225787148,TG,Highlighted Metabolites,ATG_TG_splash_15.0_18.1_15.0_d7,PUFA,46,SLM:000308245,,,,792.7,521.4,30,1.4,http://purl.bioontology.org/ontology/NCBITAXON/9606,Homo sapiens,TG(46:2),Triacylglycerol (46:2),TG,TG,-,,0.75,2.25,TAG46:2-FA16:1
ATG_TG46.2_FA18.1,TG 46:2-FA18:1,14.9927870556615,TG,Highlighted Metabolites,ATG_TG_splash_15.0_18.1_15.0_d7,PUFA,46,SLM:000308245,,,,792.7,493.425,30,1.4,http://purl.bioontology.org/ontology/NCBITAXON/9606,Homo sapiens,TG(46:2),Triacylglycerol (46:2),TG,TG,-,,0.75,2.25,TAG46:2-FA18:1
ATG_TG46.2_FA18.2,TG 46:2-FA18:2,14.9969796235049,TG,Highlighted Metabolites,ATG_TG_splash_15.0_18.1_15.0_d7,PUFA,46,SLM:000308245,,,,792.7,495.441,30,1.4,http://purl.bioontology.org/ontology/NCBITAXON/9606,Homo sapiens,TG(46:2),Triacylglycerol (46:2),TG,TG,-,,0.75,2.25,TAG46:2-FA18:2
ATG_TG47.1_FA14.0,TG 47:1-FA14:0,12.211410631868,TG,Highlighted Metabolites,ATG_TG_splash_15.0_18.1_15.0_d7,MUFA,47,SLM:000308251,,,,808.7,563.5,30,1.4,http://purl.bioontology.org/ontology/NCBITAXON/9606,Homo sapiens,TG(47:1),Triacylglycerol (47:1),TG,TG,-,,0.75,2.25,TAG47:1-FA14:0
ATG_TG47.1_FA16.0,TG 47:1-FA16:0,10.9360949899868,TG,Highlighted Metabolites,ATG_TG_splash_15.0_18.1_15.0_d7,MUFA,47,SLM:000308251,,,,808.7,535.4,30,1.4,http://purl.bioontology.org/ontology/NCBITAXON/9606,Homo sapiens,TG(47:1),Triacylglycerol (47:1),TG,TG,-,,0.75,2.25,TAG47:1-FA16:0
ATG_TG47.1_FA16.1,TG 47:1-FA16:1,11.6368058348125,TG,Highlighted Metabolites,ATG_TG_splash_15.0_18.1_15.0_d7,MUFA,47,SLM:000308251,,,,808.7,537.4,30,1.4,http://purl.bioontology.org/ontology/NCBITAXON/9606,Homo sapiens,TG(47:1),Triacylglycerol (47:1),TG,TG,-,,0.75,2.25,TAG47:1-FA16:1
ATG_TG47.1_FA17.0,TG 47:1-FA17:0,11.3848179037497,TG,Highlighted Metabolites,ATG_TG_splash_15.0_18.1_15.0_d7,MUFA,47,SLM:000308251,,,,808.7,521.4,30,1.4,http://purl.bioontology.org/ontology/NCBITAXON/9606,Homo sapiens,TG(47:1),Triacylglycerol (47:1),TG,TG,-,,0.75,2.25,TAG47:1-FA17:0
ATG_TG47.1_FA18.1,TG 47:1-FA18:1,11.7629227586695,TG,Highlighted Metabolites,ATG_TG_splash_15.0_18.1_15.0_d7,MUFA,47,SLM:000308251,,,,808.7,509.4,30,1.4,http://purl.bioontology.org/ontology/NCBITAXON/9606,Homo sapiens,TG(47:1),Triacylglycerol (47:1),TG,TG,-,,0.75,2.25,TAG47:1-FA18:1
ATG_TG47.2_FA14.0,TG 47:2-FA14:0,14.2075831853257,TG,Highlighted Metabolites,ATG_TG_splash_15.0_18.1_15.0_d7,PUFA,47,SLM:000308252,,,,806.7,561.5,30,1.4,http://purl.bioontology.org/ontology/NCBITAXON/9606,Homo sapiens,TG(47:2),Triacylglycerol (47:2),TG,TG,-,,0.75,2.25,TAG47:2-FA14:0
ATG_TG48.1_FA14.0,TG 48:1-FA14:0,11.9558596042758,TG,Highlighted Metabolites,ATG_TG_splash_15.0_18.1_15.0_d7,MUFA,48,SLM:000308258,,,,822.7,577.5,30,1.4,http://purl.bioontology.org/ontology/NCBITAXON/9606,Homo sapiens,TG(48:1),Triacylglycerol (48:1),TG,TG,-,,0.75,2.25,TAG48:1-FA14:0
ATG_TG48.1_FA16.0,TG 48:1-FA16:0,11.4245397218673,TG,Highlighted Metabolites,ATG_TG_splash_15.0_18.1_15.0_d7,MUFA,48,SLM:000308258,,,,822.7,549.4,30,1.4,http://purl.bioontology.org/ontology/NCBITAXON/9606,Homo sapiens,TG(48:1),Triacylglycerol (48:1),TG,TG,-,,0.75,2.25,TAG48:1-FA16:0
ATG_TG48.1_FA16.1,TG 48:1-FA16:1,11.9569110055133,TG,Highlighted Metabolites,ATG_TG_splash_15.0_18.1_15.0_d7,MUFA,48,SLM:000308258,,,,822.7,551.4,30,1.4,http://purl.bioontology.org/ontology/NCBITAXON/9606,Homo sapiens,TG(48:1),Triacylglycerol (48:1),TG,TG,-,,0.75,2.25,TAG48:1-FA16:1
ATG_TG48.1_FA18.0,TG 48:1-FA18:0,11.7660389927705,TG,Highlighted Metabolites,ATG_TG_splash_15.0_18.1_15.0_d7,MUFA,48,SLM:000308258,,,,822.7,521.4,30,1.4,http://purl.bioontology.org/ontology/NCBITAXON/9606,Homo sapiens,TG(48:1),Triacylglycerol (48:1),TG,TG,-,,0.75,2.25,TAG48:1-FA18:0
ATG_TG48.1_FA18.1,TG 48:1-FA18:1,10.9393776961722,TG,Highlighted Metabolites,ATG_TG_splash_15.0_18.1_15.0_d7,MUFA,48,SLM:000308258,,,,822.7,523.472,30,1.4,http://purl.bioontology.org/ontology/NCBITAXON/9606,Homo sapiens,TG(48:1),Triacylglycerol (48:1),TG,TG,-,,0.75,2.25,TAG48:1-FA18:1
ATG_TG48.2_FA14.0,TG 48:2-FA14:0,10.8348290305749,TG,Highlighted Metabolites,ATG_TG_splash_15.0_18.1_15.0_d7,PUFA,48,SLM:000308259,,,,820.7,575.5,30,1.4,http://purl.bioontology.org/ontology/NCBITAXON/9606,Homo sapiens,TG(48:2),Triacylglycerol (48:2),TG,TG,-,,0.75,2.25,TAG48:2-FA14:0
ATG_TG48.2_FA16.0,TG 48:2-FA16:0,12.6816046160007,TG,Highlighted Metabolites,ATG_TG_splash_15.0_18.1_15.0_d7,PUFA,48,SLM:000308259,,,,820.7,547.4,30,1.4,http://purl.bioontology.org/ontology/NCBITAXON/9606,Homo sapiens,TG(48:2),Triacylglycerol (48:2),TG,TG,-,,0.75,2.25,TAG48:2-FA16:0
ATG_TG48.2_FA16.1,TG 48:2-FA16:1,11.3330504488387,TG,Highlighted Metabolites,ATG_TG_splash_15.0_18.1_15.0_d7,PUFA,48,SLM:000308259,,,,820.7,549.4,30,1.4,http://purl.bioontology.org/ontology/NCBITAXON/9606,Homo sapiens,TG(48:2),Triacylglycerol (48:2),TG,TG,-,,0.75,2.25,TAG48:2-FA16:1
ATG_TG48.2_FA18.0,TG 48:2-FA18:0,11.3718716405641,TG,Highlighted Metabolites,ATG_TG_splash_15.0_18.1_15.0_d7,PUFA,48,SLM:000308259,,,,820.7,519.441,30,1.4,http://purl.bioontology.org/ontology/NCBITAXON/9606,Homo sapiens,TG(48:2),Triacylglycerol (48:2),TG,TG,-,,0.75,2.25,TAG48:2-FA18:0
ATG_TG48.2_FA18.1,TG 48:2-FA18:1,12.2036023411247,TG,Highlighted Metabolites,ATG_TG_splash_15.0_18.1_15.0_d7,PUFA,48,SLM:000308259,,,,820.7,521.4,30,1.4,http://purl.bioontology.org/ontology/NCBITAXON/9606,Homo sapiens,TG(48:2),Triacylglycerol (48:2),TG,TG,-,,0.75,2.25,TAG48:2-FA18:1
ATG_TG48.2_FA18.2,TG 48:2-FA18:2,11.9387476855413,TG,Highlighted Metabolites,ATG_TG_splash_15.0_18.1_15.0_d7,PUFA,48,SLM:000308259,,,,820.7,523.472,30,1.4,http://purl.bioontology.org/ontology/NCBITAXON/9606,Homo sapiens,TG(48:2),Triacylglycerol (48:2),TG,TG,-,,0.75,2.25,TAG48:2-FA18:2
ATG_TG48.3_FA16.0,TG 48:3-FA16:0,13.4508789487819,TG,Highlighted Metabolites,ATG_TG_splash_15.0_18.1_15.0_d7,PUFA,48,SLM:000308260,,,,818.7,545.4,30,1.4,http://purl.bioontology.org/ontology/NCBITAXON/9606,Homo sapiens,TG(48:3),Triacylglycerol (48:3),TG,TG,-,,0.75,2.25,TAG48:3-FA16:0
ATG_TG48.3_FA18.3,TG 48:3-FA18:3,12.3071665511451,TG,Highlighted Metabolites,ATG_TG_splash_15.0_18.1_15.0_d7,PUFA,48,SLM:000308260,,,,818.7,523.472,30,1.4,http://purl.bioontology.org/ontology/NCBITAXON/9606,Homo sapiens,TG(48:3),Triacylglycerol (48:3),TG,TG,-,,0.75,2.25,TAG48:3-FA18:3
ATG_TG49.2_FA14.0,TG 49:2-FA14:0,12.4774795768104,TG,Highlighted Metabolites,ATG_TG_splash_15.0_18.1_15.0_d7,PUFA,49,SLM:000308268,,,,834.8,589.6,30,1.4,http://purl.bioontology.org/ontology/NCBITAXON/9606,Homo sapiens,TG(49:2),Triacylglycerol (49:2),TG,TG,-,,0.75,2.25,TAG49:2-FA14:0
ATG_TG49.2_FA18.1,TG 49:2-FA18:1,13.8254227623279,TG,Highlighted Metabolites,ATG_TG_splash_15.0_18.1_15.0_d7,PUFA,49,SLM:000308268,,,,834.8,535.5,30,1.4,http://purl.bioontology.org/ontology/NCBITAXON/9606,Homo sapiens,TG(49:2),Triacylglycerol (49:2),TG,TG,-,,0.75,2.25,TAG49:2-FA18:1
ATG_TG49.2_FA18.2,TG 49:2-FA18:2,13.3688162635679,TG,Highlighted Metabolites,ATG_TG_splash_15.0_18.1_15.0_d7,PUFA,49,SLM:000308268,,,,834.8,537.5,30,1.4,http://purl.bioontology.org/ontology/NCBITAXON/9606,Homo sapiens,TG(49:2),Triacylglycerol (49:2),TG,TG,-,,0.75,2.25,TAG49:2-FA18:2
ATG_TG50.2_FA14.0,TG 50:2-FA14:0,14.0858146815595,TG,Highlighted Metabolites,ATG_TG_splash_15.0_18.1_15.0_d7,PUFA,50,SLM:000308277,,,,848.8,603.6,30,1.4,http://purl.bioontology.org/ontology/NCBITAXON/9606,Homo sapiens,TG(50:2),Triacylglycerol (50:2),TG,TG,-,,0.75,2.25,TAG50:2-FA14:0
ATG_TG50.2_FA16.0,TG 50:2-FA16:0,14.5264615828444,TG,Highlighted Metabolites,ATG_TG_splash_15.0_18.1_15.0_d7,PUFA,50,SLM:000308277,,,,848.8,575.5,30,1.4,http://purl.bioontology.org/ontology/NCBITAXON/9606,Homo sapiens,TG(50:2),Triacylglycerol (50:2),TG,TG,-,,0.75,2.25,TAG50:2-FA16:0
ATG_TG50.2_FA16.1,TG 50:2-FA16:1,14.9400308144209,TG,Highlighted Metabolites,ATG_TG_splash_15.0_18.1_15.0_d7,PUFA,50,SLM:000308277,,,,848.8,577.5,30,1.4,http://purl.bioontology.org/ontology/NCBITAXON/9606,Homo sapiens,TG(50:2),Triacylglycerol (50:2),TG,TG,-,,0.75,2.25,TAG50:2-FA16:1
ATG_TG50.2_FA18.1,TG 50:2-FA18:1,14.5485972786606,TG,Highlighted Metabolites,ATG_TG_splash_15.0_18.1_15.0_d7,PUFA,50,SLM:000308277,,,,848.8,549.5,30,1.4,http://purl.bioontology.org/ontology/NCBITAXON/9606,Homo sapiens,TG(50:2),Triacylglycerol (50:2),TG,TG,-,,0.75,2.25,TAG50:2-FA18:1
ATG_TG50.3_FA14.0,TG 50:3-FA14:0,14.7543241002064,TG,Highlighted Metabolites,ATG_TG_splash_15.0_18.1_15.0_d7,PUFA,50,SLM:000308278,,,,846.8,601.6,30,1.4,http://purl.bioontology.org/ontology/NCBITAXON/9606,Homo sapiens,TG(50:3),Triacylglycerol (50:3),TG,TG,-,,0.75,2.25,TAG50:3-FA14:0
ATG_TG50.3_FA20.3,TG 50:3-FA20:3,14.257648294242,TG,Highlighted Metabolites,ATG_TG_splash_15.0_18.1_15.0_d7,PUFA,50,SLM:000308278,,,,846.8,523.472,30,1.4,http://purl.bioontology.org/ontology/NCBITAXON/9606,Homo sapiens,TG(50:3),Triacylglycerol (50:3),TG,TG,-,,0.75,2.25,TAG50:3-FA20:3
ATG_TG50.4_FA14.0,TG 50:4-FA14:0,14.80021953839,TG,Highlighted Metabolites,ATG_TG_splash_15.0_18.1_15.0_d7,PUFA,50,SLM:000308279,,,,844.6,599.4,30,1.4,http://purl.bioontology.org/ontology/NCBITAXON/9606,Homo sapiens,TG(50:4),Triacylglycerol (50:4),TG,TG,-,,0.75,2.25,TAG50:4-FA14:0
ATG_TG50.4_FA16.0,TG 50:4-FA16:0,13.9719411327869,TG,Highlighted Metabolites,ATG_TG_splash_15.0_18.1_15.0_d7,PUFA,50,SLM:000308279,,,,844.6,571.3,30,1.4,http://purl.bioontology.org/ontology/NCBITAXON/9606,Homo sapiens,TG(50:4),Triacylglycerol (50:4),TG,TG,-,,0.75,2.25,TAG50:4-FA16:0
ATG_TG50.4_FA20.4,TG 50:4-FA20:4,11.9790851401621,TG,Highlighted Metabolites,ATG_TG_splash_15.0_18.1_15.0_d7,PUFA,50,SLM:000308279,,,,844.6,523.3,30,1.4,http://purl.bioontology.org/ontology/NCBITAXON/9606,Homo sapiens,TG(50:4),Triacylglycerol (50:4),TG,TG,-,,0.75,2.25,TAG50:4-FA20:4
ATG_TG51.4_FA20.4,TG 51:4-FA20:4,13.985438914776,TG,Highlighted Metabolites,ATG_TG_splash_15.0_18.1_15.0_d7,PUFA,51,SLM:000308289,,,,858.8,537.5,30,1.4,http://purl.bioontology.org/ontology/NCBITAXON/9606,Homo sapiens,TG(51:4),Triacylglycerol (51:4),TG,TG,-,,0.75,2.25,TAG51:4-FA20:4
ATG_TG52.4_FA16.0,TG 52:4-FA16:0,14.4551375503881,TG,Highlighted Metabolites,ATG_TG_splash_15.0_18.1_15.0_d7,PUFA,52,SLM:000308300,,,,872.8,599.5,30,1.4,http://purl.bioontology.org/ontology/NCBITAXON/9606,Homo sapiens,TG(52:4),Triacylglycerol (52:4),TG,TG,-,,0.75,2.25,TAG52:4-FA16:0
ATG_TG54.5_FA22.5,TG 54:5-FA22:5,14.4666753729407,TG,Highlighted Metabolites,ATG_TG_splash_15.0_18.1_15.0_d7,PUFA,54,SLM:000308325,,,,898.8,551.503,30,1.4,http://purl.bioontology.org/ontology/NCBITAXON/9606,Homo sapiens,TG(54:5),Triacylglycerol (54:5),TG,TG,-,,0.75,2.25,TAG54:5-FA22:5
ATG_TG54.6_FA16.0,TG 54:6-FA16:0,14.7040729691806,TG,Highlighted Metabolites,ATG_TG_splash_15.0_18.1_15.0_d7,PUFA,54,SLM:000308326,,,,896.8,623.5,30,1.4,http://purl.bioontology.org/ontology/NCBITAXON/9606,Homo sapiens,TG(54:6),Triacylglycerol (54:6),TG,TG,-,,0.75,2.25,TAG54:6-FA16:0
ATG_PE14.0_16.0,PE 14:0_16:0,10.8322528308921,TG,Highlighted Metabolites,ATG_PE_splash_15.0_18.1_d7,SFA,30,SLM:000067523,C35H70NO8P,,,662.477,255.233,45,4.2,http://purl.bioontology.org/ontology/NCBITAXON/9606,Homo sapiens,PE(14:0_16:0),Phosphatidylethanolamine (14:0_16:0),PE,PE,PE 14:0_16:0,663.4839,3.955,4.705,PE(14:0_16:0)
ATG_PE14.0_18.0,PE 14:0_18:0,10.650515870211,TG,Highlighted Metabolites,ATG_PE_splash_15.0_18.1_d7,SFA,32,SLM:000067527,C37H74NO8P,,,690.508,283.264,45,4.2,http://purl.bioontology.org/ontology/NCBITAXON/9606,Homo sapiens,PE(14:0_18:0),Phosphatidylethanolamine (14:0_18:0),PE,PE,PE 14:0_18:0,691.5152,3.955,4.705,PE(14:0_18:0)
ATG_PE14.0_18.1,PE 14:0_18:1,14.3697221513321,TG,Highlighted Metabolites,ATG_PE_splash_15.0_18.1_d7,MUFA,32,SLM:000067528,C37H72NO8P,,,688.492,281.249,45,4.2,http://purl.bioontology.org/ontology/NCBITAXON/9606,Homo sapiens,PE(14:0_18:1),Phosphatidylethanolamine (14:0_18:1),PE,PE,PE 14:0_18:1,689.4996,3.955,4.705,PE(14:0_18:1)
ATG_PE14.0_18.2,PE 14:0_18:2,13.4263408762064,TG,Highlighted Metabolites,ATG_PE_splash_15.0_18.1_d7,PUFA,32,SLM:000067529,C37H70NO8P,,,686.477,279.233,45,4.2,http://purl.bioontology.org/ontology/NCBITAXON/9606,Homo sapiens,PE(14:0_18:2),Phosphatidylethanolamine (14:0_18:2),PE,PE,PE 14:0_18:2,687.4839,3.965,4.715,PE(14:0_18:2)
ATG_PE15.0_16.0,PE 15:0_16:0,10.423046206671,TG,Highlighted Metabolites,ATG_PE_splash_15.0_18.1_d7,SFA,31,SLM:000067634,C36H72NO8P,,,676.492,241.217,45,4.2,http://purl.bioontology.org/ontology/NCBITAXON/9606,Homo sapiens,PE(15:0_16:0),Phosphatidylethanolamine (15:0_16:0),PE,PE,PE 15:0_16:0,677.4996,3.995,4.745,PE(15:0_16:0)
ATG_PE15.0_18.2,PE 15:0_18:2,14.2646190710628,TG,Highlighted Metabolites,ATG_PE_splash_15.0_18.1_d7,PUFA,33,SLM:000067640,C38H72NO8P,,,700.492,241.217,45,4.2,http://purl.bioontology.org/ontology/NCBITAXON/9606,Homo sapiens,PE(15:0_18:2),Phosphatidylethanolamine (15:0_18:2),PE,PE,PE 15:0_18:2,701.4996,3.925,4.675,PE(15:0_18:2)
ATG_PE16.0_16.0,PE 16:0_16:0,10.4433405755475,TG,Highlighted Metabolites,ATG_PE_splash_15.0_18.1_d7,SFA,32,SLM:000067688,C37H74NO8P,,,690.508,255.233,45,4.2,http://purl.bioontology.org/ontology/NCBITAXON/9606,Homo sapiens,PE(16:0_16:0),Phosphatidylethanolamine (16:0_16:0),PE,PE,PE 16:0/16:0,691.5152,3.965,4.715,PE(16:0_16:0)
ATG_PE16.0_16.1,PE 16:0_16:1,14.9069038179355,TG,Highlighted Metabolites,ATG_PE_splash_15.0_18.1_d7,MUFA,32,SLM:000067689,C37H72NO8P,,,688.492,253.217,45,4.2,http://purl.bioontology.org/ontology/NCBITAXON/9606,Homo sapiens,PE(16:0_16:1),Phosphatidylethanolamine (16:0_16:1),PE,PE,PE 16:0_16:1,689.4996,3.955,4.705,PE(16:0_16:1)
ATG_PE16.0_18.2,PE 16:0_18:2,12.7285564115162,TG,Highlighted Metabolites,ATG_PE_splash_15.0_18.1_d7,PUFA,34,SLM:000067694,C39H74NO8P,,,714.508,279.233,45,4.2,http://purl.bioontology.org/ontology/NCBITAXON/9606,Homo sapiens,PE(16:0_18:2),Phosphatidylethanolamine (16:0_18:2),PE,PE,PE 16:0_18:2,715.5152,3.985,4.735,PE(16:0_18:2)
ATG_PE16.0_18.3,PE 16:0_18:3,9.66377596758257,TG,Highlighted Metabolites,ATG_PE_splash_15.0_18.1_d7,PUFA,34,SLM:000067695,C39H72NO8P,,,712.492,277.217,45,4.2,http://purl.bioontology.org/ontology/NCBITAXON/9606,Homo sapiens,PE(16:0_18:3),Phosphatidylethanolamine (16:0_18:3),PE,PE,PE 16:0_18:3,713.4996,3.995,4.745,PE(16:0_18:3)
ATG_PE16.0_20.1,PE 16:0_20:1,12.3550785878147,TG,Highlighted Metabolites,ATG_PE_splash_15.0_18.1_d7,MUFA,36,SLM:000067699,C41H80NO8P,,,744.555,309.28,45,4.2,http://purl.bioontology.org/ontology/NCBITAXON/9606,Homo sapiens,PE(16:0_20:1),Phosphatidylethanolamine (16:0_20:1),PE,PE,PE 16:0_20:1,745.5622,3.955,4.705,PE(16:0_20:1)
ATG_PE16.0_20.2,PE 16:0_20:2,7.77692464664613,TG,Highlighted Metabolites,ATG_PE_splash_15.0_18.1_d7,PUFA,36,SLM:000067700,C41H78NO8P,,,742.539,307.264,45,4.2,http://purl.bioontology.org/ontology/NCBITAXON/9606,Homo sapiens,PE(16:0_20:2),Phosphatidylethanolamine (16:0_20:2),PE,PE,PE 16:0_20:2,743.5465,3.975,4.725,PE(16:0_20:2)
ATG_PE16.0_20.3,PE 16:0_20:3,9.68155827342837,TG,Highlighted Metabolites,ATG_PE_splash_15.0_18.1_d7,PUFA,36,SLM:000067701,C41H76NO8P,,,740.524,305.249,45,4.2,http://purl.bioontology.org/ontology/NCBITAXON/9606,Homo sapiens,PE(16:0_20:3),Phosphatidylethanolamine (16:0_20:3),PE,PE,PE 16:0_20:3,741.5309,3.955,4.705,PE(16:0_20:3)
ATG_PE16.0_20.5,PE 16:0_20:5,13.2641928308003,TG,Highlighted Metabolites,ATG_PE_splash_15.0_18.1_d7,PUFA,36,SLM:000067703,C41H72NO8P,,,736.492,301.217,45,4.2,http://purl.bioontology.org/ontology/NCBITAXON/9606,Homo sapiens,PE(16:0_20:5),Phosphatidylethanolamine (16:0_20:5),PE,PE,PE 16:0_20:5,737.4996,3.945,4.695,PE(16:0_20:5)
ATG_PE16.0_22.4,PE 16:0_22:4,11.4051005332429,TG,Highlighted Metabolites,ATG_PE_splash_15.0_18.1_d7,PUFA,38,SLM:000067709,C43H78NO8P,,,766.539,331.264,45,4.2,http://purl.bioontology.org/ontology/NCBITAXON/9606,Homo sapiens,PE(16:0_22:4),Phosphatidylethanolamine (16:0_22:4),PE,PE,PE 16:0_22:4,767.5465,3.925,4.675,PE(16:0_22:4)
ATG_PE16.0_22.5,PE 16:0_22:5,14.57080654082,TG,Highlighted Metabolites,,PUFA,38,SLM:000067710,C43H76NO8P,,,764.524,329.249,45,4.2,http://purl.bioontology.org/ontology/NCBITAXON/9606,Homo sapiens,PE(16:0_22:5),Phosphatidylethanolamine (16:0_22:5),PE,PE,PE 16:0_22:5,765.5309,3.935,4.685,PE(16:0_22:5)
ATG_PE16.0_22.6,PE 16:0_22:6,11.4554969641852,TG,Highlighted Metabolites,ATG_PE_splash_15.0_18.1_d7,PUFA,38,SLM:000067711,C43H74NO8P,,,762.508,327.233,45,4.2,http://purl.bioontology.org/ontology/NCBITAXON/9606,Homo sapiens,PE(16:0_22:6),Phosphatidylethanolamine (16:0_22:6),PE,PE,PE 16:0_22:6,763.5152,3.915,4.665,PE(16:0_22:6)
ATG_PE17.0_18.2,PE 17:0_18:2,7.20219598468282,TG,Highlighted Metabolites,ATG_PE_splash_15.0_18.1_d7,PUFA,35,SLM:000067850,C40H76NO8P,,,728.524,269.249,45,4.2,http://purl.bioontology.org/ontology/NCBITAXON/9606,Homo sapiens,PE(17:0_18:2),Phosphatidylethanolamine (17:0_18:2),PE,PE,PE 17:0_18:2,729.5309,3.955,4.705,PE(17:0_18:2)
ATG_PE17.0_18.3,PE 17:0_18:3,13.8395940116296,TG,Highlighted Metabolites,ATG_PE_splash_15.0_18.1_d7,PUFA,35,SLM:000067851,C40H74NO8P,,,726.508,269.249,45,4.2,http://purl.bioontology.org/ontology/NCBITAXON/9606,Homo sapiens,PE(17:0_18:3),Phosphatidylethanolamine (17:0_18:3),PE,PE,PE 17:0_18:3,727.5152,3.945,4.695,PE(17:0_18:3)
ATG_PE17.0_20.3,PE 17:0_20:3,8.48541174673403,TG,Highlighted Metabolites,ATG_PE_splash_15.0_18.1_d7,PUFA,37,SLM:000067857,C42H78NO8P,,,754.539,269.249,45,4.2,http://purl.bioontology.org/ontology/NCBITAXON/9606,Homo sapiens,PE(17:0_20:3),Phosphatidylethanolamine (17:0_20:3),PE,PE,PE 17:0_20:3,755.5465,3.925,4.675,PE(17:0_20:3)
ATG_PE17.0_20.4,PE 17:0_20:4,9.99869547404473,TG,Highlighted Metabolites,ATG_PE_splash_15.0_18.1_d7,PUFA,37,SLM:000067858,C42H76NO8P,,,752.524,269.249,45,4.2,http://purl.bioontology.org/ontology/NCBITAXON/9606,Homo sapiens,PE(17:0_20:4),Phosphatidylethanolamine (17:0_20:4),PE,PE,PE 17:0_20:4,753.5309,3.885,4.635,PE(17:0_20:4)
ATG_PE17.0_20.5,PE 17:0_20:5,11.3111936285228,TG,Highlighted Metabolites,ATG_PE_splash_15.0_18.1_d7,PUFA,37,SLM:000067859,C42H74NO8P,,,750.508,269.249,45,4.2,http://purl.bioontology.org/ontology/NCBITAXON/9606,Homo sapiens,PE(17:0_20:5),Phosphatidylethanolamine (17:0_20:5),PE,PE,PE 17:0_20:5,751.5152,3.885,4.635,PE(17:0_20:5)
ATG_PE17.0_22.5,PE 17:0_22:5,10.5714941178905,TG,Highlighted Metabolites,ATG_PE_splash_15.0_18.1_d7,PUFA,39,SLM:000067866,C44H78NO8P,,,778.539,269.249,45,4.2,http://purl.bioontology.org/ontology/NCBITAXON/9606,Homo sapiens,PE(17:0_22:5),Phosphatidylethanolamine (17:0_22:5),PE,PE,PE 17:0_22:5,779.5465,3.905,4.655,PE(17:0_22:5)
ATG_PE17.0_22.6,PE 17:0_22:6,10.3471113048005,TG,Highlighted Metabolites,ATG_PE_splash_15.0_18.1_d7,PUFA,39,SLM:000067867,C44H76NO8P,,,776.524,269.249,45,4.2,http://purl.bioontology.org/ontology/NCBITAXON/9606,Homo sapiens,PE(17:0_22:6),Phosphatidylethanolamine (17:0_22:6),PE,PE,PE 17:0_22:6,777.5309,3.905,4.655,PE(17:0_22:6)
ATG_PE18.0_18.2,PE 18:0_18:2,13.504868619479801,TG,Highlighted Metabolites,ATG_PE_splash_15.0_18.1_d7,PUFA,36,SLM:000067900,C41H78NO8P,,,742.539,279.233,45,4.2,http://purl.bioontology.org/ontology/NCBITAXON/9606,Homo sapiens,PE(18:0_18:2),Phosphatidylethanolamine (18:0_18:2),PE,PE,PE 18:0_18:2,743.5465,3.935,4.685,PE(18:0_18:2)
ATG_PE18.0_18.3,PE 18:0_18:3,6.56317925563265,TG,Highlighted Metabolites,ATG_PE_splash_15.0_18.1_d7,PUFA,36,SLM:000067901,C41H76NO8P,,,740.524,277.217,45,4.2,http://purl.bioontology.org/ontology/NCBITAXON/9606,Homo sapiens,PE(18:0_18:3),Phosphatidylethanolamine (18:0_18:3),PE,PE,PE 18:0_18:3,741.5309,3.935,4.685,PE(18:0_18:3)
ATG_PE18.0_20.2,PE 18:0_20:2,8.28492476988639,TG,Highlighted Metabolites,ATG_PE_splash_15.0_18.1_d7,PUFA,38,SLM:000067906,C43H82NO8P,,,770.57,307.264,45,4.2,http://purl.bioontology.org/ontology/NCBITAXON/9606,Homo sapiens,PE(18:0_20:2),Phosphatidylethanolamine (18:0_20:2),PE,PE,PE 18:0_20:2,771.5778,3.915,4.665,PE(18:0_20:2)
ATG_PE18.0_20.3,PE 18:0_20:3,10.4864847579384,TG,Highlighted Metabolites,ATG_PE_splash_15.0_18.1_d7,PUFA,38,SLM:000067907,C43H80NO8P,,,768.555,305.249,45,4.2,http://purl.bioontology.org/ontology/NCBITAXON/9606,Homo sapiens,PE(18:0_20:3),Phosphatidylethanolamine (18:0_20:3),PE,PE,PE 18:0_20:3,769.5622,3.905,4.655,PE(18:0_20:3)
ATG_PE18.0_20.4,PE 18:0_20:4,14.1573450817353,TG,Highlighted Metabolites,ATG_PE_splash_15.0_18.1_d7,PUFA,38,SLM:000067908,C43H78NO8P,,,766.539,303.233,65,4.2,http://purl.bioontology.org/ontology/NCBITAXON/9606,Homo sapiens,PE(18:0_20:4),Phosphatidylethanolamine (18:0_20:4),PE,PE,PE 18:0_20:4,767.5465,3.885,4.635,PE(18:0_20:4)
ATG_PE18.0_20.5,PE 18:0_20:5,10.5232066555938,TG,Highlighted Metabolites,ATG_PE_splash_15.0_18.1_d7,PUFA,38,SLM:000067909,C43H76NO8P,,,764.524,301.217,45,4.2,http://purl.bioontology.org/ontology/NCBITAXON/9606,Homo sapiens,PE(18:0_20:5),Phosphatidylethanolamine (18:0_20:5),PE,PE,PE 18:0_20:5,765.5309,3.885,4.635,PE(18:0_20:5)
ATG_PE18.0_22.4,PE 18:0_22:4,12.8873441325747,TG,Highlighted Metabolites,ATG_PE_splash_15.0_18.1_d7,PUFA,40,SLM:000067915,C45H82NO8P,,,794.57,331.264,45,4.2,http://purl.bioontology.org/ontology/NCBITAXON/9606,Homo sapiens,PE(18:0_22:4),Phosphatidylethanolamine (18:0_22:4),PE,PE,PE 18:0_22:4,795.5778,3.885,4.635,PE(18:0_22:4)
ATG_PE18.0_22.6,PE 18:0_22:6,13.5589468754187,TG,Highlighted Metabolites,ATG_PE_splash_15.0_18.1_d7,PUFA,40,SLM:000067917,C45H78NO8P,,,790.539,327.233,45,4.2,http://purl.bioontology.org/ontology/NCBITAXON/9606,Homo sapiens,PE(18:0_22:6),Phosphatidylethanolamine (18:0_22:6),PE,PE,PE 18:0_22:6,791.5465,3.875,4.625,PE(18:0_22:6)
ATG_PE20.5_22.5,PE 20:5_22:5,12.348703306242,TG,Highlighted Metabolites,ATG_PE_splash_15.0_18.1_d7,PUFA,42,SLM:000068400,C47H74NO8P,,,810.508,329.249,45,4.2,http://purl.bioontology.org/ontology/NCBITAXON/9606,Homo sapiens,PE(20:5_22:5),Phosphatidylethanolamine (20:5_22:5),PE,PE,PE 20:5_22:5,811.5152,3.925,4.675,PE(20:5_22:5)
ATG_PE.O_16.0_16.0,PE O-16:0/16:0,8.88467685414776,TG,Highlighted Metabolites,ATG_PE_splash_15.0_18.1_d7,SFA,32,SLM:000069883,C37H76NO7P,,,676.5,255.2,45,4.2,http://purl.bioontology.org/ontology/NCBITAXON/9606,Homo sapiens,PE(O-16:0_16:0),Phosphatidylethanolamine (O-16:0_16:0),PE,O-PE,PE O-16:0/16:0,677.5359,3.945,4.695,PE(O-16:0/16:0)
ATG_PE.O_16.0_18.1,PE O-16:0/18:1,8.83725813224922,TG,Highlighted Metabolites,ATG_PE_splash_15.0_18.1_d7,MUFA,34,SLM:000069888,C39H78NO7P,,,702.5,281.2,45,4.2,http://purl.bioontology.org/ontology/NCBITAXON/9606,Homo sapiens,PE(O-16:0_18:1),Phosphatidylethanolamine (O-16:0_18:1),PE,O-PE,PE O-16:0/18:1,703.5516,3.955,4.705,PE(O-16:0/18:1)
ATG_PE.O_16.0_18.2,PE O-16:0/18:2,10.5971273594333,TG,Highlighted Metabolites,ATG_PE_splash_15.0_18.1_d7,PUFA,34,SLM:000069889,C39H76NO7P,,,700.5,279.2,45,4.2,http://purl.bioontology.org/ontology/NCBITAXON/9606,Homo sapiens,PE(O-16:0_18:2),Phosphatidylethanolamine (O-16:0_18:2),PE,O-PE,PE O-16:0/18:2,701.5359,3.995,4.745,PE(O-16:0/18:2)
ATG_PE.O_16.0_20.1,PE O-16:0/20:1,8.43565652266714,TG,Highlighted Metabolites,ATG_PE_splash_15.0_18.1_d7,MUFA,36,SLM:000069894,C41H82NO7P,,,730.6,309.3,45,4.2,http://purl.bioontology.org/ontology/NCBITAXON/9606,Homo sapiens,PE(O-16:0_20:1),Phosphatidylethanolamine (O-16:0_20:1),PE,O-PE,PE O-16:0/20:1,731.5829,3.955,4.705,PE(O-16:0/20:1)
ATG_PE.O_16.0_20.3,PE O-16:0/20:3,9.82100652639151,TG,Highlighted Metabolites,ATG_PE_splash_15.0_18.1_d7,PUFA,36,SLM:000069896,C41H78NO7P,,,726.5,305.2,45,4.2,http://purl.bioontology.org/ontology/NCBITAXON/9606,Homo sapiens,PE(O-16:0_20:3),Phosphatidylethanolamine (O-16:0_20:3),PE,O-PE,PE O-16:0/20:3,727.5516,3.955,4.705,PE(O-16:0/20:3)
ATG_PE.O_16.0_22.4,PE O-16:0/22:4,11.8088029189672,TG,Highlighted Metabolites,ATG_PE_splash_15.0_18.1_d7,PUFA,38,SLM:000069904,C43H80NO7P,,,752.6,331.3,45,4.2,http://purl.bioontology.org/ontology/NCBITAXON/9606,Homo sapiens,PE(O-16:0_22:4),Phosphatidylethanolamine (O-16:0_22:4),PE,O-PE,PE O-16:0/22:4,753.5672,3.925,4.675,PE(O-16:0/22:4)
ATG_PE.O_16.0_22.5,PE O-16:0/22:5,13.9867095793206,TG,Highlighted Metabolites,ATG_PE_splash_15.0_18.1_d7,PUFA,38,SLM:000069905,C43H78NO7P,,,750.5,329.2,45,4.2,http://purl.bioontology.org/ontology/NCBITAXON/9606,Homo sapiens,PE(O-16:0_22:5),Phosphatidylethanolamine (O-16:0_22:5),PE,O-PE,PE O-16:0/22:5,751.5516,3.935,4.685,PE(O-16:0/22:5)
ATG_PE.O_18.0_16.0,PE O-18:0/16:0,12.8966448821098,TG,Highlighted Metabolites,ATG_PE_splash_15.0_18.1_d7,SFA,34,SLM:000070143,C39H80NO7P,,,704.6,255.2,45,4.2,http://purl.bioontology.org/ontology/NCBITAXON/9606,Homo sapiens,PE(O-18:0_16:0),Phosphatidylethanolamine (O-18:0_16:0),PE,O-PE,PE O-18:0/16:0,705.5672,3.935,4.685,PE(O-18:0/16:0)
ATG_PE.O_18.0_18.1,PE O-18:0/18:1,14.3708479314275,TG,Highlighted Metabolites,ATG_PE_splash_15.0_18.1_d7,MUFA,36,SLM:000070148,C41H82NO7P,,,730.5,281.2,45,4.2,http://purl.bioontology.org/ontology/NCBITAXON/9606,Homo sapiens,PE(O-18:0_18:1),Phosphatidylethanolamine (O-18:0_18:1),PE,O-PE,PE O-18:0/18:1,731.5829,3.955,4.705,PE(O-18:0/18:1)
ATG_PE.O_18.0_18.2,PE O-18:0/18:2,8.88604443098363,TG,Highlighted Metabolites,ATG_PE_splash_15.0_18.1_d7,PUFA,36,SLM:000070149,C41H80NO7P,,,728.6,279.2,45,4.2,http://purl.bioontology.org/ontology/NCBITAXON/9606,Homo sapiens,PE(O-18:0_18:2),Phosphatidylethanolamine (O-18:0_18:2),PE,O-PE,PE O-18:0/18:2,729.5672,3.945,4.695,PE(O-18:0/18:2)
ATG_PE.O_18.0_18.3,PE O-18:0/18:3,12.4728735197043,TG,Highlighted Metabolites,ATG_PE_splash_15.0_18.1_d7,PUFA,36,SLM:000070150,C41H78NO7P,,,726.5,277.2,45,4.2,http://purl.bioontology.org/ontology/NCBITAXON/9606,Homo sapiens,PE(O-18:0_18:3),Phosphatidylethanolamine (O-18:0_18:3),PE,O-PE,PE O-18:0/18:3,727.5516,3.935,4.685,PE(O-18:0/18:3)
ATG_PE.O_18.0_20.1,PE O-18:0/20:1,11.2743780796485,TG,Highlighted Metabolites,ATG_PE_splash_15.0_18.1_d7,MUFA,38,SLM:000070154,C43H86NO7P,,,758.6,309.3,45,4.2,http://purl.bioontology.org/ontology/NCBITAXON/9606,Homo sapiens,PE(O-18:0_20:1),Phosphatidylethanolamine (O-18:0_20:1),PE,O-PE,PE O-18:0/20:1,759.6142,3.905,4.655,PE(O-18:0/20:1)
ATG_PE.O_18.0_20.2,PE O-18:0/20:2,8.45227793061117,TG,Highlighted Metabolites,ATG_PE_splash_15.0_18.1_d7,PUFA,38,SLM:000070155,C43H84NO7P,,,756.6,307.3,45,4.2,http://purl.bioontology.org/ontology/NCBITAXON/9606,Homo sapiens,PE(O-18:0_20:2),Phosphatidylethanolamine (O-18:0_20:2),PE,O-PE,PE O-18:0/20:2,757.5985,3.915,4.665,PE(O-18:0/20:2)
ATG_PE.O_18.0_20.3,PE O-18:0/20:3,7.31394179969076,TG,Highlighted Metabolites,ATG_PE_splash_15.0_18.1_d7,PUFA,38,SLM:000070156,C43H82NO7P,,,754.6,305.2,45,4.2,http://purl.bioontology.org/ontology/NCBITAXON/9606,Homo sapiens,PE(O-18:0_20:3),Phosphatidylethanolamine (O-18:0_20:3),PE,O-PE,PE O-18:0/20:3,755.5829,3.905,4.655,PE(O-18:0/20:3)
ATG_PE.O_18.0_20.4,PE O-18:0/20:4,10.8248291489681,TG,Highlighted Metabolites,ATG_PE_splash_15.0_18.1_d7,PUFA,38,SLM:000070157,C43H80NO7P,,,752.6,303.2,45,4.2,http://purl.bioontology.org/ontology/NCBITAXON/9606,Homo sapiens,PE(O-18:0_20:4),Phosphatidylethanolamine (O-18:0_20:4),PE,O-PE,PE O-18:0/20:4,753.5672,3.885,4.635,PE(O-18:0/20:4)
ATG_PE.O_18.0_22.4,PE O-18:0/22:4,7.09415458570504,TG,Highlighted Metabolites,ATG_PE_splash_15.0_18.1_d7,PUFA,40,SLM:000070164,C45H84NO7P,,,780.6,331.3,45,4.2,http://purl.bioontology.org/ontology/NCBITAXON/9606,Homo sapiens,PE(O-18:0_22:4),Phosphatidylethanolamine (O-18:0_22:4),PE,O-PE,PE O-18:0/22:4,781.5985,3.865,4.615,PE(O-18:0/22:4)
ATG_PE.O_18.0_22.5,PE O-18:0/22:5,7.53742682493955,TG,Highlighted Metabolites,ATG_PE_splash_15.0_18.1_d7,PUFA,40,SLM:000070165,C45H82NO7P,,,778.6,329.2,45,4.2,http://purl.bioontology.org/ontology/NCBITAXON/9606,Homo sapiens,PE(O-18:0_22:5),Phosphatidylethanolamine (O-18:0_22:5),PE,O-PE,PE O-18:0/22:5,779.5829,3.865,4.615,PE(O-18:0/22:5)
ATG_PE.O_18.0_22.6,PE O-18:0/22:6,7.53572206120619,TG,Highlighted Metabolites,ATG_PE_splash_15.0_18.1_d7,PUFA,40,SLM:000070166,C45H80NO7P,,,776.6,327.2,45,4.2,http://purl.bioontology.org/ontology/NCBITAXON/9606,Homo sapiens,PE(O-18:0_22:6),Phosphatidylethanolamine (O-18:0_22:6),PE,O-PE,PE O-18:0/22:6,777.5672,3.835,4.585,PE(O-18:0/22:6)
ATG_PE.P_14.0_18.0,PE P-14:0/18:0,14.1514581824721,TG,Highlighted Metabolites,ATG_PE_splash_15.0_18.1_d7,SFA,32,SLM:000099326,C37H74NO7P,,,674.5,283.3,45,4.2,http://purl.bioontology.org/ontology/NCBITAXON/9606,Homo sapiens,PE(P-14:0/18:0),Phosphatidylethanolamine (P-14:0/18:0),PE,P-PE,PE P-14:0/18:0,675.5203,3.895,4.645,PE(P-14:0/18:0)
ATG_PE.P_16.0_14.1,PE P-16:0/14:1,10.1998669887672,TG,Highlighted Metabolites,ATG_PE_splash_15.0_18.1_d7,MUFA,30,SLM:000099450,C35H68NO7P,,,644.5,225.2,45,4.2,http://purl.bioontology.org/ontology/NCBITAXON/9606,Homo sapiens,PE(P-16:0/14:1),Phosphatidylethanolamine (P-16:0/14:1),PE,P-PE,PE P-16:0/14:1,645.4733,3.895,4.645,PE(P-16:0/14:1)
ATG_PE.P_16.0_16.0,PE P-16:0/16:0,11.699569687703,TG,Highlighted Metabolites,ATG_PE_splash_15.0_18.1_d7,SFA,32,SLM:000099452,C37H74NO7P,,,674.5,255.2,45,4.2,http://purl.bioontology.org/ontology/NCBITAXON/9606,Homo sapiens,PE(P-16:0/16:0),Phosphatidylethanolamine (P-16:0/16:0),PE,P-PE,PE P-16:0/16:0,675.5203,3.895,4.645,PE(P-16:0/16:0)
ATG_PE.P_16.0_16.1,PE P-16:0/16:1,6.5296682653715,TG,Highlighted Metabolites,ATG_PE_splash_15.0_18.1_d7,MUFA,32,SLM:000099453,C37H72NO7P,,,672.5,253.2,45,4.2,http://purl.bioontology.org/ontology/NCBITAXON/9606,Homo sapiens,PE(P-16:0/16:1),Phosphatidylethanolamine (P-16:0/16:1),PE,P-PE,PE P-16:0/16:1,673.5046,3.975,4.725,PE(P-16:0/16:1)
ATG_PE.P_16.0_18.0,PE P-16:0/18:0,5.97582591775495,TG,Highlighted Metabolites,ATG_PE_splash_15.0_18.1_d7,SFA,34,SLM:000099456,C39H78NO7P,,,702.5,283.3,45,4.2,http://purl.bioontology.org/ontology/NCBITAXON/9606,Homo sapiens,PE(P-16:0/18:0),Phosphatidylethanolamine (P-16:0/18:0),PE,P-PE,PE P-16:0/18:0,703.5516,3.925,4.675,PE(P-16:0/18:0)
ATG_PE.P_16.0_18.1,PE P-16:0/18:1,5.46823357800159,TG,Highlighted Metabolites,ATG_PE_splash_15.0_18.1_d7,MUFA,34,SLM:000099457,C39H76NO7P,,,700.5,281.2,45,4.2,http://purl.bioontology.org/ontology/NCBITAXON/9606,Homo sapiens,PE(P-16:0/18:1),Phosphatidylethanolamine (P-16:0/18:1),PE,P-PE,PE P-16:0/18:1,701.5359,3.975,4.725,PE(P-16:0/18:1)
ATG_PE.P_16.0_18.2,PE P-16:0/18:2,8.8297063180886,TG,Highlighted Metabolites,ATG_PE_splash_15.0_18.1_d7,PUFA,34,SLM:000099458,C39H74NO7P,,,698.5,279.2,45,4.2,http://purl.bioontology.org/ontology/NCBITAXON/9606,Homo sapiens,PE(P-16:0/18:2),Phosphatidylethanolamine (P-16:0/18:2),PE,P-PE,PE P-16:0/18:2,699.5203,3.975,4.725,PE(P-16:0/18:2)
ATG_PE.P_16.0_18.3,PE P-16:0/18:3,12.2839642354153,TG,Highlighted Metabolites,ATG_PE_splash_15.0_18.1_d7,PUFA,34,SLM:000099459,C39H72NO7P,,,696.5,277.2,45,4.2,http://purl.bioontology.org/ontology/NCBITAXON/9606,Homo sapiens,PE(P-16:0/18:3),Phosphatidylethanolamine (P-16:0/18:3),PE,P-PE,PE P-16:0/18:3,697.5046,3.975,4.725,PE(P-16:0/18:3)
ATG_PE.P_16.0_20.1,PE P-16:0/20:1,6.83864822482328,TG,Highlighted Metabolites,ATG_PE_splash_15.0_18.1_d7,MUFA,36,SLM:000099463,C41H80NO7P,,,728.6,309.3,45,4.2,http://purl.bioontology.org/ontology/NCBITAXON/9606,Homo sapiens,PE(P-16:0/20:1),Phosphatidylethanolamine (P-16:0/20:1),PE,P-PE,PE P-16:0/20:1,729.5672,3.975,4.725,PE(P-16:0/20:1)
ATG_PE.P_16.0_20.2,PE P-16:0/20:2,8.72740635165159,TG,Highlighted Metabolites,ATG_PE_splash_15.0_18.1_d7,PUFA,36,SLM:000099464,C41H78NO7P,,,726.5,307.3,45,4.2,http://purl.bioontology.org/ontology/NCBITAXON/9606,Homo sapiens,PE(P-16:0/20:2),Phosphatidylethanolamine (P-16:0/20:2),PE,P-PE,PE P-16:0/20:2,727.5516,3.895,4.645,PE(P-16:0/20:2)
ATG_PE.P_16.0_20.3,PE P-16:0/20:3,11.2379420941151,TG,Highlighted Metabolites,ATG_PE_splash_15.0_18.1_d7,PUFA,36,SLM:000099465,C41H76NO7P,,,724.5,305.2,45,4.2,http://purl.bioontology.org/ontology/NCBITAXON/9606,Homo sapiens,PE(P-16:0/20:3),Phosphatidylethanolamine (P-16:0/20:3),PE,P-PE,PE P-16:0/20:3,725.5359,3.945,4.695,PE(P-16:0/20:3)
ATG_PE.P_16.0_22.1,PE P-16:0/22:1,5.0833905290276,TG,Highlighted Metabolites,ATG_PE_splash_15.0_18.1_d7,MUFA,38,SLM:000099470,C43H84NO7P,,,756.6,337.3,45,4.2,http://purl.bioontology.org/ontology/NCBITAXON/9606,Homo sapiens,PE(P-16:0/22:1),Phosphatidylethanolamine (P-16:0/22:1),PE,P-PE,PE P-16:0/22:1,757.5985,3.945,4.695,PE(P-16:0/22:1)
ATG_PE.P_16.0_22.2,PE P-16:0/22:2,7.00508668584268,TG,Highlighted Metabolites,ATG_PE_splash_15.0_18.1_d7,PUFA,38,SLM:000099471,C43H82NO7P,,,754.6,335.3,45,4.2,http://purl.bioontology.org/ontology/NCBITAXON/9606,Homo sapiens,PE(P-16:0/22:2),Phosphatidylethanolamine (P-16:0/22:2),PE,P-PE,PE P-16:0/22:2,755.5829,3.945,4.695,PE(P-16:0/22:2)
ATG_PE.P_16.0_22.4,PE P-16:0/22:4,12.6886122141057,TG,Highlighted Metabolites,ATG_PE_splash_15.0_18.1_d7,PUFA,38,SLM:000099473,C43H78NO7P,,,750.5,331.3,45,4.2,http://purl.bioontology.org/ontology/NCBITAXON/9606,Homo sapiens,PE(P-16:0/22:4),Phosphatidylethanolamine (P-16:0/22:4),PE,P-PE,PE P-16:0/22:4,751.5516,3.945,4.695,PE(P-16:0/22:4)
ATG_PE.P_16.0_22.6,PE P-16:0/22:6,13.8092395075526,TG,Highlighted Metabolites,ATG_PE_splash_15.0_18.1_d7,PUFA,38,SLM:000099475,C43H74NO7P,,,746.5,327.2,45,4.2,http://purl.bioontology.org/ontology/NCBITAXON/9606,Homo sapiens,PE(P-16:0/22:6),Phosphatidylethanolamine (P-16:0/22:6),PE,P-PE,PE P-16:0/22:6,747.5203,3.895,4.645,PE(P-16:0/22:6)
ATG_PE.P_18.0_14.1,PE P-18:0/14:1,9.50931326993565,TG,Highlighted Metabolites,ATG_PE_splash_15.0_18.1_d7,MUFA,32,SLM:000099580,C37H72NO7P,,,672.5,225.2,45,4.2,http://purl.bioontology.org/ontology/NCBITAXON/9606,Homo sapiens,PE(P-18:0/14:1),Phosphatidylethanolamine (P-18:0/14:1),PE,P-PE,PE P-18:0/14:1,673.5046,3.895,4.645,PE(P-18:0/14:1)
ANG_DG16.0_18.1,DG 16:0_18:1,19.54254864654,POS,with caution,ANG_DG_splash_15.0_18.1_d7,MUFA,34,SLM:000308862,C37H70O5,,,612.6,313.2,25,1.4,http://purl.bioontology.org/ontology/NCBITAXON/9606,Homo sapiens,DG(16:0_18:1),Diacylglycerol (16:0_18:1),DG,DG,DG 16:0_18:1,594.5223,1,2,DAG(16:0_18:1)
ANG_DG16.0_18.2,DG 16:0_18:2,26.6944416134481,POS,with caution,ANG_DG_splash_15.0_18.1_d7,PUFA,34,SLM:000308863,C37H68O5,,,610.4,313.2,25,1.4,http://purl.bioontology.org/ontology/NCBITAXON/9606,Homo sapiens,DG(16:0_18:2),Diacylglycerol (16:0_18:2),DG,DG,DG 16:0_18:2,592.5067,1,2,DAG(16:0_18:2)
ANG_DG16.0_20.4,DG 16:0_20:4,24.8780999188972,POS,with caution,ANG_DG_splash_15.0_18.1_d7,PUFA,36,SLM:000308871,C39H68O5,,,634.5,313.3,25,1.4,http://purl.bioontology.org/ontology/NCBITAXON/9606,Homo sapiens,DG(16:0_20:4),Diacylglycerol (16:0_20:4),DG,DG,DG 16:0_20:4,616.5067,1,2,DAG(16:0_20:4)
ANG_DG16.0_22.6,DG 16:0_22:6,20.4734753986702,POS,with caution,ANG_DG_splash_15.0_18.1_d7,PUFA,38,SLM:000308880,C41H68O5,,,658.5,313.3,25,1.4,http://purl.bioontology.org/ontology/NCBITAXON/9606,Homo sapiens,DG(16:0_22:6),Diacylglycerol (16:0_22:6),DG,DG,DG 16:0_22:6,640.5067,1,2,DAG(16:0_22:6)
ANG_DG16.1_18.1,DG 16:1_18:1,23.776961076088998,POS,with caution,ANG_DG_splash_15.0_18.1_d7,PUFA,34,SLM:000308894,C37H68O5,,,610.4,311.2,25,1.4,http://purl.bioontology.org/ontology/NCBITAXON/9606,Homo sapiens,DG(16:1_18:1),Diacylglycerol (16:1_18:1),DG,DG,DG 16:1_18:1,592.5067,1,2,DAG(16:1_18:1)
ANG_DG16.1_18.2,DG 16:1_18:2,28.1644292513271,POS,with caution,ANG_DG_splash_15.0_18.1_d7,PUFA,34,SLM:000308895,C37H66O5,,,608.5,311.2,25,1.4,http://purl.bioontology.org/ontology/NCBITAXON/9606,Homo sapiens,DG(16:1_18:2),Diacylglycerol (16:1_18:2),DG,DG,DG 16:1_18:2,590.491,1,2,DAG(16:1_18:2)
ANG_DG16.1_20.2,DG 16:1_20:2,29.3104870532444,POS,with caution,ANG_DG_splash_15.0_18.1_d7,PUFA,36,SLM:000308901,C39H70O5,,,636.6,311.3,25,1.4,http://purl.bioontology.org/ontology/NCBITAXON/9606,Homo sapiens,DG(16:1_20:2),Diacylglycerol (16:1_20:2),DG,DG,DG 16:1_20:2,618.5223,1,2,DAG(16:1_20:2)
ANG_DG18.0_18.1,DG 18:0_18:1,24.9204178915837,POS,with caution,ANG_DG_splash_15.0_18.1_d7,MUFA,36,SLM:000308984,C39H74O5,,,640.4,341.3,25,1.4,http://purl.bioontology.org/ontology/NCBITAXON/9606,Homo sapiens,DG(18:0_18:1),Diacylglycerol (18:0_18:1),DG,DG,DG 18:0_18:1,622.5536,1,2,DAG(18:0_18:1)
ANG_DG18.0_18.2,DG 18:0_18:2,27.2026453906015,POS,with caution,ANG_DG_splash_15.0_18.1_d7,PUFA,36,SLM:000308985,C39H72O5,,,638.4,341.3,25,1.4,http://purl.bioontology.org/ontology/NCBITAXON/9606,Homo sapiens,DG(18:0_18:2),Diacylglycerol (18:0_18:2),DG,DG,DG 18:0_18:2,620.538,1,2,DAG(18:0_18:2)
ANG_DG18.1_18.1,DG 18:1_18:1,24.7204758146539,POS,with caution,ANG_DG_splash_15.0_18.1_d7,PUFA,36,SLM:000309012,C39H72O5,,,638.4,339.3,25,1.4,http://purl.bioontology.org/ontology/NCBITAXON/9606,Homo sapiens,DG(18:1_18:1),Diacylglycerol (18:1_18:1),DG,DG,DG 18:1_18:1,620.538,1,2,DAG(18:1_18:1)
ANG_DG18.1_18.2,DG 18:1_18:2,29.4142277472752,POS,with caution,ANG_DG_splash_15.0_18.1_d7,PUFA,36,SLM:000309013,C39H70O5,,,636.5,339.3,25,1.4,http://purl.bioontology.org/ontology/NCBITAXON/9606,Homo sapiens,DG(18:1_18:2),Diacylglycerol (18:1_18:2),DG,DG,DG 18:1_18:2,618.5223,1,2,DAG(18:1_18:2)
ANG_CE18.1,CE 18:1,27.8138969922981,POS,with caution,ANG_CE_splash_18.1_d7,MUFA,18,SLM:000000508,C45H78O2,,,668.634,369.4,25,1.4,http://purl.bioontology.org/ontology/NCBITAXON/9606,Homo sapiens,CE(18:1(9Z)),(9Z-octadecenoyl)-cholesterol,Chol. esters,Chol. esters,CE 18:1,650.6002,1,2,CE(18:1)
ANG_CE18.2,CE 18:2,22.2030447937421,POS,with caution,ANG_CE_splash_18.1_d7,PUFA,18,SLM:000389780,C45H76O2,,,666.618,369.4,25,1.4,http://purl.bioontology.org/ontology/NCBITAXON/9606,Homo sapiens,"CE(18:2(9Z,12Z))","(9Z,12Z-octadecadienoyl)-cholesterol",Chol. esters,Chol. esters,CE 18:2,648.5845,1,2,CE(18:2)
ANG_CE20.4,CE 20:4,22.9730089266991,POS,with caution,ANG_CE_splash_18.1_d7,PUFA,20,SLM:000500280,C47H76O2,,,690.618,369.4,25,1.4,http://purl.bioontology.org/ontology/NCBITAXON/9606,Homo sapiens,"CE(20:4(5Z,8Z,11Z,14Z))","(5Z,8Z,11Z,14Z-eicosatetraenoyl)-cholesterol",Chol. esters,Chol. esters,CE 20:4,672.5845,1,2,CE(20:4)
ANG_CE22.4,CE 22:4,27.5340572763901,POS,with caution,ANG_CE_splash_18.1_d7,PUFA,22,SLM:000500290,C49H80O2,,,718.65,369.4,25,1.4,http://purl.bioontology.org/ontology/NCBITAXON/9606,Homo sapiens,"CE(22:4(7Z,10Z,13Z,16Z))","(7Z,10Z,13Z,16Z-docosatetraenoyl)-cholesterol",Chol. esters,Chol. esters,CE 22:4,700.6158,1,2,CE(22:4)
ANG_CE22.5,CE 22:5,26.9157267396254,POS,with caution,ANG_CE_splash_18.1_d7,PUFA,22,SLM:000500288,C49H78O2,,,716.634,369.4,25,1.4,http://purl.bioontology.org/ontology/NCBITAXON/9606,Homo sapiens,"CE(22:5(7Z,10Z,13Z,16Z,19Z))","(7Z,10Z,13Z,16Z,19Z-docosapentaenoyl)-cholesterol",Chol. esters,Chol. esters,CE 22:5,698.6002,1,2,CE(22:5)
ANG_CE21.6,CE 21:6,22.3229260283996,POS,with caution,,PUFA,21,,C48H74O2,,,,,,1.4,http://purl.bioontology.org/ontology/NCBITAXON/9606,Homo sapiens,,,Chol. esters,Chol. esters,CE 21:6*,682.5689,,,
ANG_SM_d27.1,SM d27:1,22.4233723722466,POS,with caution,ANG_SM_splash_d18.1_18.1_d9,MUFA,27,SLM:000390669,C32H65N2O6P,,,605.465,184.1,35,5.7,http://purl.bioontology.org/ontology/NCBITAXON/9606,Homo sapiens,SM(d27:1),Sphingomyelin (d27:1),SM,SM,SM 27:1;O2,604.458,5.445,6.195,SM d27:1
ANG_SM_d28.0,SM d28:0,22.6436889183806,POS,with caution,ANG_SM_splash_d18.1_18.1_d9,SFA,28,SLM:000390674,C33H69N2O6P,,,621.496,184.1,35,5.7,http://purl.bioontology.org/ontology/NCBITAXON/9606,Homo sapiens,SM(d28:0),Sphingomyelin (d28:0),SM,SM,SM 28:0;O2,620.4893,5.445,6.195,SM d28:0
ANG_SM_d29.1,SM d29:1,22.4408414283667,POS,with caution,ANG_SM_splash_d18.1_18.1_d9,MUFA,29,SLM:000390676,C34H69N2O6P,,,633.497,184.1,35,5.7,http://purl.bioontology.org/ontology/NCBITAXON/9606,Homo sapiens,SM(d29:1),Sphingomyelin (d29:1),SM,SM,SM 29:1;O2,632.4893,5.445,6.195,SM d29:1
ANG_SM_d30.0,SM d30:0,20.3668703202127,POS,with caution,ANG_SM_splash_d18.1_18.1_d9,SFA,30,SLM:000390683,C35H73N2O6P,,,649.528,184.1,35,5.7,http://purl.bioontology.org/ontology/NCBITAXON/9606,Homo sapiens,SM(d30:0),Sphingomyelin (d30:0),SM,SM,SM 30:0;O2,648.5206,5.445,6.195,SM d30:0
ANG_SM_d31.1,SM d31:1,27.1043435470363,POS,with caution,ANG_SM_splash_d18.1_18.1_d9,MUFA,31,SLM:000390687,C36H73N2O6P,,,661.528,184.1,15,5.7,http://purl.bioontology.org/ontology/NCBITAXON/9606,Homo sapiens,SM(d31:1),Sphingomyelin (d31:1),SM,SM,SM 31:1;O2,660.5206,5.445,6.195,SM d31:1
ANG_SM_d32.0,SM d32:0,21.3238704479986,POS,with caution,ANG_SM_splash_d18.1_18.1_d9,SFA,32,SLM:000390697,C37H77N2O6P,,,677.559,184.1,15,5.7,http://purl.bioontology.org/ontology/NCBITAXON/9606,Homo sapiens,SM(d32:0),Sphingomyelin (d32:0),SM,SM,SM 32:0;O2,676.5519,5.445,6.195,SM d32:0
ANG_SM_d32.1,SM d32:1,20.7674411175852,POS,with caution,ANG_SM_splash_d18.1_18.1_d9,MUFA,32,SLM:000390695,C37H75N2O6P,,,675.544,184.1,15,5.7,http://purl.bioontology.org/ontology/NCBITAXON/9606,Homo sapiens,SM(d32:1),Sphingomyelin (d32:1),SM,SM,SM 32:1;O2,674.5363,5.445,6.195,SM d32:1
ANG_SM_d33.2,SM d33:2,16.6798955323761,POS,with caution,ANG_SM_splash_d18.1_18.1_d9,PUFA,33,SLM:000390702,C38H75N2O6P,,,687.544,184.1,15,5.7,http://purl.bioontology.org/ontology/NCBITAXON/9606,Homo sapiens,SM(d33:2),Sphingomyelin (d33:2),SM,SM,SM 33:2;O2,686.5363,5.445,6.195,SM d33:2
ANG_SM_d36.0,SM d36:0,16.8988748539213,POS,with caution,ANG_SM_splash_d18.1_18.1_d9,SFA,36,SLM:000390741,C41H85N2O6P,,,733.622,184.1,15,5.7,http://purl.bioontology.org/ontology/NCBITAXON/9606,Homo sapiens,SM(d36:0),Sphingomyelin (d36:0),SM,SM,SM 36:0;O2,732.6145,5.445,6.195,SM d36:0
ANG_SM_d36.1,SM d36:1,16.7439456382512,POS,with caution,ANG_SM_splash_d18.1_18.1_d9,MUFA,36,SLM:000390739,C41H83N2O6P,,,731.606,184.1,15,5.7,http://purl.bioontology.org/ontology/NCBITAXON/9606,Homo sapiens,SM(d36:1),Sphingomyelin (d36:1),SM,SM,SM 36:1;O2,730.5989,5.445,6.195,SM d36:1
ANG_SM_d36.2,SM d36:2,17.4415099278812,POS,with caution,ANG_SM_splash_d18.1_18.1_d9,PUFA,36,SLM:000390737,C41H81N2O6P,,,729.591,184.1,15,5.7,http://purl.bioontology.org/ontology/NCBITAXON/9606,Homo sapiens,SM(d36:2),Sphingomyelin (d36:2),SM,SM,SM 36:2;O2,728.5832,5.445,6.195,SM d36:2
ANG_SM_d36.3,SM d36:3,20.4979492733424,POS,with caution,ANG_SM_splash_d18.1_18.1_d9,PUFA,36,SLM:000390735,C41H79N2O6P,,,727.575,184.1,15,5.7,http://purl.bioontology.org/ontology/NCBITAXON/9606,Homo sapiens,SM(d36:3),Sphingomyelin (d36:3),SM,SM,SM 36:3;O2,726.5676,5.445,6.195,SM d36:3
ANG_SM_d37.1,SM d37:1,22.8105865479117,POS,with caution,ANG_SM_splash_d18.1_18.1_d9,MUFA,37,SLM:000390753,C42H85N2O6P,,,745.622,184.1,15,5.7,http://purl.bioontology.org/ontology/NCBITAXON/9606,Homo sapiens,SM(d37:1),Sphingomyelin (d37:1),SM,SM,SM 37:1;O2,744.6145,5.445,6.195,SM d37:1
ANG_SM_d37.2,SM d37:2,25.9684467014598,POS,with caution,ANG_SM_splash_d18.1_18.1_d9,PUFA,37,SLM:000390751,C42H83N2O6P,,,743.606,184.1,15,5.7,http://purl.bioontology.org/ontology/NCBITAXON/9606,Homo sapiens,SM(d37:2),Sphingomyelin (d37:2),SM,SM,SM 37:2;O2,742.5989,5.445,6.195,SM d37:2
ANG_SM_d38.0,SM d38:0,17.5737378011353,POS,with caution,ANG_SM_splash_d18.1_18.1_d9,SFA,38,SLM:000390770,C43H89N2O6P,,,761.653,184.1,15,5.7,http://purl.bioontology.org/ontology/NCBITAXON/9606,Homo sapiens,SM(d38:0),Sphingomyelin (d38:0),SM,SM,SM 38:0;O2,760.6458,5.445,6.195,SM d38:0
ANG_SM_d38.1,SM d38:1,20.8520485521865,POS,with caution,ANG_SM_splash_d18.1_18.1_d9,MUFA,38,SLM:000390767,C43H87N2O6P,,,759.637,184.1,15,5.7,http://purl.bioontology.org/ontology/NCBITAXON/9606,Homo sapiens,SM(d38:1),Sphingomyelin (d38:1),SM,SM,SM 38:1;O2,758.6302,5.445,6.195,SM d38:1
ANG_SM_d38.2,SM d38:2,25.2893544836163,POS,with caution,ANG_SM_splash_d18.1_18.1_d9,PUFA,38,SLM:000390765,C43H85N2O6P,,,757.622,184.1,15,5.7,http://purl.bioontology.org/ontology/NCBITAXON/9606,Homo sapiens,SM(d38:2),Sphingomyelin (d38:2),SM,SM,SM 38:2;O2,756.6145,5.445,6.195,SM d38:2
ANG_SM_d38.3,SM d38:3,27.6854973958423,POS,with caution,ANG_SM_splash_d18.1_18.1_d9,PUFA,38,SLM:000390763,C43H83N2O6P,,,755.606,184.1,15,5.7,http://purl.bioontology.org/ontology/NCBITAXON/9606,Homo sapiens,SM(d38:3),Sphingomyelin (d38:3),SM,SM,SM 38:3;O2,754.5989,5.445,6.195,SM d38:3
ANG_SM_d38.7,SM d38:7,15.3984208827316,POS,with caution,ANG_SM_splash_d18.1_18.1_d9,PUFA,38,SLM:000390754,C43H75N2O6P,,,747.544,184.1,35,5.7,http://purl.bioontology.org/ontology/NCBITAXON/9606,Homo sapiens,SM(d38:7),Sphingomyelin (d38:7),SM,SM,SM 38:7;O2,746.5363,5.445,6.195,SM d38:7
ANG_SM_d39.1,SM d39:1,22.5885500330378,POS,with caution,ANG_SM_splash_d18.1_18.1_d9,MUFA,39,SLM:000390782,C44H89N2O6P,,,773.653,184.1,15,5.7,http://purl.bioontology.org/ontology/NCBITAXON/9606,Homo sapiens,SM(d39:1),Sphingomyelin (d39:1),SM,SM,SM 39:1;O2,772.6458,5.445,6.195,SM d39:1
ANG_SM_d39.2,SM d39:2,27.598878525529,POS,with caution,ANG_SM_splash_d18.1_18.1_d9,PUFA,39,SLM:000390780,C44H87N2O6P,,,771.637,184.1,15,5.7,http://purl.bioontology.org/ontology/NCBITAXON/9606,Homo sapiens,SM(d39:2),Sphingomyelin (d39:2),SM,SM,SM 39:2;O2,770.6302,5.445,6.195,SM d39:2
ANG_SM_d40.0,SM d40:0,16.3293769553074,POS,with caution,ANG_SM_splash_d18.1_18.1_d9,SFA,40,SLM:000390800,C45H93N2O6P,,,789.684,184.1,15,5.7,http://purl.bioontology.org/ontology/NCBITAXON/9606,Homo sapiens,SM(d40:0),Sphingomyelin (d40:0),SM,SM,SM 40:0;O2,788.6771,5.445,6.195,SM d40:0
ANG_SM_d40.1,SM d40:1,19.4190032558981,POS,with caution,ANG_SM_splash_d18.1_18.1_d9,MUFA,40,SLM:000390797,C45H91N2O6P,,,787.669,184.1,15,5.7,http://purl.bioontology.org/ontology/NCBITAXON/9606,Homo sapiens,SM(d40:1),Sphingomyelin (d40:1),SM,SM,SM 40:1;O2,786.6615,5.445,6.195,SM d40:1
ANG_SM_d40.2,SM d40:2,25.9674772174593,POS,with caution,ANG_SM_splash_d18.1_18.1_d9,PUFA,40,SLM:000390795,C45H89N2O6P,,,785.653,184.1,15,5.7,http://purl.bioontology.org/ontology/NCBITAXON/9606,Homo sapiens,SM(d40:2),Sphingomyelin (d40:2),SM,SM,SM 40:2;O2,784.6458,5.445,6.195,SM d40:2
ANG_SM_d40.3,SM d40:3,21.9278152526823,POS,with caution,ANG_SM_splash_d18.1_18.1_d9,PUFA,40,SLM:000390793,C45H87N2O6P,,,783.637,184.1,15,5.7,http://purl.bioontology.org/ontology/NCBITAXON/9606,Homo sapiens,SM(d40:3),Sphingomyelin (d40:3),SM,SM,SM 40:3;O2,782.6302,5.445,6.195,SM d40:3
ANG_SM_d41.1,SM d41:1,17.5834451688545,POS,with caution,ANG_SM_splash_d18.1_18.1_d9,MUFA,41,SLM:000390811,C46H93N2O6P,,,801.684,184.1,15,5.7,http://purl.bioontology.org/ontology/NCBITAXON/9606,Homo sapiens,SM(d41:1),Sphingomyelin (d41:1),SM,SM,SM 41:1;O2,800.6771,5.445,6.195,SM d41:1
ANG_SM_d41.2,SM d41:2,21.4940962494034,POS,with caution,ANG_SM_splash_d18.1_18.1_d9,PUFA,41,SLM:000390809,C46H91N2O6P,,,799.669,184.1,15,5.7,http://purl.bioontology.org/ontology/NCBITAXON/9606,Homo sapiens,SM(d41:2),Sphingomyelin (d41:2),SM,SM,SM 41:2;O2,798.6615,5.445,6.195,SM d41:2
ANG_SM_d41.3,SM d41:3,18.6210511393029,POS,with caution,,PUFA,41,,C46H89N2O6P,,,797.653,184.1,15,5.7,http://purl.bioontology.org/ontology/NCBITAXON/9606,Homo sapiens,,,SM,SM,SM 41:3;O2,796.6458,5.445,6.195,SM d41:3
ANG_SM_d42.1,SM d42:1,16.0461151868311,POS,with caution,ANG_SM_splash_d18.1_18.1_d9,MUFA,42,SLM:000390824,C47H95N2O6P,,,815.7,184.1,15,5.7,http://purl.bioontology.org/ontology/NCBITAXON/9606,Homo sapiens,SM(d42:1),Sphingomyelin (d42:1),SM,SM,SM 42:1;O2,814.6928,5.445,6.195,SM d42:1
ANG_SM_d42.2,SM d42:2,24.5708228556351,POS,with caution,ANG_SM_splash_d18.1_18.1_d9,PUFA,42,SLM:000390823,C47H93N2O6P,,,813.684,184.1,8,5.7,http://purl.bioontology.org/ontology/NCBITAXON/9606,Homo sapiens,SM(d42:2),Sphingomyelin (d42:2),SM,SM,SM 42:2;O2,812.6771,5.445,6.195,SM d42:2
ANG_SM_d42.3,SM d42:3,16.9753770090159,POS,with caution,ANG_SM_splash_d18.1_18.1_d9,PUFA,42,SLM:000390822,C47H91N2O6P,,,811.669,184.1,15,5.7,http://purl.bioontology.org/ontology/NCBITAXON/9606,Homo sapiens,SM(d42:3),Sphingomyelin (d42:3),SM,SM,SM 42:3;O2,810.6615,5.445,6.195,SM d42:3
ANG_SM_d42.4,SM d42:4,19.2216466934207,POS,with caution,ANG_SM_splash_d18.1_18.1_d9,PUFA,42,SLM:000390820,C47H89N2O6P,,,809.653,184.1,15,5.7,http://purl.bioontology.org/ontology/NCBITAXON/9606,Homo sapiens,SM(d42:4),Sphingomyelin (d42:4),SM,SM,SM 42:4;O2,808.6458,5.445,6.195,SM d42:4
ANG_SM_d42.7,SM d42:7,17.5799252839838,POS,with caution,ANG_SM_splash_d18.1_18.1_d9,PUFA,42,SLM:000390812,C47H83N2O6P,,,803.606,184.1,15,5.7,http://purl.bioontology.org/ontology/NCBITAXON/9606,Homo sapiens,SM(d42:7),Sphingomyelin (d42:7),SM,SM,SM 42:7;O2,802.5989,5.445,6.195,SM d42:7
ANG_SM_d43.1,SM d43:1,15.1268901645839,POS,with caution,ANG_SM_splash_d18.1_18.1_d9,MUFA,43,SLM:000390838,C48H97N2O6P,,,829.716,184.1,15,5.7,http://purl.bioontology.org/ontology/NCBITAXON/9606,Homo sapiens,SM(d43:1),Sphingomyelin (d43:1),SM,SM,SM 43:1;O2,828.7084,5.445,6.195,SM d43:1
ANG_SM_d43.2,SM d43:2,21.836711728638,POS,with caution,ANG_SM_splash_d18.1_18.1_d9,PUFA,43,SLM:000390836,C48H95N2O6P,,,827.7,184.1,15,5.7,http://purl.bioontology.org/ontology/NCBITAXON/9606,Homo sapiens,SM(d43:2),Sphingomyelin (d43:2),SM,SM,SM 43:2;O2,826.6928,5.445,6.195,SM d43:2
ANG_SM_d43.3,SM d43:3,21.6127382923429,POS,with caution,,PUFA,43,,C48H93N2O6P,,,825.684,184.1,15,5.7,http://purl.bioontology.org/ontology/NCBITAXON/9606,Homo sapiens,,,SM,SM,SM 43:3;O2,824.6771,5.445,6.195,SM d43:3
ANG_SM_d44.2,SM d44:2,17.811873589853,POS,with caution,ANG_SM_splash_d18.1_18.1_d9,PUFA,44,SLM:000390849,C49H97N2O6P,,,841.716,184.1,15,5.7,http://purl.bioontology.org/ontology/NCBITAXON/9606,Homo sapiens,SM(d44:2),Sphingomyelin (d44:2),SM,SM,SM 44:2;O2,840.7084,5.445,6.195,SM d44:2
ANG_SM_d44.3,SM d44:3,21.0729118404301,POS,with caution,,PUFA,44,,C49H95N2O6P,,,839.7,184.1,15,5.7,http://purl.bioontology.org/ontology/NCBITAXON/9606,Homo sapiens,,,SM,SM,SM 44:3;O2,838.6928,5.445,6.195,SM d44:3
ANG_SM_d44.6,SM d44:6,19.6159664316302,POS,with caution,ANG_SM_splash_d18.1_18.1_d9,PUFA,44,SLM:000390842,C49H89N2O6P,,,833.653,184.1,15,5.7,http://purl.bioontology.org/ontology/NCBITAXON/9606,Homo sapiens,SM(d44:6),Sphingomyelin (d44:6),SM,SM,SM 44:6;O2,832.6458,5.445,6.195,SM d44:6
ANG_GluCer16.0,HexCer d18:1/16:0,27.9594154552586,POS,with caution,,MUFA,34,SLM:000393859,C40H77NO8,,,700.7,264.4,15,4.3,http://purl.bioontology.org/ontology/NCBITAXON/9606,Homo sapiens,HexCer(d18:1/16:0),Hexosyl ceramide (d18:1/16:0),HexCer,HexCer,HexCer 18:1;O2/16:0,699.5649,4,5,HCER(16:0)
ANG_GluCer18.1,HexCer d18:1/18:1,25.993657933065,POS,with caution,,PUFA,36,SLM:000393864,C42H79NO8,,,726.7,264.4,43,4.3,http://purl.bioontology.org/ontology/NCBITAXON/9606,Homo sapiens,HexCer(d18:1/18:1),Hexosyl ceramide (d18:1/18:1),HexCer,HexCer,HexCer 18:1;O2/18:1,725.5806,4,5,HCER(18:1)
ANG_GluCer20.0,HexCer d18:1/20:0,28.8221354231518,POS,with caution,,MUFA,38,SLM:000393870,C44H85NO8,,,756.7,264.4,43,4.3,http://purl.bioontology.org/ontology/NCBITAXON/9606,Homo sapiens,HexCer(d18:1/20:0),Hexosyl ceramide (d18:1/20:0),HexCer,HexCer,HexCer 18:1;O2/20:0,755.6275,4,5,HCER(20:0)
ANG_GluCer20.1,HexCer d18:1/20:1,29.9901240563817,POS,with caution,,PUFA,38,SLM:000393871,C44H83NO8,,,754.7,264.4,43,4.3,http://purl.bioontology.org/ontology/NCBITAXON/9606,Homo sapiens,HexCer(d18:1/20:1),Hexosyl ceramide (d18:1/20:1),HexCer,HexCer,HexCer 18:1;O2/20:1,753.6119,4,5,HCER(20:1)
ANG_GluCer22.0,HexCer d18:1/22:0,17.8167236404904,POS,with caution,,MUFA,40,SLM:000393877,C46H89NO8,,,784.9,264.4,15,4.3,http://purl.bioontology.org/ontology/NCBITAXON/9606,Homo sapiens,HexCer(d18:1/22:0),Hexosyl ceramide (d18:1/22:0),HexCer,HexCer,HexCer 18:1;O2/22:0,783.6588,4,5,HCER(22:0)
ANG_GluCer24.0,HexCer d18:1/24:0,21.9318641712042,POS,with caution,,MUFA,42,SLM:000393884,C48H93NO8,,,812.9,264.4,15,4.3,http://purl.bioontology.org/ontology/NCBITAXON/9606,Homo sapiens,HexCer(d18:1/24:0),Hexosyl ceramide (d18:1/24:0),HexCer,HexCer,HexCer 18:1;O2/24:0,811.6901,4,5,HCER(24:0)
ANG_GluCer24.1,HexCer d18:1/24:1,15.4276403639321,POS,with caution,,PUFA,42,SLM:000393885,C48H91NO8,,,810.9,264.4,15,4.3,http://purl.bioontology.org/ontology/NCBITAXON/9606,Homo sapiens,HexCer(d18:1/24:1),Hexosyl ceramide (d18:1/24:1),HexCer,HexCer,HexCer 18:1;O2/24:1,809.6745,4,5,HCER(24:1)
ANG_GluCer26.0,HexCer d18:1/26:0,23.2827755390234,POS,with caution,,MUFA,44,SLM:000393889,C50H97NO8,,,840.9,264.4,43,4.3,http://purl.bioontology.org/ontology/NCBITAXON/9606,Homo sapiens,HexCer(d18:1/26:0),Hexosyl ceramide (d18:1/26:0),HexCer,HexCer,HexCer 18:1;O2/26:0,839.7214,4,5,HCER(26:0)
ANG_GluCer26.1,HexCer d18:1/26:1,22.2088615975719,POS,with caution,,PUFA,44,SLM:000393890,C50H95NO8,,,838.9,264.4,43,4.3,http://purl.bioontology.org/ontology/NCBITAXON/9606,Homo sapiens,HexCer(d18:1/26:1),Hexosyl ceramide (d18:1/26:1),HexCer,HexCer,HexCer 18:1;O2/26:1,837.7058,4,5,HCER(26:1)
ANG_GluCer_d18.1_17.0,HexCer d18:1/17:0,19.5637168194511,POS,with caution,ANG_GluCer_d18.1_14.0,MUFA,35,SLM:000393862,C41H79NO8,,,,,,4.3,http://purl.bioontology.org/ontology/NCBITAXON/9606,Homo sapiens,HexCer(d18:1/17:0),Hexosyl ceramide (d18:1/17:0),HexCer,HexCer,HexCer 18:1;O2/17:0,713.5806,,,
ANG_GluCerd18.0_22.0,HexCer  d18:0/22:0,16.1423250234395,POS,with caution,,SFA,40,SLM:000393813,C46H91NO8,,,786.8,266.4,43,4.3,http://purl.bioontology.org/ontology/NCBITAXON/9606,Homo sapiens,HexCer(d18:0/22:0),Hexosyl ceramide (d18:0/22:0),HexCer,HexCer,HexCer 18:0;O2/22:0,785.6745,4,5,GluCer d18:0_22:0
ANG_LacCer_d18.1_12.0,LacCer d18:1/12:0,27.221779249652,POS,with caution,ANG_LacCer_ d18.1_12.1,MUFA,30,SLM:000393342,C42H79NO13,,,806.6,264.4,43,5.7,http://purl.bioontology.org/ontology/NCBITAXON/9606,Homo sapiens,Hex2Cer(d18:1/12:0),Dihexosyl ceramide (d18:1/12:0),LacCer,LacCer,LacCer 18:1;O2/12:0,805.5551,5.225,5.975,LacCer d18:1_12:0
ANG_LacCer20.0,LacCer d18:1/20:0,22.124655649119,POS,with caution,,MUFA,38,SLM:000393358,C50H95NO13,,,918.2,264.4,43,5.7,http://purl.bioontology.org/ontology/NCBITAXON/9606,Homo sapiens,Hex2Cer(d18:1/20:0),Dihexosyl ceramide (d18:1/20:0),LacCer,LacCer,LacCer 18:1;O2/20:0,917.6803,5.225,5.975,LCER(20:0)
ANG_LacCer22.0,LacCer d18:1/22:0,22.4737322386277,POS,with caution,,MUFA,40,SLM:000393365,C52H99NO13,,,946.2,264.4,43,5.7,http://purl.bioontology.org/ontology/NCBITAXON/9606,Homo sapiens,Hex2Cer(d18:1/22:0),Dihexosyl ceramide (d18:1/22:0),LacCer,LacCer,LacCer 18:1;O2/22:0,945.7116,5.225,5.975,LCER(22:0)
ANG_LacCer22.1,LacCer d18:1/22:1,26.6093570574434,POS,with caution,,PUFA,40,SLM:000393366,C52H97NO13,,,944.2,264.4,43,5.7,http://purl.bioontology.org/ontology/NCBITAXON/9606,Homo sapiens,Hex2Cer(d18:1/22:1),Dihexosyl ceramide (d18:1/22:1),LacCer,LacCer,LacCer 18:1;O2/22:1,943.696,5.225,5.975,LCER(22:1)
ANG_LacCer24.0,LacCer d18:1/24:0,20.6207921784996,POS,with caution,,MUFA,42,SLM:000393372,C54H103NO13,,,974.8,264.4,43,5.7,http://purl.bioontology.org/ontology/NCBITAXON/9606,Homo sapiens,Hex2Cer(d18:1/24:0),Dihexosyl ceramide (d18:1/24:0),LacCer,LacCer,LacCer 18:1;O2/24:0,973.7429,5.225,5.975,LCER(24:0)
ANG_LacCer24.1,LacCer d18:1/24:1,27.8427963046615,POS,with caution,,PUFA,42,SLM:000393373,C54H101NO13,,,972.9,264.4,43,5.7,http://purl.bioontology.org/ontology/NCBITAXON/9606,Homo sapiens,Hex2Cer(d18:1/24:1),Dihexosyl ceramide (d18:1/24:1),LacCer,LacCer,LacCer 18:1;O2/24:1,971.7273,5.225,5.975,LCER(24:1)
ANG_LacCerd18.0_24.0,LacCer d18:0/24:0,22.519610450218,POS,with caution,,SFA,42,SLM:000393308,C54H105NO13,,,976.8,266.4,43,5.7,http://purl.bioontology.org/ontology/NCBITAXON/9606,Homo sapiens,Hex2Cer(d18:0/24:0),Dihexosyl ceramide (d18:0/24:0),LacCer,LacCer,LacCer 18:0;O2/24:0,975.7586,5.225,5.975,LacCer d18:0_24:0
ANG_LacCerd18.0_24.1,LacCer d18:0/24:1,28.2461000919765,POS,with caution,,MUFA,42,SLM:000393309,C54H103NO13,,,974.7,266.4,43,5.7,http://purl.bioontology.org/ontology/NCBITAXON/9606,Homo sapiens,Hex2Cer(d18:0/24:1),Dihexosyl ceramide (d18:0/24:1),LacCer,LacCer,LacCer 18:0;O2/24:1,973.7429,5.225,5.975,LacCer d18:0_24:1
ANG_Cer16.0,Cer d18:1/16:0,29.0020895228766,POS,with caution,,MUFA,34,SLM:000392131,C34H67NO3,,,538.6,264.4,15,1.6,http://purl.bioontology.org/ontology/NCBITAXON/9606,Homo sapiens,Cer(d18:1/16:0),Ceramide (d18:1/16:0),Cer,Cer,Cer 18:1;O2/16:0,537.5121,1.25,2.25,CER(16:0)
ANG_Cer18.0,Cer d18:1/18:0,25.709196896973,POS,with caution,,MUFA,36,SLM:000392135,C36H71NO3,,,566.7,264.4,43,1.6,http://purl.bioontology.org/ontology/NCBITAXON/9606,Homo sapiens,Cer(d18:1/18:0),Ceramide (d18:1/18:0),Cer,Cer,Cer 18:1;O2/18:0,565.5434,1.25,2.25,CER(18:0)
ANG_Cer18.1,Cer d18:1/18:1,20.5663388367128,POS,with caution,,PUFA,36,SLM:000392136,C36H69NO3,,,564.8,264.4,43,1.6,http://purl.bioontology.org/ontology/NCBITAXON/9606,Homo sapiens,Cer(d18:1/18:1),Ceramide (d18:1/18:1),Cer,Cer,Cer 18:1;O2/18:1,563.5277,1.25,2.25,CER(18:1)
ANG_Cer20.0,Cer d18:1/20:0,24.386864840731,POS,with caution,,MUFA,38,SLM:000392142,C38H75NO3,,,594.6,264.4,43,1.6,http://purl.bioontology.org/ontology/NCBITAXON/9606,Homo sapiens,Cer(d18:1/20:0),Ceramide (d18:1/20:0),Cer,Cer,Cer 18:1;O2/20:0,593.5747,1.25,2.25,CER(20:0)
ANG_Cer20.1,Cer d18:1/20:1,21.7228278991497,POS,with caution,,PUFA,38,SLM:000392143,C38H73NO3,,,592.6,264.4,43,1.6,http://purl.bioontology.org/ontology/NCBITAXON/9606,Homo sapiens,Cer(d18:1/20:1),Ceramide (d18:1/20:1),Cer,Cer,Cer 18:1;O2/20:1,591.559,1.25,2.25,CER(20:1)
ANG_Cer22.0,Cer d18:1/22:0,28.5573639702841,POS,with caution,,MUFA,40,SLM:000392149,C40H79NO3,,,622.7,264.4,43,1.6,http://purl.bioontology.org/ontology/NCBITAXON/9606,Homo sapiens,Cer(d18:1/22:0),Ceramide (d18:1/22:0),Cer,Cer,Cer 18:1;O2/22:0,621.606,1.25,2.25,CER(22:0)
ANG_Cer22.1,Cer d18:1/22:1,21.7779196064075,POS,with caution,,PUFA,40,SLM:000392150,C40H77NO3,,,620.7,264.4,43,1.6,http://purl.bioontology.org/ontology/NCBITAXON/9606,Homo sapiens,Cer(d18:1/22:1),Ceramide (d18:1/22:1),Cer,Cer,Cer 18:1;O2/22:1,619.5903,1.25,2.25,CER(22:1)
ANG_Cer24.0,Cer d18:1/24:0,25.5632952367364,POS,with caution,,MUFA,42,SLM:000392156,C42H83NO3,,,650.8,264.4,15,1.6,http://purl.bioontology.org/ontology/NCBITAXON/9606,Homo sapiens,Cer(d18:1/24:0),Ceramide (d18:1/24:0),Cer,Cer,Cer 18:1;O2/24:0,649.6373,1.25,2.25,CER(24:0)
ANG_Cer24.1,Cer d18:1/24:1,23.6333966580964,POS,with caution,,PUFA,42,SLM:000392157,C42H81NO3,,,648.8,264.4,15,1.6,http://purl.bioontology.org/ontology/NCBITAXON/9606,Homo sapiens,Cer(d18:1/24:1),Ceramide (d18:1/24:1),Cer,Cer,Cer 18:1;O2/24:1,647.6216,1.25,2.25,CER(24:1)
ANG_Cer26.0,Cer d18:1/26:0,27.8242057235795,POS,with caution,,MUFA,44,SLM:000392161,C44H87NO3,,,678.9,264.4,43,1.6,http://purl.bioontology.org/ontology/NCBITAXON/9606,Homo sapiens,Cer(d18:1/26:0),Ceramide (d18:1/26:0),Cer,Cer,Cer 18:1;O2/26:0,677.6686,1.25,2.25,CER(26:0)
ANG_Cer26.1,Cer d18:1/26:1,26.8735789064993,POS,with caution,,PUFA,44,SLM:000392162,C44H85NO3,,,676.9,264.4,43,1.6,http://purl.bioontology.org/ontology/NCBITAXON/9606,Homo sapiens,Cer(d18:1/26:1),Ceramide (d18:1/26:1),Cer,Cer,Cer 18:1;O2/26:1,675.6529,1.25,2.25,CER(26:1)
ANG_Cerd18.1_17.0,Cer d18:1/17:0,23.5198795178686,POS,with caution,,MUFA,35,SLM:000392134,C35H69NO3,,,552.53,264.4,43,1.6,http://purl.bioontology.org/ontology/NCBITAXON/9606,Homo sapiens,Cer(d18:1/17:0),Ceramide (d18:1/17:0),Cer,Cer,Cer 18:1;O2/17:0,551.5277,1.25,2.25,CER(d18:1_17:0)
ANG_DCer22.1,dhCer d18:0/22:1,16.9687425647712,POS,with caution,,MUFA,40,SLM:000392086,C40H79NO3,,,620.4,266.4,43,4.3,http://purl.bioontology.org/ontology/NCBITAXON/9606,Homo sapiens,Cer(d18:0/22:1),Ceramide (d18:0/22:1),DHCer,DHCer,Cer 18:0;O2/22:1,621.606,1.25,2.25,DCER(22:1)
ANG_DCer24.0,dhCer d18:0/24:0,17.1157815413165,POS,with caution,,SFA,42,SLM:000392092,C42H85NO3,,,652.9,266.4,43,4.3,http://purl.bioontology.org/ontology/NCBITAXON/9606,Homo sapiens,Cer(d18:0/24:0),Ceramide (d18:0/24:0),DHCer,DHCer,Cer 18:0;O2/24:0,651.6529,1.25,2.25,DCER(24:0)
ANG_DCer26.0,dhCer d18:0/26:0,15.903729053872,POS,with caution,,SFA,44,SLM:000392097,C44H89NO3,,,680.5,266.4,43,4.3,http://purl.bioontology.org/ontology/NCBITAXON/9606,Homo sapiens,Cer(d18:0/26:0),Ceramide (d18:0/26:0),DHCer,DHCer,Cer 18:0;O2/26:0,679.6842,1.25,2.25,DCER(26:0)
ANG_GalCer24.1,unknown sphingolipid 1,20.064819899938,POS,with caution,,,,,C48H91NO8,,,810.9,264.4,15,4.8,http://purl.bioontology.org/ontology/NCBITAXON/9606,Homo sapiens,,,unidentified sphingolipid,unidentified sphingolipid,,809.6745,4,5,HCER(24:1)
ANG_GalCer26.0,unknown sphingolipid 2,18.8321760565171,POS,with caution,,,,,C50H97NO8,,,840.9,264.4,43,4.8,http://purl.bioontology.org/ontology/NCBITAXON/9606,Homo sapiens,,,unidentified sphingolipid,unidentified sphingolipid,,839.7214,4,5,HCER(26:0)
ANG_GalCer26.1,unknown sphingolipid 3,19.3492450320526,POS,with caution,,,,,C50H95NO8,,,838.9,264.4,43,4.8,http://purl.bioontology.org/ontology/NCBITAXON/9606,Homo sapiens,,,unidentified sphingolipid,unidentified sphingolipid,,837.7058,4,5,HCER(26:1)
ANG_GalCerd18.0_22.0,unknown sphingolipid 4,22.7588669446251,POS,with caution,,,,,C46H91NO8,,,786.8,266.4,43,4.8,http://purl.bioontology.org/ontology/NCBITAXON/9606,Homo sapiens,,,unidentified sphingolipid,unidentified sphingolipid,,785.6745,4,5,GluCer d18:0_22:0
ANG_GalCerd18.0_24.0,unknown sphingolipid 5,17.2188578625395,POS,with caution,,,,,C48H95NO8,,,814.9,266.4,43,4.8,http://purl.bioontology.org/ontology/NCBITAXON/9606,Homo sapiens,,,unidentified sphingolipid,unidentified sphingolipid,,813.7058,4,5,GluCer d18:0_24:0
ANG_GalCerd18.0_24.1,unknown sphingolipid 6,19.2414142017556,POS,with caution,,,,,C48H93NO8,,,812.9,266.4,43,4.8,http://purl.bioontology.org/ontology/NCBITAXON/9606,Homo sapiens,,,unidentified sphingolipid,unidentified sphingolipid,,811.6901,4,5,GluCer d18:0_24:1
ANG_LPE12.0,LPE 12:0,23.246083049076,NEG,with caution,ANG_LPE_splash_18.1_d7,SFA,12,SLM:000055405,C17H36NO7P,,,396.216,199.17,35,6.7,http://purl.bioontology.org/ontology/NCBITAXON/9606,Homo sapiens,LPE(12:0),Lysophosphatidylethanolamine (12:0),LPE,LPE,LPE 12:0,397.2229,6.445,7.195,LPE(12:0)
ANG_LPE15.0,LPE 15:0,23.1475484887692,NEG,with caution,ANG_LPE_splash_18.1_d7,SFA,15,SLM:000055409,C20H42NO7P,,,438.263,241.217,35,6.7,http://purl.bioontology.org/ontology/NCBITAXON/9606,Homo sapiens,LPE(15:0),Lysophosphatidylethanolamine (15:0),LPE,LPE,LPE 15:0,439.2699,6.445,7.195,LPE(15:0)
ANG_LPE16.0,LPE 16:0,22.0819051094788,NEG,with caution,ANG_LPE_splash_18.1_d7,SFA,16,SLM:000055410,C21H44NO7P,,,452.278,255.233,55,6.7,http://purl.bioontology.org/ontology/NCBITAXON/9606,Homo sapiens,LPE(16:0),Lysophosphatidylethanolamine (16:0),LPE,LPE,LPE 16:0,453.2855,6.445,7.195,LPE(16:0)
ANG_LPE17.0,LPE 17:0,21.7882764213852,NEG,with caution,ANG_LPE_splash_18.1_d7,SFA,17,SLM:000055413,C22H46NO7P,,,466.294,269.249,35,6.7,http://purl.bioontology.org/ontology/NCBITAXON/9606,Homo sapiens,LPE(17:0),Lysophosphatidylethanolamine (17:0),LPE,LPE,LPE 17:0,467.3012,6.445,7.195,LPE(17:0)
ANG_LPE18.0,LPE 18:0,24.8270501427626,NEG,with caution,ANG_LPE_splash_18.1_d7,SFA,18,SLM:000055414,C23H48NO7P,,,480.31,283.264,55,6.7,http://purl.bioontology.org/ontology/NCBITAXON/9606,Homo sapiens,LPE(18:0),Lysophosphatidylethanolamine (18:0),LPE,LPE,LPE 18:0,481.3168,6.445,7.195,LPE(18:0)
ANG_LPE18.2,LPE 18:2,17.3581683464162,NEG,with caution,ANG_LPE_splash_18.1_d7,PUFA,18,SLM:000055416,C23H44NO7P,,,476.278,279.233,55,6.7,http://purl.bioontology.org/ontology/NCBITAXON/9606,Homo sapiens,LPE(18:2),Lysophosphatidylethanolamine (18:2),LPE,LPE,LPE 18:2,477.2855,6.445,7.195,LPE(18:2)
ANG_LPE18.3,LPE 18:3,16.786666215769,NEG,with caution,ANG_LPE_splash_18.1_d7,PUFA,18,SLM:000055417,C23H42NO7P,,,474.263,277.217,35,6.7,http://purl.bioontology.org/ontology/NCBITAXON/9606,Homo sapiens,LPE(18:3),Lysophosphatidylethanolamine (18:3),LPE,LPE,LPE 18:3,475.2699,6.445,7.195,LPE(18:3)
ANG_LPE19.0,LPE 19:0,24.0246590634618,NEG,with caution,ANG_LPE_splash_18.1_d7,SFA,19,SLM:000055419,C24H50NO7P,,,494.325,297.28,35,6.7,http://purl.bioontology.org/ontology/NCBITAXON/9606,Homo sapiens,LPE(19:0),Lysophosphatidylethanolamine (19:0),LPE,LPE,LPE 19:0,495.3325,6.445,7.195,LPE(19:0)
ANG_LPE20.0,LPE 20:0,23.0777426043433,NEG,with caution,ANG_LPE_splash_18.1_d7,SFA,20,SLM:000055420,C25H52NO7P,,,508.341,311.3,35,6.7,http://purl.bioontology.org/ontology/NCBITAXON/9606,Homo sapiens,LPE(20:0),Lysophosphatidylethanolamine (20:0),LPE,LPE,LPE 20:0,509.3481,6.445,7.195,LPE(20:0)
ANG_LPE20.4,LPE 20:4,20.0931573480241,NEG,with caution,ANG_LPE_splash_18.1_d7,PUFA,20,SLM:000055424,C25H44NO7P,,,500.278,303.233,55,6.7,http://purl.bioontology.org/ontology/NCBITAXON/9606,Homo sapiens,LPE(20:4),Lysophosphatidylethanolamine (20:4),LPE,LPE,LPE 20:4,501.2855,6.445,7.195,LPE(20:4)
ANG_LPE22.0,LPE 22:0,19.259711980955,NEG,with caution,ANG_LPE_splash_18.1_d7,SFA,22,SLM:000055427,C27H56NO7P,,,536.372,339.327,35,6.7,http://purl.bioontology.org/ontology/NCBITAXON/9606,Homo sapiens,LPE(22:0),Lysophosphatidylethanolamine (22:0),LPE,LPE,LPE 22:0,537.3794,6.445,7.195,LPE(22:0)
ANG_LPE22.1,LPE 22:1,16.7670266539681,NEG,with caution,ANG_LPE_splash_18.1_d7,MUFA,22,SLM:000055428,C27H54NO7P,,,534.357,337.311,35,6.7,http://purl.bioontology.org/ontology/NCBITAXON/9606,Homo sapiens,LPE(22:1),Lysophosphatidylethanolamine (22:1),LPE,LPE,LPE 22:1,535.3638,6.445,7.195,LPE(22:1)
ANG_LPE24.0,LPE 24:0,29.7081359057434,NEG,with caution,ANG_LPE_splash_18.1_d7,SFA,24,SLM:000055434,C29H60NO7P,,,564.404,367.358,35,6.7,http://purl.bioontology.org/ontology/NCBITAXON/9606,Homo sapiens,LPE(24:0),Lysophosphatidylethanolamine (24:0),LPE,LPE,LPE 24:0,565.4107,6.445,7.195,LPE(24:0)
ANG_LPE24.1,LPE 24:1,22.7360844708911,NEG,with caution,ANG_LPE_splash_18.1_d7,MUFA,24,SLM:000055435,C29H58NO7P,,,562.388,365.343,35,6.7,http://purl.bioontology.org/ontology/NCBITAXON/9606,Homo sapiens,LPE(24:1),Lysophosphatidylethanolamine (24:1),LPE,LPE,LPE 24:1,563.3951,6.445,7.195,LPE(24:1)
ANG_LPE.O_16.1,LPE O-16:1,27.1005580835037,NEG,with caution,ANG_LPE_splash_18.1_d7,MUFA,16,SLM:000069941,C21H44NO6P,,,452.278,253.217,35,6.7,http://purl.bioontology.org/ontology/NCBITAXON/9606,Homo sapiens,LPE(O-16:1_0:0),Phosphatidylethanolamine (O-16:1_0:0),LPE,O-LPE,LPE O-16:1,437.2906,6.445,7.195,LPE O-16:1
ANG_LPE.O_16.0,LPE O-16:0,28.4015517136388,NEG,with caution,ANG_LPE_splash_18.1_d7,SFA,16,SLM:000069876,C21H46NO6P,,,454.294,255.23,35,6.7,http://purl.bioontology.org/ontology/NCBITAXON/9606,Homo sapiens,LPE(O-16:0_0:0),Phosphatidylethanolamine (O-16:0_0:0),LPE,O-LPE,LPE O-16:0,439.3063,6.445,7.195,LPE O-16:0
ANG_PC14.0_16.0,PC 14:0_16:0,16.7266992928488,NEG,with caution,ANG_PC_splash_15.0_18.1_d7,SFA,30,SLM:000063559,C38H76NO8P,,,764.545,227.202,60,5.5,http://purl.bioontology.org/ontology/NCBITAXON/9606,Homo sapiens,PC(14:0_16:0),Phosphatidylcholine (14:0_16:0),PC,PC,PC 14:0_16:0,705.5309,5.005,5.755,PC(14:0_16:0)
ANG_PC14.0_18.1,PC 14:0_18:1,26.9534611921187,NEG,with caution,ANG_PC_splash_15.0_18.1_d7,MUFA,32,SLM:000063564,C40H78NO8P,,,790.56,281.249,60,5.5,http://purl.bioontology.org/ontology/NCBITAXON/9606,Homo sapiens,PC(14:0_18:1),Phosphatidylcholine (14:0_18:1),PC,PC,PC 14:0_18:1,731.5465,5.005,5.755,PC(14:0_18:1)
ANG_PC14.0_18.2,PC 14:0_18:2,29.2133322440264,NEG,with caution,ANG_PC_splash_15.0_18.1_d7,PUFA,32,SLM:000063565,C40H76NO8P,,,788.545,279.233,60,5.5,http://purl.bioontology.org/ontology/NCBITAXON/9606,Homo sapiens,PC(14:0_18:2),Phosphatidylcholine (14:0_18:2),PC,PC,PC 14:0_18:2,729.5309,5.005,5.755,PC(14:0_18:2)
ANG_PC15.0_16.0,PC 15:0_16:0,17.3583266718931,NEG,with caution,ANG_PC_splash_15.0_18.1_d7,SFA,31,SLM:000063670,C39H78NO8P,,,778.56,241.217,60,5.5,http://purl.bioontology.org/ontology/NCBITAXON/9606,Homo sapiens,PC(15:0_16:0),Phosphatidylcholine (15:0_16:0),PC,PC,PC 15:0_16:0,719.5465,5.005,5.755,PC(15:0_16:0)
ANG_PC15.0_18.1,PC 15:0_18:1,21.8339488212078,NEG,with caution,ANG_PC_splash_15.0_18.1_d7,MUFA,33,SLM:000063675,C41H80NO8P,,,804.576,241.217,60,5.5,http://purl.bioontology.org/ontology/NCBITAXON/9606,Homo sapiens,PC(15:0_18:1),Phosphatidylcholine (15:0_18:1),PC,PC,PC 15:0_18:1,745.5622,5.005,5.755,PC(15:0_18:1)
ANG_PC16.0_16.0,PC 16:0_16:0,19.0860434102372,NEG,with caution,ANG_PC_splash_15.0_18.1_d7,SFA,32,SLM:000063724,C40H80NO8P,,,792.576,255.233,60,5.5,http://purl.bioontology.org/ontology/NCBITAXON/9606,Homo sapiens,PC(16:0_16:0),Phosphatidylcholine (16:0_16:0),PC,PC,PC 16:0/16:0,733.5622,5.005,5.755,PC(16:0_16:0)
ANG_PC16.0_16.1,PC 16:0_16:1,20.7513861889532,NEG,with caution,ANG_PC_splash_15.0_18.1_d7,MUFA,32,SLM:000063725,C40H78NO8P,,,790.56,253.217,60,5.5,http://purl.bioontology.org/ontology/NCBITAXON/9606,Homo sapiens,PC(16:0_16:1),Phosphatidylcholine (16:0_16:1),PC,PC,PC 16:0_16:1,731.5465,5.005,5.755,PC(16:0_16:1)
ANG_PC16.0_17.0,PC 16:0_17:0,20.4087825774694,NEG,with caution,ANG_PC_splash_15.0_18.1_d7,SFA,33,SLM:000063727,C41H82NO8P,,,806.5,269.2,60,5.5,http://purl.bioontology.org/ontology/NCBITAXON/9606,Homo sapiens,PC(16:0_17:0),Phosphatidylcholine (16:0_17:0),PC,PC,PC 16:0_17:0,747.5778,5.005,5.755,PC(16:0_17:0)
ANG_PC16.0_18.0,PC 16:0_18:0,23.1492598478701,NEG,with caution,ANG_PC_splash_15.0_18.1_d7,SFA,34,SLM:000063728,C42H84NO8P,,,820.607,283.264,60,5.5,http://purl.bioontology.org/ontology/NCBITAXON/9606,Homo sapiens,PC(16:0_18:0),Phosphatidylcholine (16:0_18:0),PC,PC,PC 16:0_18:0,761.5935,5.005,5.755,PC(16:0_18:0)
ANG_PC16.0_18.1,PC 16:0_18:1,22.4812713572208,NEG,with caution,ANG_PC_splash_15.0_18.1_d7,MUFA,34,SLM:000063729,C42H82NO8P,,,818.592,281.249,80,5.5,http://purl.bioontology.org/ontology/NCBITAXON/9606,Homo sapiens,PC(16:0_18:1),Phosphatidylcholine (16:0_18:1),PC,PC,PC 16:0_18:1,759.5778,5.005,5.755,PC(16:0_18:1)
ANG_PC16.0_18.2,PC 16:0_18:2,22.1563149779156,NEG,with caution,ANG_PC_splash_15.0_18.1_d7,PUFA,34,SLM:000063730,C42H80NO8P,,,816.576,279.233,80,5.5,http://purl.bioontology.org/ontology/NCBITAXON/9606,Homo sapiens,PC(16:0_18:2),Phosphatidylcholine (16:0_18:2),PC,PC,PC 16:0_18:2,757.5622,5.005,5.755,PC(16:0_18:2)
ANG_PC16.0_19.0,PC 16:0_19:0,27.5217917552022,NEG,with caution,ANG_PC_splash_15.0_18.1_d7,SFA,35,SLM:000063733,C43H86NO8P,,,834.623,297.28,60,5.5,http://purl.bioontology.org/ontology/NCBITAXON/9606,Homo sapiens,PC(16:0_19:0),Phosphatidylcholine (16:0_19:0),PC,PC,PC 16:0_19:0,775.6091,5.005,5.755,PC(16:0_19:0)
ANG_PC16.0_20.1,PC 16:0_20:1,25.5709770418415,NEG,with caution,ANG_PC_splash_15.0_18.1_d7,MUFA,36,SLM:000063735,C44H86NO8P,,,846.623,309.28,60,5.5,http://purl.bioontology.org/ontology/NCBITAXON/9606,Homo sapiens,PC(16:0_20:1),Phosphatidylcholine (16:0_20:1),PC,PC,PC 16:0_20:1,787.6091,5.005,5.755,PC(16:0_20:1)
ANG_PC16.0_20.3,PC 16:0_20:3,22.1248914531926,NEG,with caution,ANG_PC_splash_15.0_18.1_d7,PUFA,36,SLM:000063737,C44H82NO8P,,,842.592,305.249,60,5.5,http://purl.bioontology.org/ontology/NCBITAXON/9606,Homo sapiens,PC(16:0_20:3),Phosphatidylcholine (16:0_20:3),PC,PC,PC 16:0_20:3,783.5778,5.005,5.755,PC(16:0_20:3)
ANG_PC16.0_20.4,PC 16:0_20:4,26.1718870103584,NEG,with caution,ANG_PC_splash_15.0_18.1_d7,PUFA,36,SLM:000063738,C44H80NO8P,,,840.576,303.233,60,5.5,http://purl.bioontology.org/ontology/NCBITAXON/9606,Homo sapiens,PC(16:0_20:4),Phosphatidylcholine (16:0_20:4),PC,PC,PC 16:0_20:4,781.5622,5.005,5.755,PC(16:0_20:4)
ANG_PC16.0_22.4,PC 16:0_22:4,26.0577371072114,NEG,with caution,ANG_PC_splash_15.0_18.1_d7,PUFA,38,SLM:000063745,C46H84NO8P,,,868.607,331.264,60,5.5,http://purl.bioontology.org/ontology/NCBITAXON/9606,Homo sapiens,PC(16:0_22:4),Phosphatidylcholine (16:0_22:4),PC,PC,PC 16:0_22:4,809.5935,5.005,5.755,PC(16:0_22:4)
ANG_PC16.0_22.5,PC 16:0_22:5,27.6353813880822,NEG,with caution,ANG_PC_splash_15.0_18.1_d7,PUFA,38,SLM:000063746,C46H82NO8P,,,866.592,329.249,60,5.5,http://purl.bioontology.org/ontology/NCBITAXON/9606,Homo sapiens,PC(16:0_22:5),Phosphatidylcholine (16:0_22:5),PC,PC,PC 16:0_22:5,807.5778,5.005,5.755,PC(16:0_22:5)
ANG_PC16.0_22.6,PC 16:0_22:6,26.6796695778405,NEG,with caution,ANG_PC_splash_15.0_18.1_d7,PUFA,38,SLM:000063747,C46H80NO8P,,,864.576,327.233,60,5.5,http://purl.bioontology.org/ontology/NCBITAXON/9606,Homo sapiens,PC(16:0_22:6),Phosphatidylcholine (16:0_22:6),PC,PC,PC 16:0_22:6,805.5622,5.005,5.755,PC(16:0_22:6)
ANG_PC16.1_16.1,PC 16:1_16:1,27.0606454057701,NEG,with caution,ANG_PC_splash_15.0_18.1_d7,PUFA,32,SLM:000063778,C40H76NO8P,,,788.6,253.2,60,5.5,http://purl.bioontology.org/ontology/NCBITAXON/9606,Homo sapiens,PC(16:1_16:1),Phosphatidylcholine (16:1_16:1),PC,PC,PC 16:1/16:1,729.5309,5.005,5.755,PC(16:1_16:1)
ANG_PC16.1_18.0,PC 16:1_18:0,29.016713442802,NEG,with caution,ANG_PC_splash_15.0_18.1_d7,MUFA,34,SLM:000063781,C42H82NO8P,,,818.592,253.217,60,5.5,http://purl.bioontology.org/ontology/NCBITAXON/9606,Homo sapiens,PC(16:1_18:0),Phosphatidylcholine (16:1_18:0),PC,PC,PC 16:1_18:0,759.5778,5.005,5.755,PC(16:1_18:0)
ANG_PC16.1_18.1,PC 16:1_18:1,26.1940464050893,NEG,with caution,ANG_PC_splash_15.0_18.1_d7,PUFA,34,SLM:000063782,C42H80NO8P,,,816.576,281.249,60,5.5,http://purl.bioontology.org/ontology/NCBITAXON/9606,Homo sapiens,PC(16:1_18:1),Phosphatidylcholine (16:1_18:1),PC,PC,PC 16:1_18:1,757.5622,5.005,5.755,PC(16:1_18:1)
ANG_PC16.1_20.3,PC 16:1_20:3,29.8851737973761,NEG,with caution,ANG_PC_splash_15.0_18.1_d7,PUFA,36,SLM:000063790,C44H80NO8P,,,840.576,253.217,60,5.5,http://purl.bioontology.org/ontology/NCBITAXON/9606,Homo sapiens,PC(16:1_20:3),Phosphatidylcholine (16:1_20:3),PC,PC,PC 16:1_20:3,781.5622,5.005,5.755,PC(16:1_20:3)
ANG_PC17.0_18.0,PC 17:0_18:0,24.7619621722559,NEG,with caution,ANG_PC_splash_15.0_18.1_d7,SFA,35,SLM:000063884,C43H86NO8P,,,834.623,269.249,60,5.5,http://purl.bioontology.org/ontology/NCBITAXON/9606,Homo sapiens,PC(17:0_18:0),Phosphatidylcholine (17:0_18:0),PC,PC,PC 17:0_18:0,775.6091,5.005,5.755,PC(17:0_18:0)
ANG_PC17.0_18.1,PC 17:0_18:1,28.1916703833064,NEG,with caution,ANG_PC_splash_15.0_18.1_d7,MUFA,35,SLM:000063885,C43H84NO8P,,,832.607,269.249,60,5.5,http://purl.bioontology.org/ontology/NCBITAXON/9606,Homo sapiens,PC(17:0_18:1),Phosphatidylcholine (17:0_18:1),PC,PC,PC 17:0_18:1,773.5935,5.005,5.755,PC(17:0_18:1)
ANG_PC17.0_18.2,PC 17:0_18:2,26.8312673041463,NEG,with caution,ANG_PC_splash_15.0_18.1_d7,PUFA,35,SLM:000063886,C43H82NO8P,,,830.592,269.249,60,5.5,http://purl.bioontology.org/ontology/NCBITAXON/9606,Homo sapiens,PC(17:0_18:2),Phosphatidylcholine (17:0_18:2),PC,PC,PC 17:0_18:2,771.5778,5.005,5.755,PC(17:0_18:2)
ANG_PC17.0_20.3,PC 17:0_20:3,29.8030195107182,NEG,with caution,ANG_PC_splash_15.0_18.1_d7,PUFA,37,SLM:000063893,C45H84NO8P,,,856.607,269.249,60,5.5,http://purl.bioontology.org/ontology/NCBITAXON/9606,Homo sapiens,PC(17:0_20:3),Phosphatidylcholine (17:0_20:3),PC,PC,PC 17:0_20:3,797.5935,5.005,5.755,PC(17:0_20:3)
ANG_PC17.0_20.4,PC 17:0_20:4,28.8294865153054,NEG,with caution,ANG_PC_splash_15.0_18.1_d7,PUFA,37,SLM:000063894,C45H82NO8P,,,854.592,269.249,60,5.5,http://purl.bioontology.org/ontology/NCBITAXON/9606,Homo sapiens,PC(17:0_20:4),Phosphatidylcholine (17:0_20:4),PC,PC,PC 17:0_20:4,795.5778,5.005,5.755,PC(17:0_20:4)
ANG_PC18.0_18.0,PC 18:0_18:0,26.6165713895505,NEG,with caution,ANG_PC_splash_15.0_18.1_d7,SFA,36,SLM:000063934,C44H88NO8P,,,848.639,283.264,60,5.5,http://purl.bioontology.org/ontology/NCBITAXON/9606,Homo sapiens,PC(18:0_18:0),Phosphatidylcholine (18:0_18:0),PC,PC,PC 18:0/18:0,789.6248,5.005,5.755,PC(18:0_18:0)
ANG_PC18.0_18.1,PC 18:0_18:1,28.0746961035825,NEG,with caution,ANG_PC_splash_15.0_18.1_d7,MUFA,36,SLM:000063935,C44H86NO8P,,,846.623,281.249,60,5.5,http://purl.bioontology.org/ontology/NCBITAXON/9606,Homo sapiens,PC(18:0_18:1),Phosphatidylcholine (18:0_18:1),PC,PC,PC 18:0_18:1,787.6091,5.005,5.755,PC(18:0_18:1)
ANG_PC18.0_18.2,PC 18:0_18:2,27.5885508578036,NEG,with caution,ANG_PC_splash_15.0_18.1_d7,PUFA,36,SLM:000063936,C44H84NO8P,,,844.607,279.233,60,5.5,http://purl.bioontology.org/ontology/NCBITAXON/9606,Homo sapiens,PC(18:0_18:2),Phosphatidylcholine (18:0_18:2),PC,PC,PC 18:0_18:2,785.5935,5.005,5.755,PC(18:0_18:2)
ANG_PC18.0_20.3,PC 18:0_20:3,25.5515080303824,NEG,with caution,ANG_PC_splash_15.0_18.1_d7,PUFA,38,SLM:000063943,C46H86NO8P,,,870.623,305.249,60,5.5,http://purl.bioontology.org/ontology/NCBITAXON/9606,Homo sapiens,PC(18:0_20:3),Phosphatidylcholine (18:0_20:3),PC,PC,PC 18:0_20:3,811.6091,5.005,5.755,PC(18:0_20:3)
ANG_PC18.0_20.4,PC 18:0_20:4,27.3252101857408,NEG,with caution,ANG_PC_splash_15.0_18.1_d7,PUFA,38,SLM:000063944,C46H84NO8P,,,868.607,303.233,60,5.5,http://purl.bioontology.org/ontology/NCBITAXON/9606,Homo sapiens,PC(18:0_20:4),Phosphatidylcholine (18:0_20:4),PC,PC,PC 18:0_20:4,809.5935,5.005,5.755,PC(18:0_20:4)
ANG_PC18.0_22.4,PC 18:0_22:4,26.0073909247073,NEG,with caution,ANG_PC_splash_15.0_18.1_d7,PUFA,40,SLM:000063951,C48H88NO8P,,,896.639,331.264,60,5.5,http://purl.bioontology.org/ontology/NCBITAXON/9606,Homo sapiens,PC(18:0_22:4),Phosphatidylcholine (18:0_22:4),PC,PC,PC 18:0_22:4,837.6248,5.005,5.755,PC(18:0_22:4)
ANG_PC18.0_22.5,PC 18:0_22:5,27.0077970404856,NEG,with caution,ANG_PC_splash_15.0_18.1_d7,PUFA,40,SLM:000063952,C48H86NO8P,,,894.623,329.249,60,5.5,http://purl.bioontology.org/ontology/NCBITAXON/9606,Homo sapiens,PC(18:0_22:5),Phosphatidylcholine (18:0_22:5),PC,PC,PC 18:0_22:5,835.6091,5.005,5.755,PC(18:0_22:5)
ANG_PC18.0_22.6,PC 18:0_22:6,24.3262285390013,NEG,with caution,ANG_PC_splash_15.0_18.1_d7,PUFA,40,SLM:000063953,C48H84NO8P,,,892.607,327.233,60,5.5,http://purl.bioontology.org/ontology/NCBITAXON/9606,Homo sapiens,PC(18:0_22:6),Phosphatidylcholine (18:0_22:6),PC,PC,PC 18:0_22:6,833.5935,5.005,5.755,PC(18:0_22:6)
ANG_PC18.1_18.1,PC 18:1_18:1,24.7026643235278,NEG,with caution,ANG_PC_splash_15.0_18.1_d7,PUFA,36,SLM:000063984,C44H84NO8P,,,844.607,281.249,60,5.5,http://purl.bioontology.org/ontology/NCBITAXON/9606,Homo sapiens,PC(18:1_18:1),Phosphatidylcholine (18:1_18:1),PC,PC,PC 18:1/18:1,785.5935,5.005,5.755,PC(18:1_18:1)
ANG_PC18.1_18.2,PC 18:1_18:2,25.5931929853669,NEG,with caution,ANG_PC_splash_15.0_18.1_d7,PUFA,36,SLM:000063985,C44H82NO8P,,,842.592,279.233,60,5.5,http://purl.bioontology.org/ontology/NCBITAXON/9606,Homo sapiens,PC(18:1_18:2),Phosphatidylcholine (18:1_18:2),PC,PC,PC 18:1_18:2,783.5778,5.005,5.755,PC(18:1_18:2)
ANG_PC18.1_20.0,PC 18:1_20:0,28.1789384151086,NEG,with caution,ANG_PC_splash_15.0_18.1_d7,MUFA,38,SLM:000063989,C46H90NO8P,,,874.654,281.249,60,5.5,http://purl.bioontology.org/ontology/NCBITAXON/9606,Homo sapiens,PC(18:1_20:0),Phosphatidylcholine (18:1_20:0),PC,PC,PC 18:1_20:0,815.6404,5.005,5.755,PC(18:1_20:0)
ANG_PC18.1_20.1,PC 18:1_20:1,27.6328185908038,NEG,with caution,ANG_PC_splash_15.0_18.1_d7,PUFA,38,SLM:000063990,C46H88NO8P,,,872.639,309.28,60,5.5,http://purl.bioontology.org/ontology/NCBITAXON/9606,Homo sapiens,PC(18:1_20:1),Phosphatidylcholine (18:1_20:1),PC,PC,PC 18:1_20:1,813.6248,5.005,5.755,PC(18:1_20:1)
ANG_PC18.1_20.2,PC 18:1_20:2,29.3252494011428,NEG,with caution,ANG_PC_splash_15.0_18.1_d7,PUFA,38,SLM:000063991,C46H86NO8P,,,870.623,307.264,60,5.5,http://purl.bioontology.org/ontology/NCBITAXON/9606,Homo sapiens,PC(18:1_20:2),Phosphatidylcholine (18:1_20:2),PC,PC,PC 18:1_20:2,811.6091,5.005,5.755,PC(18:1_20:2)
ANG_PC18.1_20.3,PC 18:1_20:3,27.3362752162719,NEG,with caution,ANG_PC_splash_15.0_18.1_d7,PUFA,38,SLM:000063992,C46H84NO8P,,,868.607,305.249,60,5.5,http://purl.bioontology.org/ontology/NCBITAXON/9606,Homo sapiens,PC(18:1_20:3),Phosphatidylcholine (18:1_20:3),PC,PC,PC 18:1_20:3,809.5935,5.005,5.755,PC(18:1_20:3)
ANG_PC18.1_20.4,PC 18:1_20:4,27.8562215256601,NEG,with caution,ANG_PC_splash_15.0_18.1_d7,PUFA,38,SLM:000063993,C46H82NO8P,,,866.592,303.233,60,5.5,http://purl.bioontology.org/ontology/NCBITAXON/9606,Homo sapiens,PC(18:1_20:4),Phosphatidylcholine (18:1_20:4),PC,PC,PC 18:1_20:4,807.5778,5.005,5.755,PC(18:1_20:4)
ANG_PC18.1_22.4,PC 18:1_22:4,26.9041359285564,NEG,with caution,ANG_PC_splash_15.0_18.1_d7,PUFA,40,SLM:000064000,C48H86NO8P,,,894.623,331.264,60,5.5,http://purl.bioontology.org/ontology/NCBITAXON/9606,Homo sapiens,PC(18:1_22:4),Phosphatidylcholine (18:1_22:4),PC,PC,PC 18:1_22:4,835.6091,5.005,5.755,PC(18:1_22:4)
ANG_PC18.1_22.5,PC 18:1_22:5,29.4175168165216,NEG,with caution,ANG_PC_splash_15.0_18.1_d7,PUFA,40,SLM:000064001,C48H84NO8P,,,892.607,329.249,60,5.5,http://purl.bioontology.org/ontology/NCBITAXON/9606,Homo sapiens,PC(18:1_22:5),Phosphatidylcholine (18:1_22:5),PC,PC,PC 18:1_22:5,833.5935,5.005,5.755,PC(18:1_22:5)
ANG_PC18.2_20.3,PC 18:2_20:3,28.7296399984327,NEG,with caution,ANG_PC_splash_15.0_18.1_d7,PUFA,38,SLM:000064040,C46H82NO8P,,,866.592,305.249,60,5.5,http://purl.bioontology.org/ontology/NCBITAXON/9606,Homo sapiens,PC(18:2_20:3),Phosphatidylcholine (18:2_20:3),PC,PC,PC 18:2_20:3,807.5778,5.005,5.755,PC(18:2_20:3)
ANG_PC18.2_20.4,PC 18:2_20:4,27.1968488006853,NEG,with caution,ANG_PC_splash_15.0_18.1_d7,PUFA,38,SLM:000064041,C46H80NO8P,,,864.576,303.233,60,5.5,http://purl.bioontology.org/ontology/NCBITAXON/9606,Homo sapiens,PC(18:2_20:4),Phosphatidylcholine (18:2_20:4),PC,PC,PC 18:2_20:4,805.5622,5.005,5.755,PC(18:2_20:4)
ANG_PC20.0_20.4,PC 20:0_20:4,28.1805122975681,NEG,with caution,ANG_PC_splash_15.0_18.1_d7,PUFA,40,SLM:000064223,C48H88NO8P,,,896.639,303.233,60,5.5,http://purl.bioontology.org/ontology/NCBITAXON/9606,Homo sapiens,PC(20:0_20:4),Phosphatidylcholine (20:0_20:4),PC,PC,PC 20:0_20:4,837.6248,5.005,5.755,PC(20:0_20:4)
ANG_PC20.1_20.3,PC 20:1_20:3,27.04784943764,NEG,with caution,ANG_PC_splash_15.0_18.1_d7,PUFA,40,SLM:000064265,C48H88NO8P,,,896.639,305.249,60,5.5,http://purl.bioontology.org/ontology/NCBITAXON/9606,Homo sapiens,PC(20:1_20:3),Phosphatidylcholine (20:1_20:3),PC,PC,PC 20:1_20:3,837.6248,5.005,5.755,PC(20:1_20:3)
ANG_PC20.2_20.4,PC 20:2_20:4,29.6206763464708,NEG,with caution,ANG_PC_splash_15.0_18.1_d7,PUFA,40,SLM:000064308,C48H84NO8P,,,892.607,303.233,60,5.5,http://purl.bioontology.org/ontology/NCBITAXON/9606,Homo sapiens,PC(20:2_20:4),Phosphatidylcholine (20:2_20:4),PC,PC,PC 20:2_20:4,833.5935,5.005,5.755,PC(20:2_20:4)
ANG_PC20.4_20.4,PC 20:4_20:4,29.9134264341098,NEG,with caution,ANG_PC_splash_15.0_18.1_d7,PUFA,40,SLM:000064389,C48H80NO8P,,,888.576,303.233,60,5.5,http://purl.bioontology.org/ontology/NCBITAXON/9606,Homo sapiens,PC(20:4_20:4),Phosphatidylcholine (20:4_20:4),PC,PC,PC 20:4/20:4,829.5622,5.005,5.755,PC(20:4_20:4)
ANG_PC20.4_20.5,PC 20:4_20:5,29.6627250741883,NEG,with caution,ANG_PC_splash_15.0_18.1_d7,PUFA,40,SLM:000064390,C48H78NO8P,,,886.56,305.249,60,5.5,http://purl.bioontology.org/ontology/NCBITAXON/9606,Homo sapiens,PC(20:4_20:5),Phosphatidylcholine (20:4_20:5),PC,PC,PC 20:4_20:5,827.5465,5.005,5.755,PC(20:4_20:5)
ANG_PC22.6_22.6,PC 22:6_22:6,29.6918459713761,NEG,with caution,ANG_PC_splash_15.0_18.1_d7,PUFA,44,SLM:000064713,C52H80NO8P,,,936.576,327.233,60,5.5,http://purl.bioontology.org/ontology/NCBITAXON/9606,Homo sapiens,PC(22:6_22:6),Phosphatidylcholine (22:6_22:6),PC,PC,PC 22:6/22:6,877.5622,5.005,5.755,PC(22:6_22:6)
ANG_LPC14.0,LPC 14:0,29.2156327169937,NEG,with caution,ANG_LPC_splash_18.1_d7,SFA,14,SLM:000055315,C22H46NO7P,,,526.315,227.2,40,6.4,http://purl.bioontology.org/ontology/NCBITAXON/9606,Homo sapiens,LPC(14:0),Lysophosphatidylcholine (14:0),LPC,LPC,LPC 14:0,467.3012,5.925,6.675,LPC(14:0)
ANG_LPC16.0,LPC 16:0,18.0524344324981,NEG,with caution,ANG_LPC_splash_18.1_d7,SFA,16,SLM:000055318,C24H50NO7P,,,554.346,255.2,60,6.4,http://purl.bioontology.org/ontology/NCBITAXON/9606,Homo sapiens,LPC(16:0),Lysophosphatidylcholine (16:0),LPC,LPC,LPC 16:0,495.3325,5.925,6.675,LPC(16:0)
ANG_LPC16.1,LPC 16:1,19.1664194426308,NEG,with caution,ANG_LPC_splash_18.1_d7,MUFA,16,SLM:000055319,C24H48NO7P,,,552.331,253.2,40,6.4,http://purl.bioontology.org/ontology/NCBITAXON/9606,Homo sapiens,LPC(16:1),Lysophosphatidylcholine (16:1),LPC,LPC,LPC 16:1,493.3168,5.925,6.675,LPC(16:1)
ANG_LPC18.0,LPC 18:0,19.4472897917327,NEG,with caution,ANG_LPC_splash_18.1_d7,SFA,18,SLM:000055322,C26H54NO7P,,,582.378,283.2,40,6.4,http://purl.bioontology.org/ontology/NCBITAXON/9606,Homo sapiens,LPC(18:0),Lysophosphatidylcholine (18:0),LPC,LPC,LPC 18:0,523.3638,5.925,6.675,LPC(18:0)
ANG_LPC18.2,LPC 18:2,23.6878055664628,NEG,with caution,ANG_LPC_splash_18.1_d7,PUFA,18,SLM:000055324,C26H50NO7P,,,578.346,279.2,40,6.4,http://purl.bioontology.org/ontology/NCBITAXON/9606,Homo sapiens,LPC(18:2),Lysophosphatidylcholine (18:2),LPC,LPC,LPC 18:2,519.3325,5.925,6.675,LPC(18:2)
ANG_LPC20.1,LPC 20:1,24.7320287977216,NEG,with caution,ANG_LPC_splash_18.1_d7,MUFA,20,SLM:000055329,C28H56NO7P,,,608.393,309.28,40,6.4,http://purl.bioontology.org/ontology/NCBITAXON/9606,Homo sapiens,LPC(20:1),Lysophosphatidylcholine (20:1),LPC,LPC,LPC 20:1,549.3794,5.925,6.675,LPC(20:1)
ANG_LPC20.3,LPC 20:3,22.1774651290459,NEG,with caution,ANG_LPC_splash_18.1_d7,PUFA,20,SLM:000055331,C28H52NO7P,,,604.362,305.249,40,6.4,http://purl.bioontology.org/ontology/NCBITAXON/9606,Homo sapiens,LPC(20:3),Lysophosphatidylcholine (20:3),LPC,LPC,LPC 20:3,545.3481,5.925,6.675,LPC(20:3)
ANG_LPC20.4,LPC 20:4,29.7361558344443,NEG,with caution,ANG_LPC_splash_18.1_d7,PUFA,20,SLM:000055332,C28H50NO7P,,,602.346,303.233,40,6.4,http://purl.bioontology.org/ontology/NCBITAXON/9606,Homo sapiens,LPC(20:4),Lysophosphatidylcholine (20:4),LPC,LPC,LPC 20:4,543.3325,5.925,6.675,LPC(20:4)
ANG_PI15.0_16.0,PI 15:0_16:0,17.1429910739253,NEG,with caution,ANG_PI_splash_15.0_18.1_d7,SFA,31,SLM:000073742,C40H77O13P,,,795.503,241.217,60,8.6,http://purl.bioontology.org/ontology/NCBITAXON/9606,Homo sapiens,PI(15:0_16:0),Phosphatidylinositol (15:0_16:0),PI,PI,PI 15:0_16:0,796.5102,8.37,9.37,PI(15:0_16:0)
ANG_PI15.0_20.2,PI 15:0_20:2,25.251399668709,NEG,with caution,ANG_PI_splash_15.0_18.1_d7,PUFA,35,SLM:000073754,C44H81O13P,,,847.534,241.217,60,8.6,http://purl.bioontology.org/ontology/NCBITAXON/9606,Homo sapiens,PI(15:0_20:2),Phosphatidylinositol (15:0_20:2),PI,PI,PI 15:0_20:2,848.5415,8.37,9.37,PI(15:0_20:2)
ANG_PI15.0_22.4,PI 15:0_22:4,24.9127587385339,NEG,with caution,ANG_PI_splash_15.0_18.1_d7,PUFA,37,SLM:000073763,C46H81O13P,,,871.534,241.217,60,8.6,http://purl.bioontology.org/ontology/NCBITAXON/9606,Homo sapiens,PI(15:0_22:4),Phosphatidylinositol (15:0_22:4),PI,PI,PI 15:0_22:4,872.5415,8.37,9.37,PI(15:0_22:4)
ANG_PI16.0_18.0,PI 16:0_18:0,16.2673404237619,NEG,with caution,ANG_PI_splash_15.0_18.1_d7,SFA,34,SLM:000073800,C43H83O13P,,,837.55,283.264,60,8.6,http://purl.bioontology.org/ontology/NCBITAXON/9606,Homo sapiens,PI(16:0_18:0),Phosphatidylinositol (16:0_18:0),PI,PI,PI 16:0_18:0,838.5571,8.37,9.37,PI(16:0_18:0)
ANG_PI16.0_18.2,PI 16:0_18:2,15.7995669186549,NEG,with caution,ANG_PI_splash_15.0_18.1_d7,PUFA,34,SLM:000073802,C43H79O13P,,,833.518,279.233,60,8.6,http://purl.bioontology.org/ontology/NCBITAXON/9606,Homo sapiens,PI(16:0_18:2),Phosphatidylinositol (16:0_18:2),PI,PI,PI 16:0_18:2,834.5258,8.37,9.37,PI(16:0_18:2)
ANG_PI16.0_20.1,PI 16:0_20:1,18.8941850733602,NEG,with caution,ANG_PI_splash_15.0_18.1_d7,MUFA,36,SLM:000073807,C45H85O13P,,,863.565,309.28,60,8.6,http://purl.bioontology.org/ontology/NCBITAXON/9606,Homo sapiens,PI(16:0_20:1),Phosphatidylinositol (16:0_20:1),PI,PI,PI 16:0_20:1,864.5728,8.37,9.37,PI(16:0_20:1)
ANG_PI16.0_20.2,PI 16:0_20:2,19.3060206048177,NEG,with caution,ANG_PI_splash_15.0_18.1_d7,PUFA,36,SLM:000073808,C45H83O13P,,,861.55,307.264,60,8.6,http://purl.bioontology.org/ontology/NCBITAXON/9606,Homo sapiens,PI(16:0_20:2),Phosphatidylinositol (16:0_20:2),PI,PI,PI 16:0_20:2,862.5571,8.37,9.37,PI(16:0_20:2)
ANG_PI16.0_20.3,PI 16:0_20:3,19.7198685455316,NEG,with caution,ANG_PI_splash_15.0_18.1_d7,PUFA,36,SLM:000073809,C45H81O13P,,,859.534,305.249,60,8.6,http://purl.bioontology.org/ontology/NCBITAXON/9606,Homo sapiens,PI(16:0_20:3),Phosphatidylinositol (16:0_20:3),PI,PI,PI 16:0_20:3,860.5415,8.37,9.37,PI(16:0_20:3)
ANG_PI16.0_20.4,PI 16:0_20:4,25.2689031785058,NEG,with caution,ANG_PI_splash_15.0_18.1_d7,PUFA,36,SLM:000073810,C45H79O13P,,,857.518,303.233,60,8.6,http://purl.bioontology.org/ontology/NCBITAXON/9606,Homo sapiens,PI(16:0_20:4),Phosphatidylinositol (16:0_20:4),PI,PI,PI 16:0_20:4,858.5258,8.37,9.37,PI(16:0_20:4)
ANG_PI16.0_20.5,PI 16:0_20:5,27.6887549800582,NEG,with caution,ANG_PI_splash_15.0_18.1_d7,PUFA,36,SLM:000073811,C45H77O13P,,,855.503,301.217,60,8.6,http://purl.bioontology.org/ontology/NCBITAXON/9606,Homo sapiens,PI(16:0_20:5),Phosphatidylinositol (16:0_20:5),PI,PI,PI 16:0_20:5,856.5102,8.37,9.37,PI(16:0_20:5)
ANG_PI16.0_22.5,PI 16:0_22:5,25.3224691670241,NEG,with caution,ANG_PI_splash_15.0_18.1_d7,PUFA,38,SLM:000073818,C47H81O13P,,,883.534,329.249,60,8.6,http://purl.bioontology.org/ontology/NCBITAXON/9606,Homo sapiens,PI(16:0_22:5),Phosphatidylinositol (16:0_22:5),PI,PI,PI 16:0_22:5,884.5415,8.37,9.37,PI(16:0_22:5)
ANG_PI16.0_22.6,PI 16:0_22:6,23.7278410834801,NEG,with caution,ANG_PI_splash_15.0_18.1_d7,PUFA,38,SLM:000073819,C47H79O13P,,,881.518,327.233,60,8.6,http://purl.bioontology.org/ontology/NCBITAXON/9606,Homo sapiens,PI(16:0_22:6),Phosphatidylinositol (16:0_22:6),PI,PI,PI 16:0_22:6,882.5258,8.37,9.37,PI(16:0_22:6)
ANG_PI16.1_19.0,PI 16:1_19:0,16.8246273119774,NEG,with caution,ANG_PI_splash_15.0_18.1_d7,MUFA,35,SLM:000073858,C44H83O13P,,,849.55,297.28,60,8.6,http://purl.bioontology.org/ontology/NCBITAXON/9606,Homo sapiens,PI(16:1_19:0),Phosphatidylinositol (16:1_19:0),PI,PI,PI 16:1_19:0,850.5571,8.37,9.37,PI(16:1_19:0)
ANG_PI17.0_18.0,PI 17:0_18:0,16.3339214422513,NEG,with caution,ANG_PI_splash_15.0_18.1_d7,SFA,35,SLM:000073956,C44H85O13P,,,851.565,269.249,60,8.6,http://purl.bioontology.org/ontology/NCBITAXON/9606,Homo sapiens,PI(17:0_18:0),Phosphatidylinositol (17:0_18:0),PI,PI,PI 17:0_18:0,852.5728,8.37,9.37,PI(17:0_18:0)
ANG_PI17.0_18.2,PI 17:0_18:2,16.3475948390689,NEG,with caution,ANG_PI_splash_15.0_18.1_d7,PUFA,35,SLM:000073958,C44H81O13P,,,847.534,269.249,60,8.6,http://purl.bioontology.org/ontology/NCBITAXON/9606,Homo sapiens,PI(17:0_18:2),Phosphatidylinositol (17:0_18:2),PI,PI,PI 17:0_18:2,848.5415,8.37,9.37,PI(17:0_18:2)
ANG_PI17.0_20.3,PI 17:0_20:3,21.3005940986545,NEG,with caution,ANG_PI_splash_15.0_18.1_d7,PUFA,37,SLM:000073965,C46H83O13P,,,873.55,269.249,60,8.6,http://purl.bioontology.org/ontology/NCBITAXON/9606,Homo sapiens,PI(17:0_20:3),Phosphatidylinositol (17:0_20:3),PI,PI,PI 17:0_20:3,874.5571,8.37,9.37,PI(17:0_20:3)
ANG_PI17.0_20.4,PI 17:0_20:4,23.8358814130479,NEG,with caution,ANG_PI_splash_15.0_18.1_d7,PUFA,37,SLM:000073966,C46H81O13P,,,871.534,269.249,60,8.6,http://purl.bioontology.org/ontology/NCBITAXON/9606,Homo sapiens,PI(17:0_20:4),Phosphatidylinositol (17:0_20:4),PI,PI,PI 17:0_20:4,872.5415,8.37,9.37,PI(17:0_20:4)
ANG_PI17.0_22.5,PI 17:0_22:5,24.6730602961863,NEG,with caution,ANG_PI_splash_15.0_18.1_d7,PUFA,39,SLM:000073974,C48H83O13P,,,897.55,269.249,60,8.6,http://purl.bioontology.org/ontology/NCBITAXON/9606,Homo sapiens,PI(17:0_22:5),Phosphatidylinositol (17:0_22:5),PI,PI,PI 17:0_22:5,898.5571,8.37,9.37,PI(17:0_22:5)
ANG_PI17.0_22.6,PI 17:0_22:6,22.6971859698176,NEG,with caution,ANG_PI_splash_15.0_18.1_d7,PUFA,39,SLM:000073975,C48H81O13P,,,895.534,269.249,60,8.6,http://purl.bioontology.org/ontology/NCBITAXON/9606,Homo sapiens,PI(17:0_22:6),Phosphatidylinositol (17:0_22:6),PI,PI,PI 17:0_22:6,896.5415,8.37,9.37,PI(17:0_22:6)
ANG_PI18.0_18.0,PI 18:0_18:0,16.8584553449078,NEG,with caution,ANG_PI_splash_15.0_18.1_d7,SFA,36,SLM:000074006,C45H87O13P,,,865.581,283.264,60,8.6,http://purl.bioontology.org/ontology/NCBITAXON/9606,Homo sapiens,PI(18:0_18:0),Phosphatidylinositol (18:0_18:0),PI,PI,PI 18:0/18:0,866.5884,8.37,9.37,PI(18:0_18:0)
ANG_PI18.0_18.1,PI 18:0_18:1,16.0837353279121,NEG,with caution,ANG_PI_splash_15.0_18.1_d7,MUFA,36,SLM:000074007,C45H85O13P,,,863.565,281.249,60,8.6,http://purl.bioontology.org/ontology/NCBITAXON/9606,Homo sapiens,PI(18:0_18:1),Phosphatidylinositol (18:0_18:1),PI,PI,PI 18:0_18:1,864.5728,8.37,9.37,PI(18:0_18:1)
ANG_PI18.0_18.2,PI 18:0_18:2,17.1702471941862,NEG,with caution,ANG_PI_splash_15.0_18.1_d7,PUFA,36,SLM:000074008,C45H83O13P,,,861.55,279.233,60,8.6,http://purl.bioontology.org/ontology/NCBITAXON/9606,Homo sapiens,PI(18:0_18:2),Phosphatidylinositol (18:0_18:2),PI,PI,PI 18:0_18:2,862.5571,8.37,9.37,PI(18:0_18:2)
ANG_PI18.0_18.3,PI 18:0_18:3,19.9634715816019,NEG,with caution,ANG_PI_splash_15.0_18.1_d7,PUFA,36,SLM:000074009,C45H81O13P,,,859.534,277.217,60,8.6,http://purl.bioontology.org/ontology/NCBITAXON/9606,Homo sapiens,PI(18:0_18:3),Phosphatidylinositol (18:0_18:3),PI,PI,PI 18:0_18:3,860.5415,8.37,9.37,PI(18:0_18:3)
ANG_PI18.0_20.1,PI 18:0_20:1,21.777887668061,NEG,with caution,ANG_PI_splash_15.0_18.1_d7,MUFA,38,SLM:000074013,C47H89O13P,,,891.597,309.28,60,8.6,http://purl.bioontology.org/ontology/NCBITAXON/9606,Homo sapiens,PI(18:0_20:1),Phosphatidylinositol (18:0_20:1),PI,PI,PI 18:0_20:1,892.6041,8.37,9.37,PI(18:0_20:1)
ANG_PI18.0_20.2,PI 18:0_20:2,19.4719890405583,NEG,with caution,ANG_PI_splash_15.0_18.1_d7,PUFA,38,SLM:000074014,C47H87O13P,,,889.581,307.264,60,8.6,http://purl.bioontology.org/ontology/NCBITAXON/9606,Homo sapiens,PI(18:0_20:2),Phosphatidylinositol (18:0_20:2),PI,PI,PI 18:0_20:2,890.5884,8.37,9.37,PI(18:0_20:2)
ANG_PI18.0_20.3,PI 18:0_20:3,18.0022407481542,NEG,with caution,ANG_PI_splash_15.0_18.1_d7,PUFA,38,SLM:000074015,C47H85O13P,,,887.565,305.249,60,8.6,http://purl.bioontology.org/ontology/NCBITAXON/9606,Homo sapiens,PI(18:0_20:3),Phosphatidylinositol (18:0_20:3),PI,PI,PI 18:0_20:3,888.5728,8.37,9.37,PI(18:0_20:3)
ANG_PI18.0_20.4,PI 18:0_20:4,20.217514097524,NEG,with caution,ANG_PI_splash_15.0_18.1_d7,PUFA,38,SLM:000074016,C47H83O13P,,,885.55,303.233,60,8.6,http://purl.bioontology.org/ontology/NCBITAXON/9606,Homo sapiens,PI(18:0_20:4),Phosphatidylinositol (18:0_20:4),PI,PI,PI 18:0_20:4,886.5571,8.37,9.37,PI(18:0_20:4)
ANG_PI18.0_20.5,PI 18:0_20:5,23.3409500632347,NEG,with caution,ANG_PI_splash_15.0_18.1_d7,PUFA,38,SLM:000074017,C47H81O13P,,,883.534,301.217,60,8.6,http://purl.bioontology.org/ontology/NCBITAXON/9606,Homo sapiens,PI(18:0_20:5),Phosphatidylinositol (18:0_20:5),PI,PI,PI 18:0_20:5,884.5415,8.37,9.37,PI(18:0_20:5)
ANG_PI18.0_22.4,PI 18:0_22:4,16.286715205049,NEG,with caution,ANG_PI_splash_15.0_18.1_d7,PUFA,40,SLM:000074023,C49H87O13P,,,913.581,331.264,60,8.6,http://purl.bioontology.org/ontology/NCBITAXON/9606,Homo sapiens,PI(18:0_22:4),Phosphatidylinositol (18:0_22:4),PI,PI,PI 18:0_22:4,914.5884,8.37,9.37,PI(18:0_22:4)
ANG_PI18.0_22.5,PI 18:0_22:5,19.3596833908122,NEG,with caution,ANG_PI_splash_15.0_18.1_d7,PUFA,40,SLM:000074024,C49H85O13P,,,911.565,329.249,60,8.6,http://purl.bioontology.org/ontology/NCBITAXON/9606,Homo sapiens,PI(18:0_22:5),Phosphatidylinositol (18:0_22:5),PI,PI,PI 18:0_22:5,912.5728,8.37,9.37,PI(18:0_22:5)
ANG_PI18.0_22.6,PI 18:0_22:6,16.3994060599587,NEG,with caution,ANG_PI_splash_15.0_18.1_d7,PUFA,40,SLM:000074025,C49H83O13P,,,909.55,327.233,60,8.6,http://purl.bioontology.org/ontology/NCBITAXON/9606,Homo sapiens,PI(18:0_22:6),Phosphatidylinositol (18:0_22:6),PI,PI,PI 18:0_22:6,910.5571,8.37,9.37,PI(18:0_22:6)
ANG_PI18.1_18.1,PI 18:1_18:1,29.9251028735554,NEG,with caution,ANG_PI_splash_15.0_18.1_d7,PUFA,36,SLM:000074056,C45H83O13P,,,861.55,281.249,60,8.6,http://purl.bioontology.org/ontology/NCBITAXON/9606,Homo sapiens,PI(18:1_18:1),Phosphatidylinositol (18:1_18:1),PI,PI,PI 18:1/18:1,862.5571,8.37,9.37,PI(18:1_18:1)
ANG_PI18.1_20.1,PI 18:1_20:1,23.0374148127028,NEG,with caution,ANG_PI_splash_15.0_18.1_d7,PUFA,38,SLM:000074062,C47H87O13P,,,889.581,309.28,60,8.6,http://purl.bioontology.org/ontology/NCBITAXON/9606,Homo sapiens,PI(18:1_20:1),Phosphatidylinositol (18:1_20:1),PI,PI,PI 18:1_20:1,890.5884,8.37,9.37,PI(18:1_20:1)
ANG_PI19.0_20.4,PI 19:0_20:4,16.0203642555234,NEG,with caution,ANG_PI_splash_15.0_18.1_d7,PUFA,39,SLM:000074251,C48H85O13P,,,899.565,297.28,60,8.6,http://purl.bioontology.org/ontology/NCBITAXON/9606,Homo sapiens,PI(19:0_20:4),Phosphatidylinositol (19:0_20:4),PI,PI,PI 19:0_20:4,900.5728,8.37,9.37,PI(19:0_20:4)
ANG_PI20.0_20.4,PI 20:0_20:4,24.4710550147609,NEG,with caution,ANG_PI_splash_15.0_18.1_d7,PUFA,40,SLM:000074295,C49H87O13P,,,913.581,303.233,60,8.6,http://purl.bioontology.org/ontology/NCBITAXON/9606,Homo sapiens,PI(20:0_20:4),Phosphatidylinositol (20:0_20:4),PI,PI,PI 20:0_20:4,914.5884,8.37,9.37,PI(20:0_20:4)
ANG_PS16.0_16.1,PS 16:0_16:1,15.7980638826517,NEG,with caution,ANG_PS_splash_15.0_18.1_d7,MUFA,32,SLM:000077761,C38H72NO10P,,,732.5,253.2,50,9,http://purl.bioontology.org/ontology/NCBITAXON/9606,Homo sapiens,PS(16:0_16:1),Phosphatidylserine (16:0_16:1),PS,PS,PS 16:0_16:1,733.4894,8.7,9.7,PS(16:0_16:1)
ANG_PS16.0_18.1,PS 16:0_18:1,15.1729216734091,NEG,with caution,ANG_PS_splash_15.0_18.1_d7,MUFA,34,SLM:000077765,C40H76NO10P,,,760.5,281.2,50,9,http://purl.bioontology.org/ontology/NCBITAXON/9606,Homo sapiens,PS(16:0_18:1),Phosphatidylserine (16:0_18:1),PS,PS,PS 16:0_18:1,761.5207,8.7,9.7,PS(16:0_18:1)
ANG_PS16.1_18.0,PS 16:1_18:0,16.9021316027995,NEG,with caution,ANG_PS_splash_15.0_18.1_d7,MUFA,34,SLM:000077817,C40H76NO10P,,,760.5,283.3,50,9,http://purl.bioontology.org/ontology/NCBITAXON/9606,Homo sapiens,PS(16:1_18:0),Phosphatidylserine (16:1_18:0),PS,PS,PS 16:1_18:0,761.5207,8.7,9.7,PS(16:1_18:0)
ANG_PS16.1_18.1,PS 16:1_18:1,23.8705304062979,NEG,with caution,ANG_PS_splash_15.0_18.1_d7,PUFA,34,SLM:000077818,C40H74NO10P,,,758.5,281.2,50,9,http://purl.bioontology.org/ontology/NCBITAXON/9606,Homo sapiens,PS(16:1_18:1),Phosphatidylserine (16:1_18:1),PS,PS,PS 16:1_18:1,759.505,8.7,9.7,PS(16:1_18:1)
ANG_PS16.1_20.0,PS 16:1_20:0,24.0587691804937,NEG,with caution,ANG_PS_splash_15.0_18.1_d7,MUFA,36,SLM:000077823,C42H80NO10P,,,788.5,311.3,50,9,http://purl.bioontology.org/ontology/NCBITAXON/9606,Homo sapiens,PS(16:1_20:0),Phosphatidylserine (16:1_20:0),PS,PS,PS 16:1_20:0,789.552,8.7,9.7,PS(16:1_20:0)
ANG_PS16.1_20.1,PS 16:1_20:1,19.6045625723827,NEG,with caution,ANG_PS_splash_15.0_18.1_d7,PUFA,36,SLM:000077824,C42H78NO10P,,,786.5,309.3,50,9,http://purl.bioontology.org/ontology/NCBITAXON/9606,Homo sapiens,PS(16:1_20:1),Phosphatidylserine (16:1_20:1),PS,PS,PS 16:1_20:1,787.5363,8.7,9.7,PS(16:1_20:1)
ANG_PS17.0_18.0,PS 17:0_18:0,19.263824787888,NEG,with caution,ANG_PS_splash_15.0_18.1_d7,SFA,35,SLM:000077920,C41H80NO10P,,,776.5,269.2,50,9,http://purl.bioontology.org/ontology/NCBITAXON/9606,Homo sapiens,PS(17:0_18:0),Phosphatidylserine (17:0_18:0),PS,PS,PS 17:0_18:0,777.552,8.7,9.7,PS(17:0_18:0)
ANG_PS17.0_18.1,PS 17:0_18:1,20.6322287164344,NEG,with caution,ANG_PS_splash_15.0_18.1_d7,MUFA,35,SLM:000077921,C41H78NO10P,,,774.5,269.2,50,9,http://purl.bioontology.org/ontology/NCBITAXON/9606,Homo sapiens,PS(17:0_18:1),Phosphatidylserine (17:0_18:1),PS,PS,PS 17:0_18:1,775.5363,8.7,9.7,PS(17:0_18:1)
ANG_PS17.0_18.2,PS 17:0_18:2,18.2971970020129,NEG,with caution,ANG_PS_splash_15.0_18.1_d7,PUFA,35,SLM:000077922,C41H76NO10P,,,772.5,269.2,50,9,http://purl.bioontology.org/ontology/NCBITAXON/9606,Homo sapiens,PS(17:0_18:2),Phosphatidylserine (17:0_18:2),PS,PS,PS 17:0_18:2,773.5207,8.7,9.7,PS(17:0_18:2)
ANG_PS17.0_20.3,PS 17:0_20:3,19.1064463993966,NEG,with caution,ANG_PS_splash_15.0_18.1_d7,PUFA,37,SLM:000077929,C43H78NO10P,,,798.5,269.2,50,9,http://purl.bioontology.org/ontology/NCBITAXON/9606,Homo sapiens,PS(17:0_20:3),Phosphatidylserine (17:0_20:3),PS,PS,PS 17:0_20:3,799.5363,8.7,9.7,PS(17:0_20:3)
ANG_PS17.0_20.4,PS 17:0_20:4,20.6693908684499,NEG,with caution,ANG_PS_splash_15.0_18.1_d7,PUFA,37,SLM:000077930,C43H76NO10P,,,796.5,269.2,50,9,http://purl.bioontology.org/ontology/NCBITAXON/9606,Homo sapiens,PS(17:0_20:4),Phosphatidylserine (17:0_20:4),PS,PS,PS 17:0_20:4,797.5207,8.7,9.7,PS(17:0_20:4)
ANG_PS17.0_22.4,PS 17:0_22:4,18.5570983265584,NEG,with caution,ANG_PS_splash_15.0_18.1_d7,PUFA,39,SLM:000077937,C45H80NO10P,,,824.5,269.2,50,9,http://purl.bioontology.org/ontology/NCBITAXON/9606,Homo sapiens,PS(17:0_22:4),Phosphatidylserine (17:0_22:4),PS,PS,PS 17:0_22:4,825.552,8.7,9.7,PS(17:0_22:4)
ANG_PS17.0_22.6,PS 17:0_22:6,18.602061855929,NEG,with caution,ANG_PS_splash_15.0_18.1_d7,PUFA,39,SLM:000077939,C45H76NO10P,,,820.5,269.2,50,9,http://purl.bioontology.org/ontology/NCBITAXON/9606,Homo sapiens,PS(17:0_22:6),Phosphatidylserine (17:0_22:6),PS,PS,PS 17:0_22:6,821.5207,8.7,9.7,PS(17:0_22:6)
ANG_PS18.0_18.0,PS 18:0_18:0,24.8814232201559,NEG,with caution,ANG_PS_splash_15.0_18.1_d7,SFA,36,SLM:000077970,C42H82NO10P,,,790.6,283.3,50,9,http://purl.bioontology.org/ontology/NCBITAXON/9606,Homo sapiens,PS(18:0_18:0),Phosphatidylserine (18:0_18:0),PS,PS,PS 18:0/18:0,791.5676,8.7,9.7,PS(18:0_18:0)
ANG_PS18.0_18.1,PS 18:0_18:1,24.4230363836424,NEG,with caution,ANG_PS_splash_15.0_18.1_d7,MUFA,36,SLM:000077971,C42H80NO10P,,,788.5,281.2,50,9,http://purl.bioontology.org/ontology/NCBITAXON/9606,Homo sapiens,PS(18:0_18:1),Phosphatidylserine (18:0_18:1),PS,PS,PS 18:0_18:1,789.552,8.7,9.7,PS(18:0_18:1)
ANG_PS18.0_18.2,PS 18:0_18:2,23.5258797547434,NEG,with caution,ANG_PS_splash_15.0_18.1_d7,PUFA,36,SLM:000077972,C42H78NO10P,,,786.5,279.2,50,9,http://purl.bioontology.org/ontology/NCBITAXON/9606,Homo sapiens,PS(18:0_18:2),Phosphatidylserine (18:0_18:2),PS,PS,PS 18:0_18:2,787.5363,8.7,9.7,PS(18:0_18:2)
ANG_PS18.0_18.3,PS 18:0_18:3,22.8157425495626,NEG,with caution,ANG_PS_splash_15.0_18.1_d7,PUFA,36,SLM:000077973,C42H76NO10P,,,784.5,277.2,50,9,http://purl.bioontology.org/ontology/NCBITAXON/9606,Homo sapiens,PS(18:0_18:3),Phosphatidylserine (18:0_18:3),PS,PS,PS 18:0_18:3,785.5207,8.7,9.7,PS(18:0_18:3)
ANG_PS18.0_20.0,PS 18:0_20:0,22.8014839284504,NEG,with caution,ANG_PS_splash_15.0_18.1_d7,SFA,38,SLM:000077976,C44H86NO10P,,,818.6,311.3,50,9,http://purl.bioontology.org/ontology/NCBITAXON/9606,Homo sapiens,PS(18:0_20:0),Phosphatidylserine (18:0_20:0),PS,PS,PS 18:0_20:0,819.5989,8.7,9.7,PS(18:0_20:0)
ANG_PS18.0_20.1,PS 18:0_20:1,21.812079162808,NEG,with caution,ANG_PS_splash_15.0_18.1_d7,MUFA,38,SLM:000077977,C44H84NO10P,,,816.6,309.3,50,9,http://purl.bioontology.org/ontology/NCBITAXON/9606,Homo sapiens,PS(18:0_20:1),Phosphatidylserine (18:0_20:1),PS,PS,PS 18:0_20:1,817.5833,8.7,9.7,PS(18:0_20:1)
ANG_PS18.0_20.2,PS 18:0_20:2,21.5736142674787,NEG,with caution,ANG_PS_splash_15.0_18.1_d7,PUFA,38,SLM:000077978,C44H82NO10P,,,814.6,307.3,50,9,http://purl.bioontology.org/ontology/NCBITAXON/9606,Homo sapiens,PS(18:0_20:2),Phosphatidylserine (18:0_20:2),PS,PS,PS 18:0_20:2,815.5676,8.7,9.7,PS(18:0_20:2)
ANG_PS18.0_20.3,PS 18:0_20:3,18.4803874426811,NEG,with caution,ANG_PS_splash_15.0_18.1_d7,PUFA,38,SLM:000077979,C44H80NO10P,,,812.5,305.2,50,9,http://purl.bioontology.org/ontology/NCBITAXON/9606,Homo sapiens,PS(18:0_20:3),Phosphatidylserine (18:0_20:3),PS,PS,PS 18:0_20:3,813.552,8.7,9.7,PS(18:0_20:3)
ANG_PS18.0_20.4,PS 18:0_20:4,17.0345510039838,NEG,with caution,ANG_PS_splash_15.0_18.1_d7,PUFA,38,SLM:000077980,C44H78NO10P,,,810.5,303.2,50,9,http://purl.bioontology.org/ontology/NCBITAXON/9606,Homo sapiens,PS(18:0_20:4),Phosphatidylserine (18:0_20:4),PS,PS,PS 18:0_20:4,811.5363,8.7,9.7,PS(18:0_20:4)
ANG_PS18.0_20.5,PS 18:0_20:5,21.3127894056913,NEG,with caution,ANG_PS_splash_15.0_18.1_d7,PUFA,38,SLM:000077981,C44H76NO10P,,,808.5,301.2,50,9,http://purl.bioontology.org/ontology/NCBITAXON/9606,Homo sapiens,PS(18:0_20:5),Phosphatidylserine (18:0_20:5),PS,PS,PS 18:0_20:5,809.5207,8.7,9.7,PS(18:0_20:5)
ANG_PS18.0_22.4,PS 18:0_22:4,19.0088204359432,NEG,with caution,ANG_PS_splash_15.0_18.1_d7,PUFA,40,SLM:000077987,C46H82NO10P,,,838.6,331.3,50,9,http://purl.bioontology.org/ontology/NCBITAXON/9606,Homo sapiens,PS(18:0_22:4),Phosphatidylserine (18:0_22:4),PS,PS,PS 18:0_22:4,839.5676,8.7,9.7,PS(18:0_22:4)
ANG_PS18.0_22.5,PS 18:0_22:5,18.0218756746922,NEG,with caution,ANG_PS_splash_15.0_18.1_d7,PUFA,40,SLM:000077988,C46H80NO10P,,,836.5,329.2,50,9,http://purl.bioontology.org/ontology/NCBITAXON/9606,Homo sapiens,PS(18:0_22:5),Phosphatidylserine (18:0_22:5),PS,PS,PS 18:0_22:5,837.552,8.7,9.7,PS(18:0_22:5)
ANG_PS18.0_22.6,PS 18:0_22:6,15.1240676659125,NEG,with caution,ANG_PS_splash_15.0_18.1_d7,PUFA,40,SLM:000077989,C46H78NO10P,,,834.5,327.2,50,9,http://purl.bioontology.org/ontology/NCBITAXON/9606,Homo sapiens,PS(18:0_22:6),Phosphatidylserine (18:0_22:6),PS,PS,PS 18:0_22:6,835.5363,8.7,9.7,PS(18:0_22:6)
ANG_PS18.1_18.1,PS 18:1_18:1,20.2279017194626,NEG,with caution,ANG_PS_splash_15.0_18.1_d7,PUFA,36,SLM:000078020,C42H78NO10P,,,786.5,281.2,50,9,http://purl.bioontology.org/ontology/NCBITAXON/9606,Homo sapiens,PS(18:1_18:1),Phosphatidylserine (18:1_18:1),PS,PS,PS 18:1/18:1,787.5363,8.7,9.7,PS(18:1_18:1)
ANG_PS18.1_18.2,PS 18:1_18:2,24.1002462538861,NEG,with caution,ANG_PS_splash_15.0_18.1_d7,PUFA,36,SLM:000078021,C42H76NO10P,,,784.5,279.2,50,9,http://purl.bioontology.org/ontology/NCBITAXON/9606,Homo sapiens,PS(18:1_18:2),Phosphatidylserine (18:1_18:2),PS,PS,PS 18:1_18:2,785.5207,8.7,9.7,PS(18:1_18:2)
ANG_PS18.1_19.0,PS 18:1_19:0,18.8245212436758,NEG,with caution,ANG_PS_splash_15.0_18.1_d7,MUFA,37,SLM:000078024,C43H82NO10P,,,802.6,297.3,50,9,http://purl.bioontology.org/ontology/NCBITAXON/9606,Homo sapiens,PS(18:1_19:0),Phosphatidylserine (18:1_19:0),PS,PS,PS 18:1_19:0,803.5676,8.7,9.7,PS(18:1_19:0)
ANG_PS18.1_20.0,PS 18:1_20:0,22.2273855005538,NEG,with caution,ANG_PS_splash_15.0_18.1_d7,MUFA,38,SLM:000078025,C44H84NO10P,,,816.6,311.3,50,9,http://purl.bioontology.org/ontology/NCBITAXON/9606,Homo sapiens,PS(18:1_20:0),Phosphatidylserine (18:1_20:0),PS,PS,PS 18:1_20:0,817.5833,8.7,9.7,PS(18:1_20:0)
ANG_PS18.1_20.1,PS 18:1_20:1,15.6643908361131,NEG,with caution,ANG_PS_splash_15.0_18.1_d7,PUFA,38,SLM:000078026,C44H82NO10P,,,814.6,309.3,50,9,http://purl.bioontology.org/ontology/NCBITAXON/9606,Homo sapiens,PS(18:1_20:1),Phosphatidylserine (18:1_20:1),PS,PS,PS 18:1_20:1,815.5676,8.7,9.7,PS(18:1_20:1)
ANG_PS18.1_20.2,PS 18:1_20:2,20.6536198446598,NEG,with caution,ANG_PS_splash_15.0_18.1_d7,PUFA,38,SLM:000078027,C44H80NO10P,,,812.5,307.3,50,9,http://purl.bioontology.org/ontology/NCBITAXON/9606,Homo sapiens,PS(18:1_20:2),Phosphatidylserine (18:1_20:2),PS,PS,PS 18:1_20:2,813.552,8.7,9.7,PS(18:1_20:2)
ANG_PS18.1_20.3,PS 18:1_20:3,24.5933024146114,NEG,with caution,ANG_PS_splash_15.0_18.1_d7,PUFA,38,SLM:000078028,C44H78NO10P,,,810.5,305.2,50,9,http://purl.bioontology.org/ontology/NCBITAXON/9606,Homo sapiens,PS(18:1_20:3),Phosphatidylserine (18:1_20:3),PS,PS,PS 18:1_20:3,811.5363,8.7,9.7,PS(18:1_20:3)
ANG_PS18.1_20.4,PS 18:1_20:4,23.5573893732828,NEG,with caution,ANG_PS_splash_15.0_18.1_d7,PUFA,38,SLM:000078029,C44H76NO10P,,,808.5,303.2,50,9,http://purl.bioontology.org/ontology/NCBITAXON/9606,Homo sapiens,PS(18:1_20:4),Phosphatidylserine (18:1_20:4),PS,PS,PS 18:1_20:4,809.5207,8.7,9.7,PS(18:1_20:4)
ANG_PS18.1_22.4,PS 18:1_22:4,23.2507461877073,NEG,with caution,ANG_PS_splash_15.0_18.1_d7,PUFA,40,SLM:000078036,C46H80NO10P,,,836.5,331.3,50,9,http://purl.bioontology.org/ontology/NCBITAXON/9606,Homo sapiens,PS(18:1_22:4),Phosphatidylserine (18:1_22:4),PS,PS,PS 18:1_22:4,837.552,8.7,9.7,PS(18:1_22:4)
ANG_PS18.1_22.5,PS 18:1_22:5,24.8549207321811,NEG,with caution,ANG_PS_splash_15.0_18.1_d7,PUFA,40,SLM:000078037,C46H78NO10P,,,834.5,329.2,50,9,http://purl.bioontology.org/ontology/NCBITAXON/9606,Homo sapiens,PS(18:1_22:5),Phosphatidylserine (18:1_22:5),PS,PS,PS 18:1_22:5,835.5363,8.7,9.7,PS(18:1_22:5)
ANG_PS18.2_20.0,PS 18:2_20:0,20.1916272612211,NEG,with caution,ANG_PS_splash_15.0_18.1_d7,PUFA,38,SLM:000078073,C44H82NO10P,,,814.6,311.3,50,9,http://purl.bioontology.org/ontology/NCBITAXON/9606,Homo sapiens,PS(18:2_20:0),Phosphatidylserine (18:2_20:0),PS,PS,PS 18:2_20:0,815.5676,8.7,9.7,PS(18:2_20:0)
ANG_PS18.2_20.1,PS 18:2_20:1,22.9653699361984,NEG,with caution,ANG_PS_splash_15.0_18.1_d7,PUFA,38,SLM:000078074,C44H80NO10P,,,812.5,309.3,50,9,http://purl.bioontology.org/ontology/NCBITAXON/9606,Homo sapiens,PS(18:2_20:1),Phosphatidylserine (18:2_20:1),PS,PS,PS 18:2_20:1,813.552,8.7,9.7,PS(18:2_20:1)
ANG_PS19.0_20.3,PS 19:0_20:3,20.5699881461935,NEG,with caution,ANG_PS_splash_15.0_18.1_d7,PUFA,39,SLM:000078214,C45H82NO10P,,,826.6,297.3,50,9,http://purl.bioontology.org/ontology/NCBITAXON/9606,Homo sapiens,PS(19:0_20:3),Phosphatidylserine (19:0_20:3),PS,PS,PS 19:0_20:3,827.5676,8.7,9.7,PS(19:0_20:3)
ANG_PS19.0_20.4,PS 19:0_20:4,19.612248393633,NEG,with caution,ANG_PS_splash_15.0_18.1_d7,PUFA,39,SLM:000078215,C45H80NO10P,,,824.5,297.3,50,9,http://purl.bioontology.org/ontology/NCBITAXON/9606,Homo sapiens,PS(19:0_20:4),Phosphatidylserine (19:0_20:4),PS,PS,PS 19:0_20:4,825.552,8.7,9.7,PS(19:0_20:4)
ANG_PS20.0_20.3,PS 20:0_20:3,25.5052333788955,NEG,with caution,ANG_PS_splash_15.0_18.1_d7,PUFA,40,SLM:000078258,C46H84NO10P,,,840.6,305.2,50,9,http://purl.bioontology.org/ontology/NCBITAXON/9606,Homo sapiens,PS(20:0_20:3),Phosphatidylserine (20:0_20:3),PS,PS,PS 20:0_20:3,841.5833,8.7,9.7,PS(20:0_20:3)
ANG_PS20.1_20.4,PS 20:1_20:4,27.1960175192307,NEG,with caution,ANG_PS_splash_15.0_18.1_d7,PUFA,40,SLM:000078302,C46H80NO10P,,,836.5,303.2,50,9,http://purl.bioontology.org/ontology/NCBITAXON/9606,Homo sapiens,PS(20:1_20:4),Phosphatidylserine (20:1_20:4),PS,PS,PS 20:1_20:4,837.552,8.7,9.7,PS(20:1_20:4)
ANG_PS20.3_20.3,PS 20:3_20:3,25.5059636543507,NEG,with caution,ANG_PS_splash_15.0_18.1_d7,PUFA,40,SLM:000078384,C46H78NO10P,,,834.5,305.2,50,9,http://purl.bioontology.org/ontology/NCBITAXON/9606,Homo sapiens,PS(20:3_20:3),Phosphatidylserine (20:3_20:3),PS,PS,PS 20:3/20:3,835.5363,8.7,9.7,PS(20:3_20:3)
ANG_PS20.3_22.6,PS 20:3_22:6,27.547702837162,NEG,with caution,ANG_PS_splash_15.0_18.1_d7,PUFA,42,SLM:000078394,C48H76NO10P,,,856.5,327.2,50,9,http://purl.bioontology.org/ontology/NCBITAXON/9606,Homo sapiens,PS(20:3_22:6),Phosphatidylserine (20:3_22:6),PS,PS,PS 20:3_22:6,857.5207,8.7,9.7,PS(20:3_22:6)
ANG_LPG16.1,LPG 16:1,28.166935928454,NEG,with caution,ANG_LPG17.1_IS,MUFA,16,SLM:000055503,C22H43O9P,,,497.289,269.249,40,8.8,http://purl.bioontology.org/ontology/NCBITAXON/9606,Homo sapiens,LPG(16:1),Lysophosphatidylglycerol (16:1),LPG,LPG,LPG 16:1,482.2645,8.4,10.4,LPG(16:1)
ANG_LPG18.0,LPG 18:0,29.3750380176795,NEG,with caution,ANG_LPG17.1_IS,SFA,18,SLM:000055506,C18H34O,,,511.304,283.264,40,8.8,http://purl.bioontology.org/ontology/NCBITAXON/9606,Homo sapiens,LPG(18:0),Lysophosphatidylglycerol (18:0),LPG,LPG,LPG 18:0,266.261,8.4,10.4,LPG(18:0)
ANG_LPG18.1,LPG 18:1,22.7778574550762,NEG,with caution,ANG_LPG17.1_IS,MUFA,18,SLM:000055507,C24H47O9P,,,509.289,281.249,40,8.8,http://purl.bioontology.org/ontology/NCBITAXON/9606,Homo sapiens,LPG(18:1),Lysophosphatidylglycerol (18:1),LPG,LPG,LPG 18:1,510.2958,8.4,10.4,LPG(18:1)
ANG_LPG18.2,LPG 18:2,18.8309944477166,NEG,with caution,ANG_LPG17.1_IS,PUFA,18,SLM:000055508,C24H45O9P,,,507.273,279.233,40,8.8,http://purl.bioontology.org/ontology/NCBITAXON/9606,Homo sapiens,LPG(18:2),Lysophosphatidylglycerol (18:2),LPG,LPG,LPG 18:2,508.2801,8.4,10.4,LPG(18:2)
ANG_LPG20.2,LPG 20:2,25.4665368034016,NEG,with caution,ANG_LPG17.1_IS,PUFA,20,SLM:000055514,C26H49O9P,,,535.304,307.264,40,8.8,http://purl.bioontology.org/ontology/NCBITAXON/9606,Homo sapiens,LPG(20:2),Lysophosphatidylglycerol (20:2),LPG,LPG,LPG 20:2,536.3114,8.4,10.4,LPG(20:2)
ANG_LPG20.3,LPG 20:3,27.0059074892173,NEG,with caution,ANG_LPG17.1_IS,PUFA,20,SLM:000055515,C26H47O9P,,,533.289,305.249,40,8.8,http://purl.bioontology.org/ontology/NCBITAXON/9606,Homo sapiens,LPG(20:3),Lysophosphatidylglycerol (20:3),LPG,LPG,LPG 20:3,534.2958,8.4,10.4,LPG(20:3)
ANG_LPG20.4,LPG 20:4,23.0461467363876,NEG,with caution,ANG_LPG17.1_IS,PUFA,20,SLM:000055516,C26H45O9P,,,531.273,303.233,40,8.8,http://purl.bioontology.org/ontology/NCBITAXON/9606,Homo sapiens,LPG(20:4),Lysophosphatidylglycerol (20:4),LPG,LPG,LPG 20:4,532.2801,8.4,10.4,LPG(20:4)
ANG_LPG22.4,LPG 22:4,28.5075163329954,NEG,with caution,ANG_LPG17.1_IS,PUFA,22,SLM:000055523,C28H49O9P,,,559.304,331.264,40,8.8,http://purl.bioontology.org/ontology/NCBITAXON/9606,Homo sapiens,LPG(22:4),Lysophosphatidylglycerol (22:4),LPG,LPG,LPG 22:4,560.3114,8.4,10.4,LPG(22:4)
ANG_LPG22.5,LPG 22:5,23.8891875287251,NEG,with caution,ANG_LPG17.1_IS,PUFA,22,SLM:000055524,C28H47O9P,,,557.289,329.249,40,8.8,http://purl.bioontology.org/ontology/NCBITAXON/9606,Homo sapiens,LPG(22:5),Lysophosphatidylglycerol (22:5),LPG,LPG,LPG 22:5,558.2958,8.4,10.4,LPG(22:5)
ANG_LPG22.6,LPG 22:6,24.2188809404885,NEG,with caution,ANG_LPG17.1_IS,PUFA,22,SLM:000055525,C28H45O9P,,,555.273,327.233,40,8.8,http://purl.bioontology.org/ontology/NCBITAXON/9606,Homo sapiens,LPG(22:6),Lysophosphatidylglycerol (22:6),LPG,LPG,LPG 22:6,556.2801,8.4,10.4,LPG(22:6)
ANG_LPI16.0,LPI 16:0,18.1148616922269,NEG,with caution,ANG_LPI17.1_IS,SFA,16,SLM:000055566,C25H49O12P,,,571.289,255.233,40,11,http://purl.bioontology.org/ontology/NCBITAXON/9606,Homo sapiens,LPI(16:0),Lysophosphatidylinositol (16:0),LPI,LPI,LPI 16:0,572.2962,10.13,12.13,LPI(16:0)
ANG_LPI17.0,LPI 17:0,21.6159122165948,NEG,with caution,ANG_LPI17.1_IS,SFA,17,SLM:000055569,C26H51O12P,,,585.305,269.217,40,11,http://purl.bioontology.org/ontology/NCBITAXON/9606,Homo sapiens,LPI(17:0),Lysophosphatidylinositol (17:0),LPI,LPI,LPI 17:0,586.3118,10.13,12.13,LPI(17:0)
ANG_LPI18.0,LPI 18:0,25.7224184496587,NEG,with caution,ANG_LPI17.1_IS,SFA,18,SLM:000055570,C27H53O12P,,,599.32,283.264,40,11,http://purl.bioontology.org/ontology/NCBITAXON/9606,Homo sapiens,LPI(18:0),Lysophosphatidylinositol (18:0),LPI,LPI,LPI 18:0,600.3275,10.13,12.13,LPI(18:0)
ANG_LPI18.2,LPI 18:2,20.7877490929347,NEG,with caution,ANG_LPI17.1_IS,PUFA,18,SLM:000055572,C27H49O12P,,,595.289,279.233,40,11,http://purl.bioontology.org/ontology/NCBITAXON/9606,Homo sapiens,LPI(18:2),Lysophosphatidylinositol (18:2),LPI,LPI,LPI 18:2,596.2962,10.13,12.13,LPI(18:2)
ANG_LPI20.1,LPI 20:1,16.9322524540829,NEG,with caution,ANG_LPI17.1_IS,MUFA,20,SLM:000055577,C29H55O12P,,,625.336,309.28,40,11,http://purl.bioontology.org/ontology/NCBITAXON/9606,Homo sapiens,LPI(20:1),Lysophosphatidylinositol (20:1),LPI,LPI,LPI 20:1,626.3431,10.13,12.13,LPI(20:1)
ANG_LPI22.5,LPI 22:5,17.0879829548844,NEG,with caution,ANG_LPI17.1_IS,PUFA,22,SLM:000055588,C31H51O12P,,,645.305,329.249,40,11,http://purl.bioontology.org/ontology/NCBITAXON/9606,Homo sapiens,LPI(22:5),Lysophosphatidylinositol (22:5),LPI,LPI,LPI 22:5,646.3118,10.13,12.13,LPI(22:5)
ANG_LPI22.6,LPI 22:6,26.0860081185587,NEG,with caution,ANG_LPI17.1_IS,PUFA,22,SLM:000055589,C31H49O12P,,,643.289,327.233,40,11,http://purl.bioontology.org/ontology/NCBITAXON/9606,Homo sapiens,LPI(22:6),Lysophosphatidylinositol (22:6),LPI,LPI,LPI 22:6,644.2962,10.13,12.13,LPI(22:6)
ANG_LPS18.0,LPS 18:0,22.8645307624589,NEG,with caution,ANG_LPS17.1_IS,SFA,18,SLM:000055662,C24H48NO9P,,,524.3,153.1,40,11.1,http://purl.bioontology.org/ontology/NCBITAXON/9606,Homo sapiens,LPS(18:0),Lysophosphatidylserine (18:0),LPS,LPS,LPS 18:0,525.3067,10.62,12.62,LPS(18:0)_2
ANG_LPS18.1,LPS 18:1,18.6818308635836,NEG,with caution,ANG_LPS17.1_IS,MUFA,18,SLM:000055663,C24H46NO9P,,,522.285,153.1,40,11.1,http://purl.bioontology.org/ontology/NCBITAXON/9606,Homo sapiens,LPS(18:1),Lysophosphatidylserine (18:1),LPS,LPS,LPS 18:1,523.291,10.62,12.62,LPS(18:1)_2
ANG_LPS20.0,LPS 20:0,26.8173005277204,NEG,with caution,ANG_LPS17.1_IS,SFA,20,SLM:000055668,C26H52NO9P,,,552.332,153.1,40,11.1,http://purl.bioontology.org/ontology/NCBITAXON/9606,Homo sapiens,LPS(20:0),Lysophosphatidylserine (20:0),LPS,LPS,LPS 20:0,553.338,9.73,11.73,LPS(20:0)_2
ANG_LPS20.1,LPS 20:1,28.1180161756342,NEG,with caution,ANG_LPS17.1_IS,MUFA,20,SLM:000055669,C26H50NO9P,,,550.316,153.1,40,11.1,http://purl.bioontology.org/ontology/NCBITAXON/9606,Homo sapiens,LPS(20:1),Lysophosphatidylserine (20:1),LPS,LPS,LPS 20:1,551.3223,9.88,11.88,LPS(20:1)_2
ANG_LPS20.3,LPS 20:3,18.5791031953015,NEG,with caution,ANG_LPS17.1_IS,PUFA,20,SLM:000055671,C26H46NO9P,,,546.285,153.1,40,11.1,http://purl.bioontology.org/ontology/NCBITAXON/9606,Homo sapiens,LPS(20:3),Lysophosphatidylserine (20:3),LPS,LPS,LPS 20:3,547.291,10.62,12.62,LPS(20:3)_2
ANG_LPS22.4,LPS 22:4,16.602703664105402,NEG,with caution,ANG_LPS17.1_IS,PUFA,22,SLM:000055679,C28H48NO9P,,,572.3,153.1,40,11.1,http://purl.bioontology.org/ontology/NCBITAXON/9606,Homo sapiens,LPS(22:4),Lysophosphatidylserine (22:4),LPS,LPS,LPS 22:4,573.3067,10.62,12.62,LPS(22:4)_2
ANG_LPS22.5,LPS 22:5,19.3296847426203,NEG,with caution,ANG_LPS17.1_IS,PUFA,22,SLM:000055680,C28H46NO9P,,,570.285,153.1,40,11.1,http://purl.bioontology.org/ontology/NCBITAXON/9606,Homo sapiens,LPS(22:5),Lysophosphatidylserine (22:5),LPS,LPS,LPS 22:5,571.291,10.62,12.62,LPS(22:5)_2
ANG_LPS22.6,LPS 22:6,15.3259961486259,NEG,with caution,ANG_LPS17.1_IS,PUFA,22,SLM:000055681,C28H44NO9P,,,568.269,153.1,40,11.1,http://purl.bioontology.org/ontology/NCBITAXON/9606,Homo sapiens,LPS(22:6),Lysophosphatidylserine (22:6),LPS,LPS,LPS 22:6,569.2754,10.62,12.62,LPS(22:6)_2
ATG_TG40.0_FA14.0,TG 40:0-FA14:0,20.7483078375721,TG,with caution,ATG_TG_splash_15.0_18.1_15.0_d7,SFA,40,SLM:000308215,,,,712.645,467.409,30,1.4,http://purl.bioontology.org/ontology/NCBITAXON/9606,Homo sapiens,TG(40:0),Triacylglycerol (40:0),TG,TG,-,,0.75,2.25,TAG40:0-FA14:0
ATG_TG40.0_FA16.0,TG 40:0-FA16:0,24.0193839126925,TG,with caution,ATG_TG_splash_15.0_18.1_15.0_d7,SFA,40,SLM:000308215,,,,712.645,439.378,30,1.4,http://purl.bioontology.org/ontology/NCBITAXON/9606,Homo sapiens,TG(40:0),Triacylglycerol (40:0),TG,TG,-,,0.75,2.25,TAG40:0-FA16:0
ATG_TG42.0_FA14.0,TG 42:0-FA14:0,17.1224389656523,TG,with caution,ATG_TG_splash_15.0_18.1_15.0_d7,SFA,42,SLM:000308221,,,,740.676,495.441,30,1.4,http://purl.bioontology.org/ontology/NCBITAXON/9606,Homo sapiens,TG(42:0),Triacylglycerol (42:0),TG,TG,-,,0.75,2.25,TAG42:0-FA14:0
ATG_TG42.0_FA16.0,TG 42:0-FA16:0,17.2666713490419,TG,with caution,ATG_TG_splash_15.0_18.1_15.0_d7,SFA,42,SLM:000308221,,,,740.676,467.409,30,1.4,http://purl.bioontology.org/ontology/NCBITAXON/9606,Homo sapiens,TG(42:0),Triacylglycerol (42:0),TG,TG,-,,0.75,2.25,TAG42:0-FA16:0
ATG_TG42.1_FA14.0,TG 42:1-FA14:0,17.7369012906112,TG,with caution,ATG_TG_splash_15.0_18.1_15.0_d7,MUFA,42,SLM:000308222,,,,738.661,493.425,30,1.4,http://purl.bioontology.org/ontology/NCBITAXON/9606,Homo sapiens,TG(42:1),Triacylglycerol (42:1),TG,TG,-,,0.75,2.25,TAG42:1-FA14:0
ATG_TG42.1_FA16.0,TG 42:1-FA16:0,23.0429323044978,TG,with caution,ATG_TG_splash_15.0_18.1_15.0_d7,MUFA,42,SLM:000308222,,,,738.661,465.394,30,1.4,http://purl.bioontology.org/ontology/NCBITAXON/9606,Homo sapiens,TG(42:1),Triacylglycerol (42:1),TG,TG,-,,0.75,2.25,TAG42:1-FA16:0
ATG_TG42.1_FA16.1,TG 42:1-FA16:1,19.0123835579887,TG,with caution,ATG_TG_splash_15.0_18.1_15.0_d7,MUFA,42,SLM:000308222,,,,738.661,467.409,30,1.4,http://purl.bioontology.org/ontology/NCBITAXON/9606,Homo sapiens,TG(42:1),Triacylglycerol (42:1),TG,TG,-,,0.75,2.25,TAG42:1-FA16:1
ATG_TG42.1_FA18.1,TG 42:1-FA18:1,22.7715442582842,TG,with caution,ATG_TG_splash_15.0_18.1_15.0_d7,MUFA,42,SLM:000308222,,,,738.661,439.378,30,1.4,http://purl.bioontology.org/ontology/NCBITAXON/9606,Homo sapiens,TG(42:1),Triacylglycerol (42:1),TG,TG,-,,0.75,2.25,TAG42:1-FA18:1
ATG_TG44.0_FA14.0,TG 44:0-FA14:0,23.1539750545864,TG,with caution,ATG_TG_splash_15.0_18.1_15.0_d7,SFA,44,SLM:000308231,,,,768.708,523.472,30,1.4,http://purl.bioontology.org/ontology/NCBITAXON/9606,Homo sapiens,TG(44:0),Triacylglycerol (44:0),TG,TG,-,,0.75,2.25,TAG44:0-FA14:0
ATG_TG44.0_FA16.0,TG 44:0-FA16:0,22.7213110610806,TG,with caution,ATG_TG_splash_15.0_18.1_15.0_d7,SFA,44,SLM:000308231,,,,768.708,495.441,30,1.4,http://purl.bioontology.org/ontology/NCBITAXON/9606,Homo sapiens,TG(44:0),Triacylglycerol (44:0),TG,TG,-,,0.75,2.25,TAG44:0-FA16:0
ATG_TG44.0_FA18.0,TG 44:0-FA18:0,16.7933194711716,TG,with caution,ATG_TG_splash_15.0_18.1_15.0_d7,SFA,44,SLM:000308231,,,,768.708,467.409,30,1.4,http://purl.bioontology.org/ontology/NCBITAXON/9606,Homo sapiens,TG(44:0),Triacylglycerol (44:0),TG,TG,-,,0.75,2.25,TAG44:0-FA18:0
ATG_TG44.1_FA14.0,TG 44:1-FA14:0,15.507110108797,TG,with caution,ATG_TG_splash_15.0_18.1_15.0_d7,MUFA,44,SLM:000308232,,,,766.692,521.456,30,1.4,http://purl.bioontology.org/ontology/NCBITAXON/9606,Homo sapiens,TG(44:1),Triacylglycerol (44:1),TG,TG,-,,0.75,2.25,TAG44:1-FA14:0
ATG_TG44.1_FA16.0,TG 44:1-FA16:0,16.3229343028031,TG,with caution,ATG_TG_splash_15.0_18.1_15.0_d7,MUFA,44,SLM:000308232,,,,766.692,493.425,30,1.4,http://purl.bioontology.org/ontology/NCBITAXON/9606,Homo sapiens,TG(44:1),Triacylglycerol (44:1),TG,TG,-,,0.75,2.25,TAG44:1-FA16:0
ATG_TG44.1_FA16.1,TG 44:1-FA16:1,18.0090790472337,TG,with caution,ATG_TG_splash_15.0_18.1_15.0_d7,MUFA,44,SLM:000308232,,,,766.692,495.441,30,1.4,http://purl.bioontology.org/ontology/NCBITAXON/9606,Homo sapiens,TG(44:1),Triacylglycerol (44:1),TG,TG,-,,0.75,2.25,TAG44:1-FA16:1
ATG_TG44.2_FA14.0,TG 44:2-FA14:0,17.776629492971,TG,with caution,ATG_TG_splash_15.0_18.1_15.0_d7,PUFA,44,SLM:000308233,,,,764.676,519.441,30,1.4,http://purl.bioontology.org/ontology/NCBITAXON/9606,Homo sapiens,TG(44:2),Triacylglycerol (44:2),TG,TG,-,,0.75,2.25,TAG44:2-FA14:0
ATG_TG44.2_FA16.0,TG 44:2-FA16:0,20.3931279966182,TG,with caution,ATG_TG_splash_15.0_18.1_15.0_d7,PUFA,44,SLM:000308233,,,,764.676,491.409,30,1.4,http://purl.bioontology.org/ontology/NCBITAXON/9606,Homo sapiens,TG(44:2),Triacylglycerol (44:2),TG,TG,-,,0.75,2.25,TAG44:2-FA16:0
ATG_TG44.2_FA16.1,TG 44:2-FA16:1,21.2114706946906,TG,with caution,ATG_TG_splash_15.0_18.1_15.0_d7,PUFA,44,SLM:000308233,,,,764.676,493.425,30,1.4,http://purl.bioontology.org/ontology/NCBITAXON/9606,Homo sapiens,TG(44:2),Triacylglycerol (44:2),TG,TG,-,,0.75,2.25,TAG44:2-FA16:1
ATG_TG44.2_FA18.1,TG 44:2-FA18:1,23.7748086919535,TG,with caution,ATG_TG_splash_15.0_18.1_15.0_d7,PUFA,44,SLM:000308233,,,,764.676,465.394,30,1.4,http://purl.bioontology.org/ontology/NCBITAXON/9606,Homo sapiens,TG(44:2),Triacylglycerol (44:2),TG,TG,-,,0.75,2.25,TAG44:2-FA18:1
ATG_TG44.2_FA18.2,TG 44:2-FA18:2,18.835603666245,TG,with caution,ATG_TG_splash_15.0_18.1_15.0_d7,PUFA,44,SLM:000308233,,,,764.676,467.409,30,1.4,http://purl.bioontology.org/ontology/NCBITAXON/9606,Homo sapiens,TG(44:2),Triacylglycerol (44:2),TG,TG,-,,0.75,2.25,TAG44:2-FA18:2
ATG_TG44.3_FA18.2,TG 44:3-FA18:2,28.9655545378169,TG,with caution,ATG_TG_splash_15.0_18.1_15.0_d7,PUFA,44,SLM:000308234,,,,762.661,465.394,30,1.4,http://purl.bioontology.org/ontology/NCBITAXON/9606,Homo sapiens,TG(44:3),Triacylglycerol (44:3),TG,TG,-,,0.75,2.25,TAG44:3-FA18:2
ATG_TG45.0_FA14.0,TG 45:0-FA14:0,18.8142999815463,TG,with caution,ATG_TG_splash_15.0_18.1_15.0_d7,SFA,45,SLM:000308237,,,,782.723,537.488,30,1.4,http://purl.bioontology.org/ontology/NCBITAXON/9606,Homo sapiens,TG(45:0),Triacylglycerol (45:0),TG,TG,-,,0.75,2.25,TAG45:0-FA14:0
ATG_TG45.0_FA16.0,TG 45:0-FA16:0,17.428628459479,TG,with caution,ATG_TG_splash_15.0_18.1_15.0_d7,SFA,45,SLM:000308237,,,,782.723,509.456,30,1.4,http://purl.bioontology.org/ontology/NCBITAXON/9606,Homo sapiens,TG(45:0),Triacylglycerol (45:0),TG,TG,-,,0.75,2.25,TAG45:0-FA16:0
ATG_TG45.1_FA18.1,TG 45:1-FA18:1,15.5519663589959,TG,with caution,ATG_TG_splash_15.0_18.1_15.0_d7,MUFA,45,SLM:000308238,,,,780.708,481.4,30,1.4,http://purl.bioontology.org/ontology/NCBITAXON/9606,Homo sapiens,TG(45:1),Triacylglycerol (45:1),TG,TG,-,,0.75,2.25,TAG45:1-FA18:1
ATG_TG46.0_FA18.0,TG 46:0-FA18:0,21.3194790947963,TG,with caution,ATG_TG_splash_15.0_18.1_15.0_d7,SFA,46,SLM:000308243,,,,796.7,495.441,30,1.4,http://purl.bioontology.org/ontology/NCBITAXON/9606,Homo sapiens,TG(46:0),Triacylglycerol (46:0),TG,TG,-,,0.75,2.25,TAG46:0-FA18:0
ATG_TG46.1_FA18.0,TG 46:1-FA18:0,16.9711794074136,TG,with caution,ATG_TG_splash_15.0_18.1_15.0_d7,MUFA,46,SLM:000308244,,,,794.7,493.425,30,1.4,http://purl.bioontology.org/ontology/NCBITAXON/9606,Homo sapiens,TG(46:1),Triacylglycerol (46:1),TG,TG,-,,0.75,2.25,TAG46:1-FA18:0
ATG_TG46.2_FA14.0,TG 46:2-FA14:0,16.3182614908216,TG,with caution,ATG_TG_splash_15.0_18.1_15.0_d7,PUFA,46,SLM:000308245,,,,792.7,547.5,30,1.4,http://purl.bioontology.org/ontology/NCBITAXON/9606,Homo sapiens,TG(46:2),Triacylglycerol (46:2),TG,TG,-,,0.75,2.25,TAG46:2-FA14:0
ATG_TG46.2_FA16.0,TG 46:2-FA16:0,15.4304481318986,TG,with caution,ATG_TG_splash_15.0_18.1_15.0_d7,PUFA,46,SLM:000308245,,,,792.7,519.441,30,1.4,http://purl.bioontology.org/ontology/NCBITAXON/9606,Homo sapiens,TG(46:2),Triacylglycerol (46:2),TG,TG,-,,0.75,2.25,TAG46:2-FA16:0
ATG_TG46.3_FA14.0,TG 46:3-FA14:0,20.9977465240267,TG,with caution,ATG_TG_splash_15.0_18.1_15.0_d7,PUFA,46,SLM:000308246,,,,790.7,545.5,30,1.4,http://purl.bioontology.org/ontology/NCBITAXON/9606,Homo sapiens,TG(46:3),Triacylglycerol (46:3),TG,TG,-,,0.75,2.25,TAG46:3-FA14:0
ATG_TG46.3_FA16.0,TG 46:3-FA16:0,18.8009466193851,TG,with caution,ATG_TG_splash_15.0_18.1_15.0_d7,PUFA,46,SLM:000308246,,,,790.7,517.4,30,1.4,http://purl.bioontology.org/ontology/NCBITAXON/9606,Homo sapiens,TG(46:3),Triacylglycerol (46:3),TG,TG,-,,0.75,2.25,TAG46:3-FA16:0
ATG_TG46.3_FA16.1,TG 46:3-FA16:1,27.6046669386368,TG,with caution,ATG_TG_splash_15.0_18.1_15.0_d7,PUFA,46,SLM:000308246,,,,790.7,519.441,30,1.4,http://purl.bioontology.org/ontology/NCBITAXON/9606,Homo sapiens,TG(46:3),Triacylglycerol (46:3),TG,TG,-,,0.75,2.25,TAG46:3-FA16:1
ATG_TG46.3_FA18.1,TG 46:3-FA18:1,28.5479333297302,TG,with caution,ATG_TG_splash_15.0_18.1_15.0_d7,PUFA,46,SLM:000308246,,,,790.7,491.409,30,1.4,http://purl.bioontology.org/ontology/NCBITAXON/9606,Homo sapiens,TG(46:3),Triacylglycerol (46:3),TG,TG,-,,0.75,2.25,TAG46:3-FA18:1
ATG_TG46.3_FA18.2,TG 46:3-FA18:2,19.8381551503246,TG,with caution,ATG_TG_splash_15.0_18.1_15.0_d7,PUFA,46,SLM:000308246,,,,790.7,493.425,30,1.4,http://purl.bioontology.org/ontology/NCBITAXON/9606,Homo sapiens,TG(46:3),Triacylglycerol (46:3),TG,TG,-,,0.75,2.25,TAG46:3-FA18:2
ATG_TG46.3_FA18.3,TG 46:3-FA18:3,28.8052010804612,TG,with caution,ATG_TG_splash_15.0_18.1_15.0_d7,PUFA,46,SLM:000308246,,,,790.7,495.441,30,1.4,http://purl.bioontology.org/ontology/NCBITAXON/9606,Homo sapiens,TG(46:3),Triacylglycerol (46:3),TG,TG,-,,0.75,2.25,TAG46:3-FA18:3
ATG_TG47.0_FA14.0,TG 47:0-FA14:0,22.5856867991437,TG,with caution,ATG_TG_splash_15.0_18.1_15.0_d7,SFA,47,SLM:000308250,,,,810.7,565.5,30,1.4,http://purl.bioontology.org/ontology/NCBITAXON/9606,Homo sapiens,TG(47:0),Triacylglycerol (47:0),TG,TG,-,,0.75,2.25,TAG47:0-FA14:0
ATG_TG47.0_FA16.0,TG 47:0-FA16:0,24.6342476305702,TG,with caution,ATG_TG_splash_15.0_18.1_15.0_d7,SFA,47,SLM:000308250,,,,810.7,537.4,30,1.4,http://purl.bioontology.org/ontology/NCBITAXON/9606,Homo sapiens,TG(47:0),Triacylglycerol (47:0),TG,TG,-,,0.75,2.25,TAG47:0-FA16:0
ATG_TG47.0_FA17.0,TG 47:0-FA17:0,19.7370385073134,TG,with caution,ATG_TG_splash_15.0_18.1_15.0_d7,SFA,47,SLM:000308250,,,,810.7,523.472,30,1.4,http://purl.bioontology.org/ontology/NCBITAXON/9606,Homo sapiens,TG(47:0),Triacylglycerol (47:0),TG,TG,-,,0.75,2.25,TAG47:0-FA17:0
ATG_TG47.2_FA16.1,TG 47:2-FA16:1,19.9255073212966,TG,with caution,ATG_TG_splash_15.0_18.1_15.0_d7,PUFA,47,SLM:000308252,,,,806.7,535.4,30,1.4,http://purl.bioontology.org/ontology/NCBITAXON/9606,Homo sapiens,TG(47:2),Triacylglycerol (47:2),TG,TG,-,,0.75,2.25,TAG47:2-FA16:1
ATG_TG47.2_FA18.1,TG 47:2-FA18:1,16.3681665684912,TG,with caution,ATG_TG_splash_15.0_18.1_15.0_d7,PUFA,47,SLM:000308252,,,,806.7,507.4,30,1.4,http://purl.bioontology.org/ontology/NCBITAXON/9606,Homo sapiens,TG(47:2),Triacylglycerol (47:2),TG,TG,-,,0.75,2.25,TAG47:2-FA18:1
ATG_TG47.2_FA18.2,TG 47:2-FA18:2,15.8949380083439,TG,with caution,ATG_TG_splash_15.0_18.1_15.0_d7,PUFA,47,SLM:000308252,,,,806.7,509.4,30,1.4,http://purl.bioontology.org/ontology/NCBITAXON/9606,Homo sapiens,TG(47:2),Triacylglycerol (47:2),TG,TG,-,,0.75,2.25,TAG47:2-FA18:2
ATG_TG48.0_FA14.0,TG 48:0-FA14:0,21.9778097474723,TG,with caution,ATG_TG_splash_15.0_18.1_15.0_d7,SFA,48,SLM:000308257,,,,824.7,579.5,30,1.4,http://purl.bioontology.org/ontology/NCBITAXON/9606,Homo sapiens,TG(48:0),Triacylglycerol (48:0),TG,TG,-,,0.75,2.25,TAG48:0-FA14:0
ATG_TG48.3_FA14.0,TG 48:3-FA14:0,15.6872450832506,TG,with caution,ATG_TG_splash_15.0_18.1_15.0_d7,PUFA,48,SLM:000308260,,,,818.7,573.5,30,1.4,http://purl.bioontology.org/ontology/NCBITAXON/9606,Homo sapiens,TG(48:3),Triacylglycerol (48:3),TG,TG,-,,0.75,2.25,TAG48:3-FA14:0
ATG_TG48.3_FA16.1,TG 48:3-FA16:1,20.7930153621893,TG,with caution,ATG_TG_splash_15.0_18.1_15.0_d7,PUFA,48,SLM:000308260,,,,818.7,547.4,30,1.4,http://purl.bioontology.org/ontology/NCBITAXON/9606,Homo sapiens,TG(48:3),Triacylglycerol (48:3),TG,TG,-,,0.75,2.25,TAG48:3-FA16:1
ATG_TG48.3_FA18.1,TG 48:3-FA18:1,18.2045113507662,TG,with caution,ATG_TG_splash_15.0_18.1_15.0_d7,PUFA,48,SLM:000308260,,,,818.7,519.441,30,1.4,http://purl.bioontology.org/ontology/NCBITAXON/9606,Homo sapiens,TG(48:3),Triacylglycerol (48:3),TG,TG,-,,0.75,2.25,TAG48:3-FA18:1
ATG_TG48.3_FA18.2,TG 48:3-FA18:2,16.4695776708025,TG,with caution,ATG_TG_splash_15.0_18.1_15.0_d7,PUFA,48,SLM:000308260,,,,818.7,521.4,30,1.4,http://purl.bioontology.org/ontology/NCBITAXON/9606,Homo sapiens,TG(48:3),Triacylglycerol (48:3),TG,TG,-,,0.75,2.25,TAG48:3-FA18:2
ATG_TG48.4_FA14.0,TG 48:4-FA14:0,19.6813200410497,TG,with caution,ATG_TG_splash_15.0_18.1_15.0_d7,PUFA,48,SLM:000308261,,,,816.7,571.5,30,1.4,http://purl.bioontology.org/ontology/NCBITAXON/9606,Homo sapiens,TG(48:4),Triacylglycerol (48:4),TG,TG,-,,0.75,2.25,TAG48:4-FA14:0
ATG_TG48.4_FA16.0,TG 48:4-FA16:0,21.9363501846475,TG,with caution,ATG_TG_splash_15.0_18.1_15.0_d7,PUFA,48,SLM:000308261,,,,816.7,543.4,30,1.4,http://purl.bioontology.org/ontology/NCBITAXON/9606,Homo sapiens,TG(48:4),Triacylglycerol (48:4),TG,TG,-,,0.75,2.25,TAG48:4-FA16:0
ATG_TG48.4_FA16.1,TG 48:4-FA16:1,28.7136485297635,TG,with caution,ATG_TG_splash_15.0_18.1_15.0_d7,PUFA,48,SLM:000308261,,,,816.7,545.4,30,1.4,http://purl.bioontology.org/ontology/NCBITAXON/9606,Homo sapiens,TG(48:4),Triacylglycerol (48:4),TG,TG,-,,0.75,2.25,TAG48:4-FA16:1
ATG_TG48.4_FA18.1,TG 48:4-FA18:1,24.3620330079169,TG,with caution,ATG_TG_splash_15.0_18.1_15.0_d7,PUFA,48,SLM:000308261,,,,816.7,517.4,30,1.4,http://purl.bioontology.org/ontology/NCBITAXON/9606,Homo sapiens,TG(48:4),Triacylglycerol (48:4),TG,TG,-,,0.75,2.25,TAG48:4-FA18:1
ATG_TG48.4_FA18.3,TG 48:4-FA18:3,20.0256869202956,TG,with caution,ATG_TG_splash_15.0_18.1_15.0_d7,PUFA,48,SLM:000308261,,,,816.7,521.4,30,1.4,http://purl.bioontology.org/ontology/NCBITAXON/9606,Homo sapiens,TG(48:4),Triacylglycerol (48:4),TG,TG,-,,0.75,2.25,TAG48:4-FA18:3
ATG_TG48.4_FA20.4,TG 48:4-FA20:4,17.7931425207017,TG,with caution,ATG_TG_splash_15.0_18.1_15.0_d7,PUFA,48,SLM:000308261,,,,816.7,495.441,30,1.4,http://purl.bioontology.org/ontology/NCBITAXON/9606,Homo sapiens,TG(48:4),Triacylglycerol (48:4),TG,TG,-,,0.75,2.25,TAG48:4-FA20:4
ATG_TG49.1_FA14.0,TG 49:1-FA14:0,18.6615411725765,TG,with caution,ATG_TG_splash_15.0_18.1_15.0_d7,MUFA,49,SLM:000308267,,,,836.8,591.6,30,1.4,http://purl.bioontology.org/ontology/NCBITAXON/9606,Homo sapiens,TG(49:1),Triacylglycerol (49:1),TG,TG,-,,0.75,2.25,TAG49:1-FA14:0
ATG_TG49.1_FA16.0,TG 49:1-FA16:0,21.6304870414053,TG,with caution,ATG_TG_splash_15.0_18.1_15.0_d7,MUFA,49,SLM:000308267,,,,836.8,563.5,30,1.4,http://purl.bioontology.org/ontology/NCBITAXON/9606,Homo sapiens,TG(49:1),Triacylglycerol (49:1),TG,TG,-,,0.75,2.25,TAG49:1-FA16:0
ATG_TG49.1_FA16.1,TG 49:1-FA16:1,19.0510772686208,TG,with caution,ATG_TG_splash_15.0_18.1_15.0_d7,MUFA,49,SLM:000308267,,,,836.8,565.5,30,1.4,http://purl.bioontology.org/ontology/NCBITAXON/9606,Homo sapiens,TG(49:1),Triacylglycerol (49:1),TG,TG,-,,0.75,2.25,TAG49:1-FA16:1
ATG_TG49.1_FA17.0,TG 49:1-FA17:0,16.3956226186411,TG,with caution,ATG_TG_splash_15.0_18.1_15.0_d7,MUFA,49,SLM:000308267,,,,836.8,549.5,30,1.4,http://purl.bioontology.org/ontology/NCBITAXON/9606,Homo sapiens,TG(49:1),Triacylglycerol (49:1),TG,TG,-,,0.75,2.25,TAG49:1-FA17:0
ATG_TG49.1_FA18.1,TG 49:1-FA18:1,20.6905827848296,TG,with caution,ATG_TG_splash_15.0_18.1_15.0_d7,MUFA,49,SLM:000308267,,,,836.8,537.5,30,1.4,http://purl.bioontology.org/ontology/NCBITAXON/9606,Homo sapiens,TG(49:1),Triacylglycerol (49:1),TG,TG,-,,0.75,2.25,TAG49:1-FA18:1
ATG_TG49.2_FA16.0,TG 49:2-FA16:0,15.0814471039717,TG,with caution,ATG_TG_splash_15.0_18.1_15.0_d7,PUFA,49,SLM:000308268,,,,834.8,561.5,30,1.4,http://purl.bioontology.org/ontology/NCBITAXON/9606,Homo sapiens,TG(49:2),Triacylglycerol (49:2),TG,TG,-,,0.75,2.25,TAG49:2-FA16:0
ATG_TG49.2_FA16.1,TG 49:2-FA16:1,16.4909028812534,TG,with caution,ATG_TG_splash_15.0_18.1_15.0_d7,PUFA,49,SLM:000308268,,,,834.8,563.5,30,1.4,http://purl.bioontology.org/ontology/NCBITAXON/9606,Homo sapiens,TG(49:2),Triacylglycerol (49:2),TG,TG,-,,0.75,2.25,TAG49:2-FA16:1
ATG_TG49.2_FA17.0,TG 49:2-FA17:0,19.6297271918774,TG,with caution,ATG_TG_splash_15.0_18.1_15.0_d7,PUFA,49,SLM:000308268,,,,834.8,547.5,30,1.4,http://purl.bioontology.org/ontology/NCBITAXON/9606,Homo sapiens,TG(49:2),Triacylglycerol (49:2),TG,TG,-,,0.75,2.25,TAG49:2-FA17:0
ATG_TG49.3_FA16.0,TG 49:3-FA16:0,19.295938631306,TG,with caution,ATG_TG_splash_15.0_18.1_15.0_d7,PUFA,49,SLM:000308269,,,,832.8,559.5,30,1.4,http://purl.bioontology.org/ontology/NCBITAXON/9606,Homo sapiens,TG(49:3),Triacylglycerol (49:3),TG,TG,-,,0.75,2.25,TAG49:3-FA16:0
ATG_TG49.3_FA16.1,TG 49:3-FA16:1,23.0228686565528,TG,with caution,ATG_TG_splash_15.0_18.1_15.0_d7,PUFA,49,SLM:000308269,,,,832.8,561.5,30,1.4,http://purl.bioontology.org/ontology/NCBITAXON/9606,Homo sapiens,TG(49:3),Triacylglycerol (49:3),TG,TG,-,,0.75,2.25,TAG49:3-FA16:1
ATG_TG49.3_FA18.2,TG 49:3-FA18:2,20.400036915438,TG,with caution,ATG_TG_splash_15.0_18.1_15.0_d7,PUFA,49,SLM:000308269,,,,832.8,535.5,30,1.4,http://purl.bioontology.org/ontology/NCBITAXON/9606,Homo sapiens,TG(49:3),Triacylglycerol (49:3),TG,TG,-,,0.75,2.25,TAG49:3-FA18:2
ATG_TG49.3_FA18.3,TG 49:3-FA18:3,29.9030125398426,TG,with caution,ATG_TG_splash_15.0_18.1_15.0_d7,PUFA,49,SLM:000308269,,,,832.8,537.5,30,1.4,http://purl.bioontology.org/ontology/NCBITAXON/9606,Homo sapiens,TG(49:3),Triacylglycerol (49:3),TG,TG,-,,0.75,2.25,TAG49:3-FA18:3
ATG_TG50.0_FA16.0,TG 50:0-FA16:0,28.8844460453309,TG,with caution,ATG_TG_splash_15.0_18.1_15.0_d7,SFA,50,SLM:000308275,,,,852.8,579.5,30,1.4,http://purl.bioontology.org/ontology/NCBITAXON/9606,Homo sapiens,TG(50:0),Triacylglycerol (50:0),TG,TG,-,,0.75,2.25,TAG50:0-FA16:0
ATG_TG50.1_FA14.0,TG 50:1-FA14:0,25.4140860285506,TG,with caution,ATG_TG_splash_15.0_18.1_15.0_d7,MUFA,50,SLM:000308276,,,,850.8,605.6,30,1.4,http://purl.bioontology.org/ontology/NCBITAXON/9606,Homo sapiens,TG(50:1),Triacylglycerol (50:1),TG,TG,-,,0.75,2.25,TAG50:1-FA14:0
ATG_TG50.1_FA16.0,TG 50:1-FA16:0,27.0880677346961,TG,with caution,ATG_TG_splash_15.0_18.1_15.0_d7,MUFA,50,SLM:000308276,,,,850.8,577.5,30,1.4,http://purl.bioontology.org/ontology/NCBITAXON/9606,Homo sapiens,TG(50:1),Triacylglycerol (50:1),TG,TG,-,,0.75,2.25,TAG50:1-FA16:0
ATG_TG50.1_FA16.1,TG 50:1-FA16:1,22.5709816221738,TG,with caution,ATG_TG_splash_15.0_18.1_15.0_d7,MUFA,50,SLM:000308276,,,,850.8,579.5,30,1.4,http://purl.bioontology.org/ontology/NCBITAXON/9606,Homo sapiens,TG(50:1),Triacylglycerol (50:1),TG,TG,-,,0.75,2.25,TAG50:1-FA16:1
ATG_TG50.1_FA18.0,TG 50:1-FA18:0,23.6087236946784,TG,with caution,ATG_TG_splash_15.0_18.1_15.0_d7,MUFA,50,SLM:000308276,,,,850.8,549.5,30,1.4,http://purl.bioontology.org/ontology/NCBITAXON/9606,Homo sapiens,TG(50:1),Triacylglycerol (50:1),TG,TG,-,,0.75,2.25,TAG50:1-FA18:0
ATG_TG50.1_FA18.1,TG 50:1-FA18:1,28.0884287799494,TG,with caution,ATG_TG_splash_15.0_18.1_15.0_d7,MUFA,50,SLM:000308276,,,,850.8,551.503,30,1.4,http://purl.bioontology.org/ontology/NCBITAXON/9606,Homo sapiens,TG(50:1),Triacylglycerol (50:1),TG,TG,-,,0.75,2.25,TAG50:1-FA18:1
ATG_TG50.2_FA18.0,TG 50:2-FA18:0,15.7619521658063,TG,with caution,ATG_TG_splash_15.0_18.1_15.0_d7,PUFA,50,SLM:000308277,,,,848.8,547.5,30,1.4,http://purl.bioontology.org/ontology/NCBITAXON/9606,Homo sapiens,TG(50:2),Triacylglycerol (50:2),TG,TG,-,,0.75,2.25,TAG50:2-FA18:0
ATG_TG50.2_FA18.2,TG 50:2-FA18:2,16.3932327194255,TG,with caution,ATG_TG_splash_15.0_18.1_15.0_d7,PUFA,50,SLM:000308277,,,,848.8,551.503,30,1.4,http://purl.bioontology.org/ontology/NCBITAXON/9606,Homo sapiens,TG(50:2),Triacylglycerol (50:2),TG,TG,-,,0.75,2.25,TAG50:2-FA18:2
ATG_TG50.2_FA20.2,TG 50:2-FA20:2,16.6577793225701,TG,with caution,ATG_TG_splash_15.0_18.1_15.0_d7,PUFA,50,SLM:000308277,,,,848.8,523.472,30,1.4,http://purl.bioontology.org/ontology/NCBITAXON/9606,Homo sapiens,TG(50:2),Triacylglycerol (50:2),TG,TG,-,,0.75,2.25,TAG50:2-FA20:2
ATG_TG50.3_FA16.0,TG 50:3-FA16:0,15.7107200411868,TG,with caution,ATG_TG_splash_15.0_18.1_15.0_d7,PUFA,50,SLM:000308278,,,,846.8,573.5,30,1.4,http://purl.bioontology.org/ontology/NCBITAXON/9606,Homo sapiens,TG(50:3),Triacylglycerol (50:3),TG,TG,-,,0.75,2.25,TAG50:3-FA16:0
ATG_TG50.3_FA16.1,TG 50:3-FA16:1,19.1319375019137,TG,with caution,ATG_TG_splash_15.0_18.1_15.0_d7,PUFA,50,SLM:000308278,,,,846.8,575.5,30,1.4,http://purl.bioontology.org/ontology/NCBITAXON/9606,Homo sapiens,TG(50:3),Triacylglycerol (50:3),TG,TG,-,,0.75,2.25,TAG50:3-FA16:1
ATG_TG50.3_FA18.0,TG 50:3-FA18:0,20.8572279003457,TG,with caution,ATG_TG_splash_15.0_18.1_15.0_d7,PUFA,50,SLM:000308278,,,,846.8,545.5,30,1.4,http://purl.bioontology.org/ontology/NCBITAXON/9606,Homo sapiens,TG(50:3),Triacylglycerol (50:3),TG,TG,-,,0.75,2.25,TAG50:3-FA18:0
ATG_TG50.3_FA18.1,TG 50:3-FA18:1,21.7553732912678,TG,with caution,ATG_TG_splash_15.0_18.1_15.0_d7,PUFA,50,SLM:000308278,,,,846.8,547.5,30,1.4,http://purl.bioontology.org/ontology/NCBITAXON/9606,Homo sapiens,TG(50:3),Triacylglycerol (50:3),TG,TG,-,,0.75,2.25,TAG50:3-FA18:1
ATG_TG50.3_FA18.2,TG 50:3-FA18:2,15.7204577698458,TG,with caution,ATG_TG_splash_15.0_18.1_15.0_d7,PUFA,50,SLM:000308278,,,,846.8,549.5,30,1.4,http://purl.bioontology.org/ontology/NCBITAXON/9606,Homo sapiens,TG(50:3),Triacylglycerol (50:3),TG,TG,-,,0.75,2.25,TAG50:3-FA18:2
ATG_TG50.3_FA18.3,TG 50:3-FA18:3,15.426497194816,TG,with caution,ATG_TG_splash_15.0_18.1_15.0_d7,PUFA,50,SLM:000308278,,,,846.8,551.503,30,1.4,http://purl.bioontology.org/ontology/NCBITAXON/9606,Homo sapiens,TG(50:3),Triacylglycerol (50:3),TG,TG,-,,0.75,2.25,TAG50:3-FA18:3
ATG_TG50.4_FA16.1,TG 50:4-FA16:1,23.8605411504343,TG,with caution,ATG_TG_splash_15.0_18.1_15.0_d7,PUFA,50,SLM:000308279,,,,844.6,573.3,30,1.4,http://purl.bioontology.org/ontology/NCBITAXON/9606,Homo sapiens,TG(50:4),Triacylglycerol (50:4),TG,TG,-,,0.75,2.25,TAG50:4-FA16:1
ATG_TG50.4_FA18.1,TG 50:4-FA18:1,23.6623615031216,TG,with caution,ATG_TG_splash_15.0_18.1_15.0_d7,PUFA,50,SLM:000308279,,,,844.6,545.3,30,1.4,http://purl.bioontology.org/ontology/NCBITAXON/9606,Homo sapiens,TG(50:4),Triacylglycerol (50:4),TG,TG,-,,0.75,2.25,TAG50:4-FA18:1
ATG_TG50.4_FA18.2,TG 50:4-FA18:2,25.6284974115458,TG,with caution,ATG_TG_splash_15.0_18.1_15.0_d7,PUFA,50,SLM:000308279,,,,844.6,547.3,30,1.4,http://purl.bioontology.org/ontology/NCBITAXON/9606,Homo sapiens,TG(50:4),Triacylglycerol (50:4),TG,TG,-,,0.75,2.25,TAG50:4-FA18:2
ATG_TG50.4_FA18.3,TG 50:4-FA18:3,15.1545232424984,TG,with caution,ATG_TG_splash_15.0_18.1_15.0_d7,PUFA,50,SLM:000308279,,,,844.6,549.3,30,1.4,http://purl.bioontology.org/ontology/NCBITAXON/9606,Homo sapiens,TG(50:4),Triacylglycerol (50:4),TG,TG,-,,0.75,2.25,TAG50:4-FA18:3
ATG_TG50.4_FA20.3,TG 50:4-FA20:3,15.7854114376205,TG,with caution,ATG_TG_splash_15.0_18.1_15.0_d7,PUFA,50,SLM:000308279,,,,844.6,521.3,30,1.4,http://purl.bioontology.org/ontology/NCBITAXON/9606,Homo sapiens,TG(50:4),Triacylglycerol (50:4),TG,TG,-,,0.75,2.25,TAG50:4-FA20:3
ATG_TG50.5_FA14.0,TG 50:5-FA14:0,17.758388493155,TG,with caution,ATG_TG_splash_15.0_18.1_15.0_d7,PUFA,50,SLM:000308280,,,,842.6,597.4,30,1.4,http://purl.bioontology.org/ontology/NCBITAXON/9606,Homo sapiens,TG(50:5),Triacylglycerol (50:5),TG,TG,-,,0.75,2.25,TAG50:5-FA14:0
ATG_TG50.5_FA16.0,TG 50:5-FA16:0,18.8928605086651,TG,with caution,ATG_TG_splash_15.0_18.1_15.0_d7,PUFA,50,SLM:000308280,,,,842.6,569.3,30,1.4,http://purl.bioontology.org/ontology/NCBITAXON/9606,Homo sapiens,TG(50:5),Triacylglycerol (50:5),TG,TG,-,,0.75,2.25,TAG50:5-FA16:0
ATG_TG50.5_FA16.1,TG 50:5-FA16:1,29.0979184736085,TG,with caution,ATG_TG_splash_15.0_18.1_15.0_d7,PUFA,50,SLM:000308280,,,,842.6,571.3,30,1.4,http://purl.bioontology.org/ontology/NCBITAXON/9606,Homo sapiens,TG(50:5),Triacylglycerol (50:5),TG,TG,-,,0.75,2.25,TAG50:5-FA16:1
ATG_TG50.5_FA18.1,TG 50:5-FA18:1,28.1380009416278,TG,with caution,ATG_TG_splash_15.0_18.1_15.0_d7,PUFA,50,SLM:000308280,,,,842.6,543.3,30,1.4,http://purl.bioontology.org/ontology/NCBITAXON/9606,Homo sapiens,TG(50:5),Triacylglycerol (50:5),TG,TG,-,,0.75,2.25,TAG50:5-FA18:1
ATG_TG50.5_FA18.2,TG 50:5-FA18:2,25.8341073377633,TG,with caution,ATG_TG_splash_15.0_18.1_15.0_d7,PUFA,50,SLM:000308280,,,,842.6,545.3,30,1.4,http://purl.bioontology.org/ontology/NCBITAXON/9606,Homo sapiens,TG(50:5),Triacylglycerol (50:5),TG,TG,-,,0.75,2.25,TAG50:5-FA18:2
ATG_TG50.5_FA20.4,TG 50:5-FA20:4,20.829271313714,TG,with caution,ATG_TG_splash_15.0_18.1_15.0_d7,PUFA,50,SLM:000308280,,,,842.6,521.3,30,1.4,http://purl.bioontology.org/ontology/NCBITAXON/9606,Homo sapiens,TG(50:5),Triacylglycerol (50:5),TG,TG,-,,0.75,2.25,TAG50:5-FA20:4
ATG_TG50.5_FA20.5,TG 50:5-FA20:5,17.8752953603863,TG,with caution,ATG_TG_splash_15.0_18.1_15.0_d7,PUFA,50,SLM:000308280,,,,842.6,523.3,30,1.4,http://purl.bioontology.org/ontology/NCBITAXON/9606,Homo sapiens,TG(50:5),Triacylglycerol (50:5),TG,TG,-,,0.75,2.25,TAG50:5-FA20:5
ATG_TG51.1_FA17.0,TG 51:1-FA17:0,29.4454135667848,TG,with caution,ATG_TG_splash_15.0_18.1_15.0_d7,MUFA,51,SLM:000308286,,,,864.8,577.5,30,1.4,http://purl.bioontology.org/ontology/NCBITAXON/9606,Homo sapiens,TG(51:1),Triacylglycerol (51:1),TG,TG,-,,0.75,2.25,TAG51:1-FA17:0
ATG_TG51.2_FA16.0,TG 51:2-FA16:0,20.3670675053117,TG,with caution,ATG_TG_splash_15.0_18.1_15.0_d7,PUFA,51,SLM:000308287,,,,862.8,589.5,30,1.4,http://purl.bioontology.org/ontology/NCBITAXON/9606,Homo sapiens,TG(51:2),Triacylglycerol (51:2),TG,TG,-,,0.75,2.25,TAG51:2-FA16:0
ATG_TG51.2_FA16.1,TG 51:2-FA16:1,18.6491861480453,TG,with caution,ATG_TG_splash_15.0_18.1_15.0_d7,PUFA,51,SLM:000308287,,,,862.8,591.5,30,1.4,http://purl.bioontology.org/ontology/NCBITAXON/9606,Homo sapiens,TG(51:2),Triacylglycerol (51:2),TG,TG,-,,0.75,2.25,TAG51:2-FA16:1
ATG_TG51.2_FA17.0,TG 51:2-FA17:0,18.2342427916538,TG,with caution,ATG_TG_splash_15.0_18.1_15.0_d7,PUFA,51,SLM:000308287,,,,862.8,575.5,30,1.4,http://purl.bioontology.org/ontology/NCBITAXON/9606,Homo sapiens,TG(51:2),Triacylglycerol (51:2),TG,TG,-,,0.75,2.25,TAG51:2-FA17:0
ATG_TG51.2_FA18.1,TG 51:2-FA18:1,18.295854758726,TG,with caution,ATG_TG_splash_15.0_18.1_15.0_d7,PUFA,51,SLM:000308287,,,,862.8,563.5,30,1.4,http://purl.bioontology.org/ontology/NCBITAXON/9606,Homo sapiens,TG(51:2),Triacylglycerol (51:2),TG,TG,-,,0.75,2.25,TAG51:2-FA18:1
ATG_TG51.2_FA18.2,TG 51:2-FA18:2,23.4272657252131,TG,with caution,ATG_TG_splash_15.0_18.1_15.0_d7,PUFA,51,SLM:000308287,,,,862.8,565.5,30,1.4,http://purl.bioontology.org/ontology/NCBITAXON/9606,Homo sapiens,TG(51:2),Triacylglycerol (51:2),TG,TG,-,,0.75,2.25,TAG51:2-FA18:2
ATG_TG51.3_FA16.1,TG 51:3-FA16:1,19.1241281779887,TG,with caution,ATG_TG_splash_15.0_18.1_15.0_d7,PUFA,51,SLM:000308288,,,,860.8,589.5,30,1.4,http://purl.bioontology.org/ontology/NCBITAXON/9606,Homo sapiens,TG(51:3),Triacylglycerol (51:3),TG,TG,-,,0.75,2.25,TAG51:3-FA16:1
ATG_TG51.3_FA17.0,TG 51:3-FA17:0,20.0015580442452,TG,with caution,ATG_TG_splash_15.0_18.1_15.0_d7,PUFA,51,SLM:000308288,,,,860.8,573.5,30,1.4,http://purl.bioontology.org/ontology/NCBITAXON/9606,Homo sapiens,TG(51:3),Triacylglycerol (51:3),TG,TG,-,,0.75,2.25,TAG51:3-FA17:0
ATG_TG51.3_FA18.2,TG 51:3-FA18:2,15.302030931009,TG,with caution,ATG_TG_splash_15.0_18.1_15.0_d7,PUFA,51,SLM:000308288,,,,860.8,563.5,30,1.4,http://purl.bioontology.org/ontology/NCBITAXON/9606,Homo sapiens,TG(51:3),Triacylglycerol (51:3),TG,TG,-,,0.75,2.25,TAG51:3-FA18:2
ATG_TG51.3_FA18.3,TG 51:3-FA18:3,22.446156483034,TG,with caution,ATG_TG_splash_15.0_18.1_15.0_d7,PUFA,51,SLM:000308288,,,,860.8,565.5,30,1.4,http://purl.bioontology.org/ontology/NCBITAXON/9606,Homo sapiens,TG(51:3),Triacylglycerol (51:3),TG,TG,-,,0.75,2.25,TAG51:3-FA18:3
ATG_TG51.4_FA16.1,TG 51:4-FA16:1,23.0605702845924,TG,with caution,ATG_TG_splash_15.0_18.1_15.0_d7,PUFA,51,SLM:000308289,,,,858.8,587.5,30,1.4,http://purl.bioontology.org/ontology/NCBITAXON/9606,Homo sapiens,TG(51:4),Triacylglycerol (51:4),TG,TG,-,,0.75,2.25,TAG51:4-FA16:1
ATG_TG51.4_FA18.2,TG 51:4-FA18:2,25.7205803568244,TG,with caution,ATG_TG_splash_15.0_18.1_15.0_d7,PUFA,51,SLM:000308289,,,,858.8,561.5,30,1.4,http://purl.bioontology.org/ontology/NCBITAXON/9606,Homo sapiens,TG(51:4),Triacylglycerol (51:4),TG,TG,-,,0.75,2.25,TAG51:4-FA18:2
ATG_TG51.4_FA18.3,TG 51:4-FA18:3,19.7397951831647,TG,with caution,ATG_TG_splash_15.0_18.1_15.0_d7,PUFA,51,SLM:000308289,,,,858.8,563.5,30,1.4,http://purl.bioontology.org/ontology/NCBITAXON/9606,Homo sapiens,TG(51:4),Triacylglycerol (51:4),TG,TG,-,,0.75,2.25,TAG51:4-FA18:3
ATG_TG52.2_FA14.0,TG 52:2-FA14:0,22.9830525264292,TG,with caution,ATG_TG_splash_15.0_18.1_15.0_d7,PUFA,52,SLM:000308298,,,,876.8,631.6,30,1.4,http://purl.bioontology.org/ontology/NCBITAXON/9606,Homo sapiens,TG(52:2),Triacylglycerol (52:2),TG,TG,-,,0.75,2.25,TAG52:2-FA14:0
ATG_TG52.2_FA16.0,TG 52:2-FA16:0,20.7791641831855,TG,with caution,ATG_TG_splash_15.0_18.1_15.0_d7,PUFA,52,SLM:000308298,,,,876.8,603.5,20,1.4,http://purl.bioontology.org/ontology/NCBITAXON/9606,Homo sapiens,TG(52:2),Triacylglycerol (52:2),TG,TG,-,,0.75,2.25,TAG52:2-FA16:0
ATG_TG52.2_FA16.1,TG 52:2-FA16:1,20.9815887320029,TG,with caution,ATG_TG_splash_15.0_18.1_15.0_d7,PUFA,52,SLM:000308298,,,,876.8,605.5,30,1.4,http://purl.bioontology.org/ontology/NCBITAXON/9606,Homo sapiens,TG(52:2),Triacylglycerol (52:2),TG,TG,-,,0.75,2.25,TAG52:2-FA16:1
ATG_TG52.2_FA18.0,TG 52:2-FA18:0,23.1241791964308,TG,with caution,ATG_TG_splash_15.0_18.1_15.0_d7,PUFA,52,SLM:000308298,,,,876.8,575.5,30,1.4,http://purl.bioontology.org/ontology/NCBITAXON/9606,Homo sapiens,TG(52:2),Triacylglycerol (52:2),TG,TG,-,,0.75,2.25,TAG52:2-FA18:0
ATG_TG52.2_FA18.1,TG 52:2-FA18:1,20.0597910656459,TG,with caution,ATG_TG_splash_15.0_18.1_15.0_d7,PUFA,52,SLM:000308298,,,,876.8,577.5,15,1.4,http://purl.bioontology.org/ontology/NCBITAXON/9606,Homo sapiens,TG(52:2),Triacylglycerol (52:2),TG,TG,-,,0.75,2.25,TAG52:2-FA18:1
ATG_TG52.2_FA18.2,TG 52:2-FA18:2,25.0592601863237,TG,with caution,ATG_TG_splash_15.0_18.1_15.0_d7,PUFA,52,SLM:000308298,,,,876.8,579.5,30,1.4,http://purl.bioontology.org/ontology/NCBITAXON/9606,Homo sapiens,TG(52:2),Triacylglycerol (52:2),TG,TG,-,,0.75,2.25,TAG52:2-FA18:2
ATG_TG52.2_FA20.0,TG 52:2-FA20:0,28.1646883445362,TG,with caution,ATG_TG_splash_15.0_18.1_15.0_d7,PUFA,52,SLM:000308298,,,,876.8,547.5,30,1.4,http://purl.bioontology.org/ontology/NCBITAXON/9606,Homo sapiens,TG(52:2),Triacylglycerol (52:2),TG,TG,-,,0.75,2.25,TAG52:2-FA20:0
ATG_TG52.2_FA20.1,TG 52:2-FA20:1,24.5113982427413,TG,with caution,ATG_TG_splash_15.0_18.1_15.0_d7,PUFA,52,SLM:000308298,,,,876.8,549.5,30,1.4,http://purl.bioontology.org/ontology/NCBITAXON/9606,Homo sapiens,TG(52:2),Triacylglycerol (52:2),TG,TG,-,,0.75,2.25,TAG52:2-FA20:1
ATG_TG52.2_FA20.2,TG 52:2-FA20:2,25.523065189571,TG,with caution,ATG_TG_splash_15.0_18.1_15.0_d7,PUFA,52,SLM:000308298,,,,876.8,551.503,30,1.4,http://purl.bioontology.org/ontology/NCBITAXON/9606,Homo sapiens,TG(52:2),Triacylglycerol (52:2),TG,TG,-,,0.75,2.25,TAG52:2-FA20:2
ATG_TG52.3_FA14.0,TG 52:3-FA14:0,15.1194426617885,TG,with caution,ATG_TG_splash_15.0_18.1_15.0_d7,PUFA,52,SLM:000308299,,,,874.8,629.6,30,1.4,http://purl.bioontology.org/ontology/NCBITAXON/9606,Homo sapiens,TG(52:3),Triacylglycerol (52:3),TG,TG,-,,0.75,2.25,TAG52:3-FA14:0
ATG_TG52.3_FA16.0,TG 52:3-FA16:0,15.8222945252298,TG,with caution,ATG_TG_splash_15.0_18.1_15.0_d7,PUFA,52,SLM:000308299,,,,874.8,601.5,20,1.4,http://purl.bioontology.org/ontology/NCBITAXON/9606,Homo sapiens,TG(52:3),Triacylglycerol (52:3),TG,TG,-,,0.75,2.25,TAG52:3-FA16:0
ATG_TG52.3_FA16.1,TG 52:3-FA16:1,18.3656402048049,TG,with caution,ATG_TG_splash_15.0_18.1_15.0_d7,PUFA,52,SLM:000308299,,,,874.8,603.5,30,1.4,http://purl.bioontology.org/ontology/NCBITAXON/9606,Homo sapiens,TG(52:3),Triacylglycerol (52:3),TG,TG,-,,0.75,2.25,TAG52:3-FA16:1
ATG_TG52.3_FA18.0,TG 52:3-FA18:0,17.2101375232924,TG,with caution,ATG_TG_splash_15.0_18.1_15.0_d7,PUFA,52,SLM:000308299,,,,874.8,573.5,30,1.4,http://purl.bioontology.org/ontology/NCBITAXON/9606,Homo sapiens,TG(52:3),Triacylglycerol (52:3),TG,TG,-,,0.75,2.25,TAG52:3-FA18:0
ATG_TG52.3_FA18.1,TG 52:3-FA18:1,16.6695050391216,TG,with caution,ATG_TG_splash_15.0_18.1_15.0_d7,PUFA,52,SLM:000308299,,,,874.8,575.5,20,1.4,http://purl.bioontology.org/ontology/NCBITAXON/9606,Homo sapiens,TG(52:3),Triacylglycerol (52:3),TG,TG,-,,0.75,2.25,TAG52:3-FA18:1
ATG_TG52.3_FA18.2,TG 52:3-FA18:2,16.1117869280554,TG,with caution,ATG_TG_splash_15.0_18.1_15.0_d7,PUFA,52,SLM:000308299,,,,874.8,577.5,20,1.4,http://purl.bioontology.org/ontology/NCBITAXON/9606,Homo sapiens,TG(52:3),Triacylglycerol (52:3),TG,TG,-,,0.75,2.25,TAG52:3-FA18:2
ATG_TG52.3_FA18.3,TG 52:3-FA18:3,18.1440822089043,TG,with caution,ATG_TG_splash_15.0_18.1_15.0_d7,PUFA,52,SLM:000308299,,,,874.8,579.5,30,1.4,http://purl.bioontology.org/ontology/NCBITAXON/9606,Homo sapiens,TG(52:3),Triacylglycerol (52:3),TG,TG,-,,0.75,2.25,TAG52:3-FA18:3
ATG_TG52.3_FA20.0,TG 52:3-FA20:0,27.616192881557,TG,with caution,ATG_TG_splash_15.0_18.1_15.0_d7,PUFA,52,SLM:000308299,,,,874.8,545.5,30,1.4,http://purl.bioontology.org/ontology/NCBITAXON/9606,Homo sapiens,TG(52:3),Triacylglycerol (52:3),TG,TG,-,,0.75,2.25,TAG52:3-FA20:0
ATG_TG52.3_FA20.1,TG 52:3-FA20:1,18.1294583236224,TG,with caution,ATG_TG_splash_15.0_18.1_15.0_d7,PUFA,52,SLM:000308299,,,,874.8,547.5,30,1.4,http://purl.bioontology.org/ontology/NCBITAXON/9606,Homo sapiens,TG(52:3),Triacylglycerol (52:3),TG,TG,-,,0.75,2.25,TAG52:3-FA20:1
ATG_TG52.3_FA20.2,TG 52:3-FA20:2,16.9085500858926,TG,with caution,ATG_TG_splash_15.0_18.1_15.0_d7,PUFA,52,SLM:000308299,,,,874.8,549.5,30,1.4,http://purl.bioontology.org/ontology/NCBITAXON/9606,Homo sapiens,TG(52:3),Triacylglycerol (52:3),TG,TG,-,,0.75,2.25,TAG52:3-FA20:2
ATG_TG52.3_FA20.3,TG 52:3-FA20:3,17.3933208605143,TG,with caution,ATG_TG_splash_15.0_18.1_15.0_d7,PUFA,52,SLM:000308299,,,,874.8,551.503,30,1.4,http://purl.bioontology.org/ontology/NCBITAXON/9606,Homo sapiens,TG(52:3),Triacylglycerol (52:3),TG,TG,-,,0.75,2.25,TAG52:3-FA20:3
ATG_TG52.4_FA14.0,TG 52:4-FA14:0,17.6726502139658,TG,with caution,ATG_TG_splash_15.0_18.1_15.0_d7,PUFA,52,SLM:000308300,,,,872.8,627.6,30,1.4,http://purl.bioontology.org/ontology/NCBITAXON/9606,Homo sapiens,TG(52:4),Triacylglycerol (52:4),TG,TG,-,,0.75,2.25,TAG52:4-FA14:0
ATG_TG52.4_FA16.1,TG 52:4-FA16:1,21.4457901848742,TG,with caution,ATG_TG_splash_15.0_18.1_15.0_d7,PUFA,52,SLM:000308300,,,,872.8,601.5,30,1.4,http://purl.bioontology.org/ontology/NCBITAXON/9606,Homo sapiens,TG(52:4),Triacylglycerol (52:4),TG,TG,-,,0.75,2.25,TAG52:4-FA16:1
ATG_TG52.4_FA18.0,TG 52:4-FA18:0,19.7113746163599,TG,with caution,ATG_TG_splash_15.0_18.1_15.0_d7,PUFA,52,SLM:000308300,,,,872.8,571.5,30,1.4,http://purl.bioontology.org/ontology/NCBITAXON/9606,Homo sapiens,TG(52:4),Triacylglycerol (52:4),TG,TG,-,,0.75,2.25,TAG52:4-FA18:0
ATG_TG52.4_FA18.1,TG 52:4-FA18:1,22.5171784400255,TG,with caution,ATG_TG_splash_15.0_18.1_15.0_d7,PUFA,52,SLM:000308300,,,,872.8,573.5,30,1.4,http://purl.bioontology.org/ontology/NCBITAXON/9606,Homo sapiens,TG(52:4),Triacylglycerol (52:4),TG,TG,-,,0.75,2.25,TAG52:4-FA18:1
ATG_TG52.4_FA18.2,TG 52:4-FA18:2,22.6508734257018,TG,with caution,ATG_TG_splash_15.0_18.1_15.0_d7,PUFA,52,SLM:000308300,,,,872.8,575.5,30,1.4,http://purl.bioontology.org/ontology/NCBITAXON/9606,Homo sapiens,TG(52:4),Triacylglycerol (52:4),TG,TG,-,,0.75,2.25,TAG52:4-FA18:2
ATG_TG52.4_FA18.3,TG 52:4-FA18:3,15.2488117298597,TG,with caution,ATG_TG_splash_15.0_18.1_15.0_d7,PUFA,52,SLM:000308300,,,,872.8,577.5,30,1.4,http://purl.bioontology.org/ontology/NCBITAXON/9606,Homo sapiens,TG(52:4),Triacylglycerol (52:4),TG,TG,-,,0.75,2.25,TAG52:4-FA18:3
ATG_TG52.4_FA20.2,TG 52:4-FA20:2,21.6945188497969,TG,with caution,ATG_TG_splash_15.0_18.1_15.0_d7,PUFA,52,SLM:000308300,,,,872.8,547.5,30,1.4,http://purl.bioontology.org/ontology/NCBITAXON/9606,Homo sapiens,TG(52:4),Triacylglycerol (52:4),TG,TG,-,,0.75,2.25,TAG52:4-FA20:2
ATG_TG52.4_FA20.3,TG 52:4-FA20:3,16.2074701105884,TG,with caution,ATG_TG_splash_15.0_18.1_15.0_d7,PUFA,52,SLM:000308300,,,,872.8,549.5,30,1.4,http://purl.bioontology.org/ontology/NCBITAXON/9606,Homo sapiens,TG(52:4),Triacylglycerol (52:4),TG,TG,-,,0.75,2.25,TAG52:4-FA20:3
ATG_TG52.4_FA20.4,TG 52:4-FA20:4,15.2764695489905,TG,with caution,ATG_TG_splash_15.0_18.1_15.0_d7,PUFA,52,SLM:000308300,,,,872.8,551.503,30,1.4,http://purl.bioontology.org/ontology/NCBITAXON/9606,Homo sapiens,TG(52:4),Triacylglycerol (52:4),TG,TG,-,,0.75,2.25,TAG52:4-FA20:4
ATG_TG52.4_FA22.4,TG 52:4-FA22:4,16.2268672371399,TG,with caution,ATG_TG_splash_15.0_18.1_15.0_d7,PUFA,52,SLM:000308300,,,,872.8,523.472,30,1.4,http://purl.bioontology.org/ontology/NCBITAXON/9606,Homo sapiens,TG(52:4),Triacylglycerol (52:4),TG,TG,-,,0.75,2.25,TAG52:4-FA22:4
ATG_TG52.5_FA14.0,TG 52:5-FA14:0,15.3112161606867,TG,with caution,ATG_TG_splash_15.0_18.1_15.0_d7,PUFA,52,SLM:000308301,,,,870.8,625.6,30,1.4,http://purl.bioontology.org/ontology/NCBITAXON/9606,Homo sapiens,TG(52:5),Triacylglycerol (52:5),TG,TG,-,,0.75,2.25,TAG52:5-FA14:0
ATG_TG52.5_FA16.0,TG 52:5-FA16:0,16.0982477680853,TG,with caution,ATG_TG_splash_15.0_18.1_15.0_d7,PUFA,52,SLM:000308301,,,,870.8,597.5,30,1.4,http://purl.bioontology.org/ontology/NCBITAXON/9606,Homo sapiens,TG(52:5),Triacylglycerol (52:5),TG,TG,-,,0.75,2.25,TAG52:5-FA16:0
ATG_TG52.5_FA16.1,TG 52:5-FA16:1,23.5441534366414,TG,with caution,ATG_TG_splash_15.0_18.1_15.0_d7,PUFA,52,SLM:000308301,,,,870.8,599.5,30,1.4,http://purl.bioontology.org/ontology/NCBITAXON/9606,Homo sapiens,TG(52:5),Triacylglycerol (52:5),TG,TG,-,,0.75,2.25,TAG52:5-FA16:1
ATG_TG52.5_FA18.1,TG 52:5-FA18:1,24.970364283845505,TG,with caution,ATG_TG_splash_15.0_18.1_15.0_d7,PUFA,52,SLM:000308301,,,,870.8,571.5,30,1.4,http://purl.bioontology.org/ontology/NCBITAXON/9606,Homo sapiens,TG(52:5),Triacylglycerol (52:5),TG,TG,-,,0.75,2.25,TAG52:5-FA18:1
ATG_TG52.5_FA18.2,TG 52:5-FA18:2,28.7976306081999,TG,with caution,ATG_TG_splash_15.0_18.1_15.0_d7,PUFA,52,SLM:000308301,,,,870.8,573.5,30,1.4,http://purl.bioontology.org/ontology/NCBITAXON/9606,Homo sapiens,TG(52:5),Triacylglycerol (52:5),TG,TG,-,,0.75,2.25,TAG52:5-FA18:2
ATG_TG52.5_FA18.3,TG 52:5-FA18:3,25.9332134350831,TG,with caution,ATG_TG_splash_15.0_18.1_15.0_d7,PUFA,52,SLM:000308301,,,,870.8,575.5,30,1.4,http://purl.bioontology.org/ontology/NCBITAXON/9606,Homo sapiens,TG(52:5),Triacylglycerol (52:5),TG,TG,-,,0.75,2.25,TAG52:5-FA18:3
ATG_TG52.5_FA20.3,TG 52:5-FA20:3,29.9336949067803,TG,with caution,ATG_TG_splash_15.0_18.1_15.0_d7,PUFA,52,SLM:000308301,,,,870.8,547.5,30,1.4,http://purl.bioontology.org/ontology/NCBITAXON/9606,Homo sapiens,TG(52:5),Triacylglycerol (52:5),TG,TG,-,,0.75,2.25,TAG52:5-FA20:3
ATG_TG52.5_FA20.4,TG 52:5-FA20:4,17.6593310469849,TG,with caution,ATG_TG_splash_15.0_18.1_15.0_d7,PUFA,52,SLM:000308301,,,,870.8,549.5,30,1.4,http://purl.bioontology.org/ontology/NCBITAXON/9606,Homo sapiens,TG(52:5),Triacylglycerol (52:5),TG,TG,-,,0.75,2.25,TAG52:5-FA20:4
ATG_TG52.5_FA20.5,TG 52:5-FA20:5,15.5812138978684,TG,with caution,ATG_TG_splash_15.0_18.1_15.0_d7,PUFA,52,SLM:000308301,,,,870.8,551.503,30,1.4,http://purl.bioontology.org/ontology/NCBITAXON/9606,Homo sapiens,TG(52:5),Triacylglycerol (52:5),TG,TG,-,,0.75,2.25,TAG52:5-FA20:5
ATG_TG52.5_FA22.5,TG 52:5-FA22:5,16.5950728115575,TG,with caution,ATG_TG_splash_15.0_18.1_15.0_d7,PUFA,52,SLM:000308301,,,,870.8,523.472,30,1.4,http://purl.bioontology.org/ontology/NCBITAXON/9606,Homo sapiens,TG(52:5),Triacylglycerol (52:5),TG,TG,-,,0.75,2.25,TAG52:5-FA22:5
ATG_TG52.6_FA14.0,TG 52:6-FA14:0,19.767378041635,TG,with caution,ATG_TG_splash_15.0_18.1_15.0_d7,PUFA,52,SLM:000308302,,,,868.8,623.6,30,1.4,http://purl.bioontology.org/ontology/NCBITAXON/9606,Homo sapiens,TG(52:6),Triacylglycerol (52:6),TG,TG,-,,0.75,2.25,TAG52:6-FA14:0
ATG_TG52.6_FA16.0,TG 52:6-FA16:0,17.8761771617311,TG,with caution,ATG_TG_splash_15.0_18.1_15.0_d7,PUFA,52,SLM:000308302,,,,868.8,595.5,30,1.4,http://purl.bioontology.org/ontology/NCBITAXON/9606,Homo sapiens,TG(52:6),Triacylglycerol (52:6),TG,TG,-,,0.75,2.25,TAG52:6-FA16:0
ATG_TG52.6_FA16.1,TG 52:6-FA16:1,23.1103486941748,TG,with caution,ATG_TG_splash_15.0_18.1_15.0_d7,PUFA,52,SLM:000308302,,,,868.8,597.5,30,1.4,http://purl.bioontology.org/ontology/NCBITAXON/9606,Homo sapiens,TG(52:6),Triacylglycerol (52:6),TG,TG,-,,0.75,2.25,TAG52:6-FA16:1
ATG_TG52.6_FA20.5,TG 52:6-FA20:5,19.7882855499054,TG,with caution,ATG_TG_splash_15.0_18.1_15.0_d7,PUFA,52,SLM:000308302,,,,868.8,549.5,30,1.4,http://purl.bioontology.org/ontology/NCBITAXON/9606,Homo sapiens,TG(52:6),Triacylglycerol (52:6),TG,TG,-,,0.75,2.25,TAG52:6-FA20:5
ATG_TG52.6_FA22.6,TG 52:6-FA22:6,16.6009292372089,TG,with caution,ATG_TG_splash_15.0_18.1_15.0_d7,PUFA,52,SLM:000308302,,,,868.8,523.472,30,1.4,http://purl.bioontology.org/ontology/NCBITAXON/9606,Homo sapiens,TG(52:6),Triacylglycerol (52:6),TG,TG,-,,0.75,2.25,TAG52:6-FA22:6
ATG_TG52.7_FA18.1,TG 52:7-FA18:1,25.6619976646708,TG,with caution,ATG_TG_splash_15.0_18.1_15.0_d7,PUFA,52,SLM:000308303,,,,866.7,567.4,30,1.4,http://purl.bioontology.org/ontology/NCBITAXON/9606,Homo sapiens,TG(52:7),Triacylglycerol (52:7),TG,TG,-,,0.75,2.25,TAG52:7-FA18:1
ATG_TG52.7_FA22.6,TG 52:7-FA22:6,21.3257405864854,TG,with caution,ATG_TG_splash_15.0_18.1_15.0_d7,PUFA,52,SLM:000308303,,,,866.7,521.4,30,1.4,http://purl.bioontology.org/ontology/NCBITAXON/9606,Homo sapiens,TG(52:7),Triacylglycerol (52:7),TG,TG,-,,0.75,2.25,TAG52:7-FA22:6
ATG_TG52.8_FA16.1,TG 52:8-FA16:1,23.4728643662291,TG,with caution,ATG_TG_splash_15.0_18.1_15.0_d7,PUFA,52,SLM:000308304,,,,864.8,593.5,30,1.4,http://purl.bioontology.org/ontology/NCBITAXON/9606,Homo sapiens,TG(52:8),Triacylglycerol (52:8),TG,TG,-,,0.75,2.25,TAG52:8-FA16:1
ATG_TG53.0_FA16.0,TG 53:0-FA16:0,28.1810658666512,TG,with caution,ATG_TG_splash_15.0_18.1_15.0_d7,SFA,53,SLM:000308306,,,,894.8,621.5,30,1.4,http://purl.bioontology.org/ontology/NCBITAXON/9606,Homo sapiens,TG(53:0),Triacylglycerol (53:0),TG,TG,-,,0.75,2.25,TAG53:0-FA16:0
ATG_TG53.2_FA17.0,TG 53:2-FA17:0,27.8801689206428,TG,with caution,ATG_TG_splash_15.0_18.1_15.0_d7,PUFA,53,SLM:000308309,,,,890.8,603.5,30,1.4,http://purl.bioontology.org/ontology/NCBITAXON/9606,Homo sapiens,TG(53:2),Triacylglycerol (53:2),TG,TG,-,,0.75,2.25,TAG53:2-FA17:0
ATG_TG53.2_FA18.1,TG 53:2-FA18:1,27.5288831397318,TG,with caution,ATG_TG_splash_15.0_18.1_15.0_d7,PUFA,53,SLM:000308309,,,,890.8,591.5,30,1.4,http://purl.bioontology.org/ontology/NCBITAXON/9606,Homo sapiens,TG(53:2),Triacylglycerol (53:2),TG,TG,-,,0.75,2.25,TAG53:2-FA18:1
ATG_TG53.2_FA18.2,TG 53:2-FA18:2,28.3820376607706,TG,with caution,ATG_TG_splash_15.0_18.1_15.0_d7,PUFA,53,SLM:000308309,,,,890.8,593.5,30,1.4,http://purl.bioontology.org/ontology/NCBITAXON/9606,Homo sapiens,TG(53:2),Triacylglycerol (53:2),TG,TG,-,,0.75,2.25,TAG53:2-FA18:2
ATG_TG53.3_FA16.0,TG 53:3-FA16:0,19.0961504880177,TG,with caution,ATG_TG_splash_15.0_18.1_15.0_d7,PUFA,53,SLM:000308310,,,,888.8,615.5,30,1.4,http://purl.bioontology.org/ontology/NCBITAXON/9606,Homo sapiens,TG(53:3),Triacylglycerol (53:3),TG,TG,-,,0.75,2.25,TAG53:3-FA16:0
ATG_TG53.3_FA17.0,TG 53:3-FA17:0,21.421272819639402,TG,with caution,ATG_TG_splash_15.0_18.1_15.0_d7,PUFA,53,SLM:000308310,,,,888.8,601.5,30,1.4,http://purl.bioontology.org/ontology/NCBITAXON/9606,Homo sapiens,TG(53:3),Triacylglycerol (53:3),TG,TG,-,,0.75,2.25,TAG53:3-FA17:0
ATG_TG53.3_FA18.2,TG 53:3-FA18:2,19.3944640054758,TG,with caution,ATG_TG_splash_15.0_18.1_15.0_d7,PUFA,53,SLM:000308310,,,,888.8,591.5,30,1.4,http://purl.bioontology.org/ontology/NCBITAXON/9606,Homo sapiens,TG(53:3),Triacylglycerol (53:3),TG,TG,-,,0.75,2.25,TAG53:3-FA18:2
ATG_TG53.4_FA16.0,TG 53:4-FA16:0,19.8744557327633,TG,with caution,ATG_TG_splash_15.0_18.1_15.0_d7,PUFA,53,SLM:000308311,,,,886.8,613.5,30,1.4,http://purl.bioontology.org/ontology/NCBITAXON/9606,Homo sapiens,TG(53:4),Triacylglycerol (53:4),TG,TG,-,,0.75,2.25,TAG53:4-FA16:0
ATG_TG53.4_FA17.0,TG 53:4-FA17:0,20.4546761782669,TG,with caution,ATG_TG_splash_15.0_18.1_15.0_d7,PUFA,53,SLM:000308311,,,,886.8,599.5,30,1.4,http://purl.bioontology.org/ontology/NCBITAXON/9606,Homo sapiens,TG(53:4),Triacylglycerol (53:4),TG,TG,-,,0.75,2.25,TAG53:4-FA17:0
ATG_TG53.4_FA18.2,TG 53:4-FA18:2,23.2954992243911,TG,with caution,ATG_TG_splash_15.0_18.1_15.0_d7,PUFA,53,SLM:000308311,,,,886.8,589.5,30,1.4,http://purl.bioontology.org/ontology/NCBITAXON/9606,Homo sapiens,TG(53:4),Triacylglycerol (53:4),TG,TG,-,,0.75,2.25,TAG53:4-FA18:2
ATG_TG53.4_FA18.3,TG 53:4-FA18:3,16.1801808458239,TG,with caution,ATG_TG_splash_15.0_18.1_15.0_d7,PUFA,53,SLM:000308311,,,,886.8,591.5,30,1.4,http://purl.bioontology.org/ontology/NCBITAXON/9606,Homo sapiens,TG(53:4),Triacylglycerol (53:4),TG,TG,-,,0.75,2.25,TAG53:4-FA18:3
ATG_TG53.4_FA20.4,TG 53:4-FA20:4,18.7531842925459,TG,with caution,ATG_TG_splash_15.0_18.1_15.0_d7,PUFA,53,SLM:000308311,,,,886.8,565.5,30,1.4,http://purl.bioontology.org/ontology/NCBITAXON/9606,Homo sapiens,TG(53:4),Triacylglycerol (53:4),TG,TG,-,,0.75,2.25,TAG53:4-FA20:4
ATG_TG53.5_FA20.4,TG 53:5-FA20:4,17.1431476161971,TG,with caution,ATG_TG_splash_15.0_18.1_15.0_d7,PUFA,53,SLM:000308312,,,,884.8,563.5,30,1.4,http://purl.bioontology.org/ontology/NCBITAXON/9606,Homo sapiens,TG(53:5),Triacylglycerol (53:5),TG,TG,-,,0.75,2.25,TAG53:5-FA20:4
ATG_TG53.6_FA20.4,TG 53:6-FA20:4,23.4011140321908,TG,with caution,ATG_TG_splash_15.0_18.1_15.0_d7,PUFA,53,SLM:000308313,,,,882.8,561.5,30,1.4,http://purl.bioontology.org/ontology/NCBITAXON/9606,Homo sapiens,TG(53:6),Triacylglycerol (53:6),TG,TG,-,,0.75,2.25,TAG53:6-FA20:4
ATG_TG54.3_FA16.0,TG 54:3-FA16:0,21.2947108433568,TG,with caution,ATG_TG_splash_15.0_18.1_15.0_d7,PUFA,54,SLM:000308323,,,,902.8,629.5,30,1.4,http://purl.bioontology.org/ontology/NCBITAXON/9606,Homo sapiens,TG(54:3),Triacylglycerol (54:3),TG,TG,-,,0.75,2.25,TAG54:3-FA16:0
ATG_TG54.3_FA16.1,TG 54:3-FA16:1,20.6426879935107,TG,with caution,ATG_TG_splash_15.0_18.1_15.0_d7,PUFA,54,SLM:000308323,,,,902.8,631.5,30,1.4,http://purl.bioontology.org/ontology/NCBITAXON/9606,Homo sapiens,TG(54:3),Triacylglycerol (54:3),TG,TG,-,,0.75,2.25,TAG54:3-FA16:1
ATG_TG54.3_FA18.0,TG 54:3-FA18:0,20.9933041993159,TG,with caution,ATG_TG_splash_15.0_18.1_15.0_d7,PUFA,54,SLM:000308323,,,,902.8,601.5,30,1.4,http://purl.bioontology.org/ontology/NCBITAXON/9606,Homo sapiens,TG(54:3),Triacylglycerol (54:3),TG,TG,-,,0.75,2.25,TAG54:3-FA18:0
ATG_TG54.3_FA18.1,TG 54:3-FA18:1,20.5089498198261,TG,with caution,ATG_TG_splash_15.0_18.1_15.0_d7,PUFA,54,SLM:000308323,,,,902.8,603.5,20,1.4,http://purl.bioontology.org/ontology/NCBITAXON/9606,Homo sapiens,TG(54:3),Triacylglycerol (54:3),TG,TG,-,,0.75,2.25,TAG54:3-FA18:1
ATG_TG54.3_FA18.2,TG 54:3-FA18:2,21.5307926412293,TG,with caution,ATG_TG_splash_15.0_18.1_15.0_d7,PUFA,54,SLM:000308323,,,,902.8,605.5,30,1.4,http://purl.bioontology.org/ontology/NCBITAXON/9606,Homo sapiens,TG(54:3),Triacylglycerol (54:3),TG,TG,-,,0.75,2.25,TAG54:3-FA18:2
ATG_TG54.3_FA18.3,TG 54:3-FA18:3,22.2165716919991,TG,with caution,ATG_TG_splash_15.0_18.1_15.0_d7,PUFA,54,SLM:000308323,,,,902.8,607.5,30,1.4,http://purl.bioontology.org/ontology/NCBITAXON/9606,Homo sapiens,TG(54:3),Triacylglycerol (54:3),TG,TG,-,,0.75,2.25,TAG54:3-FA18:3
ATG_TG54.3_FA20.1,TG 54:3-FA20:1,21.0814055195245,TG,with caution,ATG_TG_splash_15.0_18.1_15.0_d7,PUFA,54,SLM:000308323,,,,902.8,575.5,30,1.4,http://purl.bioontology.org/ontology/NCBITAXON/9606,Homo sapiens,TG(54:3),Triacylglycerol (54:3),TG,TG,-,,0.75,2.25,TAG54:3-FA20:1
ATG_TG54.3_FA20.2,TG 54:3-FA20:2,23.6835828688841,TG,with caution,ATG_TG_splash_15.0_18.1_15.0_d7,PUFA,54,SLM:000308323,,,,902.8,577.5,30,1.4,http://purl.bioontology.org/ontology/NCBITAXON/9606,Homo sapiens,TG(54:3),Triacylglycerol (54:3),TG,TG,-,,0.75,2.25,TAG54:3-FA20:2
ATG_TG54.3_FA20.3,TG 54:3-FA20:3,23.7422446663173,TG,with caution,ATG_TG_splash_15.0_18.1_15.0_d7,PUFA,54,SLM:000308323,,,,902.8,579.5,30,1.4,http://purl.bioontology.org/ontology/NCBITAXON/9606,Homo sapiens,TG(54:3),Triacylglycerol (54:3),TG,TG,-,,0.75,2.25,TAG54:3-FA20:3
ATG_TG54.4_FA16.0,TG 54:4-FA16:0,17.8651777453539,TG,with caution,ATG_TG_splash_15.0_18.1_15.0_d7,PUFA,54,SLM:000308324,,,,900.8,627.5,30,1.4,http://purl.bioontology.org/ontology/NCBITAXON/9606,Homo sapiens,TG(54:4),Triacylglycerol (54:4),TG,TG,-,,0.75,2.25,TAG54:4-FA16:0
ATG_TG54.4_FA16.1,TG 54:4-FA16:1,18.8928742894219,TG,with caution,ATG_TG_splash_15.0_18.1_15.0_d7,PUFA,54,SLM:000308324,,,,900.8,629.5,30,1.4,http://purl.bioontology.org/ontology/NCBITAXON/9606,Homo sapiens,TG(54:4),Triacylglycerol (54:4),TG,TG,-,,0.75,2.25,TAG54:4-FA16:1
ATG_TG54.4_FA18.0,TG 54:4-FA18:0,17.5378632472177,TG,with caution,ATG_TG_splash_15.0_18.1_15.0_d7,PUFA,54,SLM:000308324,,,,900.8,599.5,30,1.4,http://purl.bioontology.org/ontology/NCBITAXON/9606,Homo sapiens,TG(54:4),Triacylglycerol (54:4),TG,TG,-,,0.75,2.25,TAG54:4-FA18:0
ATG_TG54.4_FA18.1,TG 54:4-FA18:1,20.0487678039267,TG,with caution,ATG_TG_splash_15.0_18.1_15.0_d7,PUFA,54,SLM:000308324,,,,900.8,601.5,20,1.4,http://purl.bioontology.org/ontology/NCBITAXON/9606,Homo sapiens,TG(54:4),Triacylglycerol (54:4),TG,TG,-,,0.75,2.25,TAG54:4-FA18:1
ATG_TG54.4_FA18.2,TG 54:4-FA18:2,19.2583338873505,TG,with caution,ATG_TG_splash_15.0_18.1_15.0_d7,PUFA,54,SLM:000308324,,,,900.8,603.5,30,1.4,http://purl.bioontology.org/ontology/NCBITAXON/9606,Homo sapiens,TG(54:4),Triacylglycerol (54:4),TG,TG,-,,0.75,2.25,TAG54:4-FA18:2
ATG_TG54.4_FA18.3,TG 54:4-FA18:3,17.793385387428,TG,with caution,ATG_TG_splash_15.0_18.1_15.0_d7,PUFA,54,SLM:000308324,,,,900.8,605.5,30,1.4,http://purl.bioontology.org/ontology/NCBITAXON/9606,Homo sapiens,TG(54:4),Triacylglycerol (54:4),TG,TG,-,,0.75,2.25,TAG54:4-FA18:3
ATG_TG54.4_FA20.1,TG 54:4-FA20:1,17.6249251384645,TG,with caution,ATG_TG_splash_15.0_18.1_15.0_d7,PUFA,54,SLM:000308324,,,,900.8,573.5,30,1.4,http://purl.bioontology.org/ontology/NCBITAXON/9606,Homo sapiens,TG(54:4),Triacylglycerol (54:4),TG,TG,-,,0.75,2.25,TAG54:4-FA20:1
ATG_TG54.4_FA20.2,TG 54:4-FA20:2,20.8388665854566,TG,with caution,ATG_TG_splash_15.0_18.1_15.0_d7,PUFA,54,SLM:000308324,,,,900.8,575.5,30,1.4,http://purl.bioontology.org/ontology/NCBITAXON/9606,Homo sapiens,TG(54:4),Triacylglycerol (54:4),TG,TG,-,,0.75,2.25,TAG54:4-FA20:2
ATG_TG54.4_FA20.3,TG 54:4-FA20:3,17.0495567360117,TG,with caution,ATG_TG_splash_15.0_18.1_15.0_d7,PUFA,54,SLM:000308324,,,,900.8,577.5,30,1.4,http://purl.bioontology.org/ontology/NCBITAXON/9606,Homo sapiens,TG(54:4),Triacylglycerol (54:4),TG,TG,-,,0.75,2.25,TAG54:4-FA20:3
ATG_TG54.4_FA20.4,TG 54:4-FA20:4,19.3610061993224,TG,with caution,ATG_TG_splash_15.0_18.1_15.0_d7,PUFA,54,SLM:000308324,,,,900.8,579.5,30,1.4,http://purl.bioontology.org/ontology/NCBITAXON/9606,Homo sapiens,TG(54:4),Triacylglycerol (54:4),TG,TG,-,,0.75,2.25,TAG54:4-FA20:4
ATG_TG54.4_FA22.4,TG 54:4-FA22:4,18.1397444984586,TG,with caution,ATG_TG_splash_15.0_18.1_15.0_d7,PUFA,54,SLM:000308324,,,,900.8,551.503,30,1.4,http://purl.bioontology.org/ontology/NCBITAXON/9606,Homo sapiens,TG(54:4),Triacylglycerol (54:4),TG,TG,-,,0.75,2.25,TAG54:4-FA22:4
ATG_TG54.5_FA16.0,TG 54:5-FA16:0,15.4514510089544,TG,with caution,ATG_TG_splash_15.0_18.1_15.0_d7,PUFA,54,SLM:000308325,,,,898.8,625.5,30,1.4,http://purl.bioontology.org/ontology/NCBITAXON/9606,Homo sapiens,TG(54:5),Triacylglycerol (54:5),TG,TG,-,,0.75,2.25,TAG54:5-FA16:0
ATG_TG54.5_FA16.1,TG 54:5-FA16:1,20.401539004562,TG,with caution,ATG_TG_splash_15.0_18.1_15.0_d7,PUFA,54,SLM:000308325,,,,898.8,627.5,30,1.4,http://purl.bioontology.org/ontology/NCBITAXON/9606,Homo sapiens,TG(54:5),Triacylglycerol (54:5),TG,TG,-,,0.75,2.25,TAG54:5-FA16:1
ATG_TG54.5_FA18.0,TG 54:5-FA18:0,17.6999101371517,TG,with caution,ATG_TG_splash_15.0_18.1_15.0_d7,PUFA,54,SLM:000308325,,,,898.8,597.5,30,1.4,http://purl.bioontology.org/ontology/NCBITAXON/9606,Homo sapiens,TG(54:5),Triacylglycerol (54:5),TG,TG,-,,0.75,2.25,TAG54:5-FA18:0
ATG_TG54.5_FA18.1,TG 54:5-FA18:1,19.4535636005532,TG,with caution,ATG_TG_splash_15.0_18.1_15.0_d7,PUFA,54,SLM:000308325,,,,898.8,599.5,30,1.4,http://purl.bioontology.org/ontology/NCBITAXON/9606,Homo sapiens,TG(54:5),Triacylglycerol (54:5),TG,TG,-,,0.75,2.25,TAG54:5-FA18:1
ATG_TG54.5_FA18.2,TG 54:5-FA18:2,23.5718659580595,TG,with caution,ATG_TG_splash_15.0_18.1_15.0_d7,PUFA,54,SLM:000308325,,,,898.8,601.5,30,1.4,http://purl.bioontology.org/ontology/NCBITAXON/9606,Homo sapiens,TG(54:5),Triacylglycerol (54:5),TG,TG,-,,0.75,2.25,TAG54:5-FA18:2
ATG_TG54.5_FA18.3,TG 54:5-FA18:3,23.937384234081,TG,with caution,ATG_TG_splash_15.0_18.1_15.0_d7,PUFA,54,SLM:000308325,,,,898.8,603.5,30,1.4,http://purl.bioontology.org/ontology/NCBITAXON/9606,Homo sapiens,TG(54:5),Triacylglycerol (54:5),TG,TG,-,,0.75,2.25,TAG54:5-FA18:3
ATG_TG54.5_FA20.2,TG 54:5-FA20:2,22.4074459095603,TG,with caution,ATG_TG_splash_15.0_18.1_15.0_d7,PUFA,54,SLM:000308325,,,,898.8,573.5,30,1.4,http://purl.bioontology.org/ontology/NCBITAXON/9606,Homo sapiens,TG(54:5),Triacylglycerol (54:5),TG,TG,-,,0.75,2.25,TAG54:5-FA20:2
ATG_TG54.5_FA20.3,TG 54:5-FA20:3,21.5259168766002,TG,with caution,ATG_TG_splash_15.0_18.1_15.0_d7,PUFA,54,SLM:000308325,,,,898.8,575.5,30,1.4,http://purl.bioontology.org/ontology/NCBITAXON/9606,Homo sapiens,TG(54:5),Triacylglycerol (54:5),TG,TG,-,,0.75,2.25,TAG54:5-FA20:3
ATG_TG54.5_FA20.4,TG 54:5-FA20:4,15.0025675577006,TG,with caution,ATG_TG_splash_15.0_18.1_15.0_d7,PUFA,54,SLM:000308325,,,,898.8,577.5,30,1.4,http://purl.bioontology.org/ontology/NCBITAXON/9606,Homo sapiens,TG(54:5),Triacylglycerol (54:5),TG,TG,-,,0.75,2.25,TAG54:5-FA20:4
ATG_TG54.5_FA20.5,TG 54:5-FA20:5,17.5899960492375,TG,with caution,ATG_TG_splash_15.0_18.1_15.0_d7,PUFA,54,SLM:000308325,,,,898.8,579.5,30,1.4,http://purl.bioontology.org/ontology/NCBITAXON/9606,Homo sapiens,TG(54:5),Triacylglycerol (54:5),TG,TG,-,,0.75,2.25,TAG54:5-FA20:5
ATG_TG54.5_FA22.4,TG 54:5-FA22:4,16.352201272561,TG,with caution,ATG_TG_splash_15.0_18.1_15.0_d7,PUFA,54,SLM:000308325,,,,898.8,549.5,30,1.4,http://purl.bioontology.org/ontology/NCBITAXON/9606,Homo sapiens,TG(54:5),Triacylglycerol (54:5),TG,TG,-,,0.75,2.25,TAG54:5-FA22:4
ATG_TG54.6_FA16.1,TG 54:6-FA16:1,22.7668127957413,TG,with caution,ATG_TG_splash_15.0_18.1_15.0_d7,PUFA,54,SLM:000308326,,,,896.8,625.5,30,1.4,http://purl.bioontology.org/ontology/NCBITAXON/9606,Homo sapiens,TG(54:6),Triacylglycerol (54:6),TG,TG,-,,0.75,2.25,TAG54:6-FA16:1
ATG_TG54.6_FA18.1,TG 54:6-FA18:1,22.0583554534671,TG,with caution,ATG_TG_splash_15.0_18.1_15.0_d7,PUFA,54,SLM:000308326,,,,896.8,597.5,30,1.4,http://purl.bioontology.org/ontology/NCBITAXON/9606,Homo sapiens,TG(54:6),Triacylglycerol (54:6),TG,TG,-,,0.75,2.25,TAG54:6-FA18:1
ATG_TG54.6_FA18.2,TG 54:6-FA18:2,28.9953480849652,TG,with caution,ATG_TG_splash_15.0_18.1_15.0_d7,PUFA,54,SLM:000308326,,,,896.8,599.5,30,1.4,http://purl.bioontology.org/ontology/NCBITAXON/9606,Homo sapiens,TG(54:6),Triacylglycerol (54:6),TG,TG,-,,0.75,2.25,TAG54:6-FA18:2
ATG_TG54.6_FA20.3,TG 54:6-FA20:3,28.2302442286619,TG,with caution,ATG_TG_splash_15.0_18.1_15.0_d7,PUFA,54,SLM:000308326,,,,896.8,573.5,30,1.4,http://purl.bioontology.org/ontology/NCBITAXON/9606,Homo sapiens,TG(54:6),Triacylglycerol (54:6),TG,TG,-,,0.75,2.25,TAG54:6-FA20:3
ATG_TG54.6_FA20.4,TG 54:6-FA20:4,26.6991769783561,TG,with caution,ATG_TG_splash_15.0_18.1_15.0_d7,PUFA,54,SLM:000308326,,,,896.8,575.5,30,1.4,http://purl.bioontology.org/ontology/NCBITAXON/9606,Homo sapiens,TG(54:6),Triacylglycerol (54:6),TG,TG,-,,0.75,2.25,TAG54:6-FA20:4
ATG_TG54.6_FA20.5,TG 54:6-FA20:5,16.1164968003451,TG,with caution,ATG_TG_splash_15.0_18.1_15.0_d7,PUFA,54,SLM:000308326,,,,896.8,577.5,30,1.4,http://purl.bioontology.org/ontology/NCBITAXON/9606,Homo sapiens,TG(54:6),Triacylglycerol (54:6),TG,TG,-,,0.75,2.25,TAG54:6-FA20:5
ATG_TG54.6_FA22.5,TG 54:6-FA22:5,16.5375019627447,TG,with caution,ATG_TG_splash_15.0_18.1_15.0_d7,PUFA,54,SLM:000308326,,,,896.8,549.5,30,1.4,http://purl.bioontology.org/ontology/NCBITAXON/9606,Homo sapiens,TG(54:6),Triacylglycerol (54:6),TG,TG,-,,0.75,2.25,TAG54:6-FA22:5
ATG_TG54.6_FA22.6,TG 54:6-FA22:6,17.2604923665107,TG,with caution,ATG_TG_splash_15.0_18.1_15.0_d7,PUFA,54,SLM:000308326,,,,896.8,551.503,30,1.4,http://purl.bioontology.org/ontology/NCBITAXON/9606,Homo sapiens,TG(54:6),Triacylglycerol (54:6),TG,TG,-,,0.75,2.25,TAG54:6-FA22:6
ATG_TG54.7_FA16.1,TG 54:7-FA16:1,25.331642934136,TG,with caution,ATG_TG_splash_15.0_18.1_15.0_d7,PUFA,54,SLM:000308327,,,,894.8,623.5,30,1.4,http://purl.bioontology.org/ontology/NCBITAXON/9606,Homo sapiens,TG(54:7),Triacylglycerol (54:7),TG,TG,-,,0.75,2.25,TAG54:7-FA16:1
ATG_TG54.7_FA18.1,TG 54:7-FA18:1,23.7659092979078,TG,with caution,ATG_TG_splash_15.0_18.1_15.0_d7,PUFA,54,SLM:000308327,,,,894.8,595.5,30,1.4,http://purl.bioontology.org/ontology/NCBITAXON/9606,Homo sapiens,TG(54:7),Triacylglycerol (54:7),TG,TG,-,,0.75,2.25,TAG54:7-FA18:1
ATG_TG54.7_FA20.4,TG 54:7-FA20:4,29.8080279693623,TG,with caution,ATG_TG_splash_15.0_18.1_15.0_d7,PUFA,54,SLM:000308327,,,,894.8,573.5,30,1.4,http://purl.bioontology.org/ontology/NCBITAXON/9606,Homo sapiens,TG(54:7),Triacylglycerol (54:7),TG,TG,-,,0.75,2.25,TAG54:7-FA20:4
ATG_TG54.7_FA22.6,TG 54:7-FA22:6,20.9831419685359,TG,with caution,ATG_TG_splash_15.0_18.1_15.0_d7,PUFA,54,SLM:000308327,,,,894.8,549.5,30,1.4,http://purl.bioontology.org/ontology/NCBITAXON/9606,Homo sapiens,TG(54:7),Triacylglycerol (54:7),TG,TG,-,,0.75,2.25,TAG54:7-FA22:6
ATG_TG54.8_FA20.4,TG 54:8-FA20:4,28.9126455060238,TG,with caution,ATG_TG_splash_15.0_18.1_15.0_d7,PUFA,54,SLM:000308328,,,,892.8,571.5,30,1.4,http://purl.bioontology.org/ontology/NCBITAXON/9606,Homo sapiens,TG(54:8),Triacylglycerol (54:8),TG,TG,-,,0.75,2.25,TAG54:8-FA20:4
ATG_TG54.8_FA20.5,TG 54:8-FA20:5,27.8492799428009,TG,with caution,ATG_TG_splash_15.0_18.1_15.0_d7,PUFA,54,SLM:000308328,,,,892.8,573.5,30,1.4,http://purl.bioontology.org/ontology/NCBITAXON/9606,Homo sapiens,TG(54:8),Triacylglycerol (54:8),TG,TG,-,,0.75,2.25,TAG54:8-FA20:5
ATG_TG54.8_FA22.6,TG 54:8-FA22:6,29.8930694717593,TG,with caution,ATG_TG_splash_15.0_18.1_15.0_d7,PUFA,54,SLM:000308328,,,,892.8,547.5,30,1.4,http://purl.bioontology.org/ontology/NCBITAXON/9606,Homo sapiens,TG(54:8),Triacylglycerol (54:8),TG,TG,-,,0.75,2.25,TAG54:8-FA22:6
ATG_TG55.3_FA18.1,TG 55:3-FA18:1,20.0114256809386,TG,with caution,ATG_TG_splash_15.0_18.1_15.0_d7,PUFA,55,SLM:000308335,,,,916.8,617.5,30,1.4,http://purl.bioontology.org/ontology/NCBITAXON/9606,Homo sapiens,TG(55:3),Triacylglycerol (55:3),TG,TG,-,,0.75,2.25,TAG55:3-FA18:1
ATG_TG55.3_FA18.2,TG 55:3-FA18:2,23.0957200805475,TG,with caution,ATG_TG_splash_15.0_18.1_15.0_d7,PUFA,55,SLM:000308335,,,,916.8,619.5,30,1.4,http://purl.bioontology.org/ontology/NCBITAXON/9606,Homo sapiens,TG(55:3),Triacylglycerol (55:3),TG,TG,-,,0.75,2.25,TAG55:3-FA18:2
ATG_TG55.4_FA18.1,TG 55:4-FA18:1,19.9398867857376,TG,with caution,ATG_TG_splash_15.0_18.1_15.0_d7,PUFA,55,SLM:000308336,,,,914.8,615.5,30,1.4,http://purl.bioontology.org/ontology/NCBITAXON/9606,Homo sapiens,TG(55:4),Triacylglycerol (55:4),TG,TG,-,,0.75,2.25,TAG55:4-FA18:1
ATG_TG55.4_FA18.2,TG 55:4-FA18:2,21.8226710504805,TG,with caution,ATG_TG_splash_15.0_18.1_15.0_d7,PUFA,55,SLM:000308336,,,,914.8,617.5,30,1.4,http://purl.bioontology.org/ontology/NCBITAXON/9606,Homo sapiens,TG(55:4),Triacylglycerol (55:4),TG,TG,-,,0.75,2.25,TAG55:4-FA18:2
ATG_TG55.5_FA18.1,TG 55:5-FA18:1,20.5628495937201,TG,with caution,ATG_TG_splash_15.0_18.1_15.0_d7,PUFA,55,SLM:000308337,,,,912.8,613.5,30,1.4,http://purl.bioontology.org/ontology/NCBITAXON/9606,Homo sapiens,TG(55:5),Triacylglycerol (55:5),TG,TG,-,,0.75,2.25,TAG55:5-FA18:1
ATG_TG55.5_FA18.2,TG 55:5-FA18:2,25.9831455973278,TG,with caution,ATG_TG_splash_15.0_18.1_15.0_d7,PUFA,55,SLM:000308337,,,,912.8,615.5,30,1.4,http://purl.bioontology.org/ontology/NCBITAXON/9606,Homo sapiens,TG(55:5),Triacylglycerol (55:5),TG,TG,-,,0.75,2.25,TAG55:5-FA18:2
ATG_TG55.5_FA20.4,TG 55:5-FA20:4,20.0565331261215,TG,with caution,ATG_TG_splash_15.0_18.1_15.0_d7,PUFA,55,SLM:000308337,,,,912.8,591.5,30,1.4,http://purl.bioontology.org/ontology/NCBITAXON/9606,Homo sapiens,TG(55:5),Triacylglycerol (55:5),TG,TG,-,,0.75,2.25,TAG55:5-FA20:4
ATG_TG55.7_FA22.6,TG 55:7-FA22:6,18.5408344360295,TG,with caution,ATG_TG_splash_15.0_18.1_15.0_d7,PUFA,55,SLM:000308339,,,,908.8,563.5,30,1.4,http://purl.bioontology.org/ontology/NCBITAXON/9606,Homo sapiens,TG(55:7),Triacylglycerol (55:7),TG,TG,-,,0.75,2.25,TAG55:7-FA22:6
ATG_TG56.10_FA18.2,TG 56:10-FA18:2,28.0325618970105,TG,with caution,ATG_TG_splash_15.0_18.1_15.0_d7,PUFA,56,SLM:000308344,,,,916.7,619.4,30,1.4,http://purl.bioontology.org/ontology/NCBITAXON/9606,Homo sapiens,TG(56:10),Triacylglycerol (56:10),TG,TG,-,,0.75,2.25,TAG56:10-FA18:2
ATG_TG56.3_FA16.0,TG 56:3-FA16:0,23.7381917314374,TG,with caution,ATG_TG_splash_15.0_18.1_15.0_d7,PUFA,56,SLM:000308349,,,,930.8,657.5,30,1.4,http://purl.bioontology.org/ontology/NCBITAXON/9606,Homo sapiens,TG(56:3),Triacylglycerol (56:3),TG,TG,-,,0.75,2.25,TAG56:3-FA16:0
ATG_TG56.3_FA18.0,TG 56:3-FA18:0,25.5320646262786,TG,with caution,ATG_TG_splash_15.0_18.1_15.0_d7,PUFA,56,SLM:000308349,,,,930.8,629.5,30,1.4,http://purl.bioontology.org/ontology/NCBITAXON/9606,Homo sapiens,TG(56:3),Triacylglycerol (56:3),TG,TG,-,,0.75,2.25,TAG56:3-FA18:0
ATG_TG56.3_FA18.1,TG 56:3-FA18:1,25.6684876120721,TG,with caution,ATG_TG_splash_15.0_18.1_15.0_d7,PUFA,56,SLM:000308349,,,,930.8,631.5,30,1.4,http://purl.bioontology.org/ontology/NCBITAXON/9606,Homo sapiens,TG(56:3),Triacylglycerol (56:3),TG,TG,-,,0.75,2.25,TAG56:3-FA18:1
ATG_TG56.3_FA18.2,TG 56:3-FA18:2,25.2495646071744,TG,with caution,ATG_TG_splash_15.0_18.1_15.0_d7,PUFA,56,SLM:000308349,,,,930.8,633.5,30,1.4,http://purl.bioontology.org/ontology/NCBITAXON/9606,Homo sapiens,TG(56:3),Triacylglycerol (56:3),TG,TG,-,,0.75,2.25,TAG56:3-FA18:2
ATG_TG56.3_FA20.1,TG 56:3-FA20:1,26.113517069882,TG,with caution,ATG_TG_splash_15.0_18.1_15.0_d7,PUFA,56,SLM:000308349,,,,930.8,603.5,30,1.4,http://purl.bioontology.org/ontology/NCBITAXON/9606,Homo sapiens,TG(56:3),Triacylglycerol (56:3),TG,TG,-,,0.75,2.25,TAG56:3-FA20:1
ATG_TG56.3_FA20.2,TG 56:3-FA20:2,26.1743489918705,TG,with caution,ATG_TG_splash_15.0_18.1_15.0_d7,PUFA,56,SLM:000308349,,,,930.8,605.5,30,1.4,http://purl.bioontology.org/ontology/NCBITAXON/9606,Homo sapiens,TG(56:3),Triacylglycerol (56:3),TG,TG,-,,0.75,2.25,TAG56:3-FA20:2
ATG_TG56.4_FA16.0,TG 56:4-FA16:0,19.9257620901973,TG,with caution,ATG_TG_splash_15.0_18.1_15.0_d7,PUFA,56,SLM:000308350,,,,928.8,655.5,30,1.4,http://purl.bioontology.org/ontology/NCBITAXON/9606,Homo sapiens,TG(56:4),Triacylglycerol (56:4),TG,TG,-,,0.75,2.25,TAG56:4-FA16:0
ATG_TG56.4_FA18.0,TG 56:4-FA18:0,22.5561846272261,TG,with caution,ATG_TG_splash_15.0_18.1_15.0_d7,PUFA,56,SLM:000308350,,,,928.8,627.5,30,1.4,http://purl.bioontology.org/ontology/NCBITAXON/9606,Homo sapiens,TG(56:4),Triacylglycerol (56:4),TG,TG,-,,0.75,2.25,TAG56:4-FA18:0
ATG_TG56.4_FA18.1,TG 56:4-FA18:1,19.0368088572844,TG,with caution,ATG_TG_splash_15.0_18.1_15.0_d7,PUFA,56,SLM:000308350,,,,928.8,629.5,30,1.4,http://purl.bioontology.org/ontology/NCBITAXON/9606,Homo sapiens,TG(56:4),Triacylglycerol (56:4),TG,TG,-,,0.75,2.25,TAG56:4-FA18:1
ATG_TG56.4_FA18.2,TG 56:4-FA18:2,22.972084888813,TG,with caution,ATG_TG_splash_15.0_18.1_15.0_d7,PUFA,56,SLM:000308350,,,,928.8,631.5,30,1.4,http://purl.bioontology.org/ontology/NCBITAXON/9606,Homo sapiens,TG(56:4),Triacylglycerol (56:4),TG,TG,-,,0.75,2.25,TAG56:4-FA18:2
ATG_TG56.4_FA20.1,TG 56:4-FA20:1,21.1428441100979,TG,with caution,ATG_TG_splash_15.0_18.1_15.0_d7,PUFA,56,SLM:000308350,,,,928.8,601.5,30,1.4,http://purl.bioontology.org/ontology/NCBITAXON/9606,Homo sapiens,TG(56:4),Triacylglycerol (56:4),TG,TG,-,,0.75,2.25,TAG56:4-FA20:1
ATG_TG56.4_FA20.2,TG 56:4-FA20:2,19.8519742222587,TG,with caution,ATG_TG_splash_15.0_18.1_15.0_d7,PUFA,56,SLM:000308350,,,,928.8,603.5,30,1.4,http://purl.bioontology.org/ontology/NCBITAXON/9606,Homo sapiens,TG(56:4),Triacylglycerol (56:4),TG,TG,-,,0.75,2.25,TAG56:4-FA20:2
ATG_TG56.4_FA20.3,TG 56:4-FA20:3,19.2205895526771,TG,with caution,ATG_TG_splash_15.0_18.1_15.0_d7,PUFA,56,SLM:000308350,,,,928.8,605.5,30,1.4,http://purl.bioontology.org/ontology/NCBITAXON/9606,Homo sapiens,TG(56:4),Triacylglycerol (56:4),TG,TG,-,,0.75,2.25,TAG56:4-FA20:3
ATG_TG56.4_FA20.4,TG 56:4-FA20:4,23.8373841982205,TG,with caution,ATG_TG_splash_15.0_18.1_15.0_d7,PUFA,56,SLM:000308350,,,,928.8,607.5,30,1.4,http://purl.bioontology.org/ontology/NCBITAXON/9606,Homo sapiens,TG(56:4),Triacylglycerol (56:4),TG,TG,-,,0.75,2.25,TAG56:4-FA20:4
ATG_TG56.4_FA22.4,TG 56:4-FA22:4,21.9538623785415,TG,with caution,ATG_TG_splash_15.0_18.1_15.0_d7,PUFA,56,SLM:000308350,,,,928.8,579.5,30,1.4,http://purl.bioontology.org/ontology/NCBITAXON/9606,Homo sapiens,TG(56:4),Triacylglycerol (56:4),TG,TG,-,,0.75,2.25,TAG56:4-FA22:4
ATG_TG56.5_FA16.0,TG 56:5-FA16:0,16.4160015317888,TG,with caution,ATG_TG_splash_15.0_18.1_15.0_d7,PUFA,56,SLM:000308351,,,,926.8,653.5,30,1.4,http://purl.bioontology.org/ontology/NCBITAXON/9606,Homo sapiens,TG(56:5),Triacylglycerol (56:5),TG,TG,-,,0.75,2.25,TAG56:5-FA16:0
ATG_TG56.5_FA18.0,TG 56:5-FA18:0,17.7401727672184,TG,with caution,ATG_TG_splash_15.0_18.1_15.0_d7,PUFA,56,SLM:000308351,,,,926.8,625.5,30,1.4,http://purl.bioontology.org/ontology/NCBITAXON/9606,Homo sapiens,TG(56:5),Triacylglycerol (56:5),TG,TG,-,,0.75,2.25,TAG56:5-FA18:0
ATG_TG56.5_FA18.1,TG 56:5-FA18:1,18.0299485616641,TG,with caution,ATG_TG_splash_15.0_18.1_15.0_d7,PUFA,56,SLM:000308351,,,,926.8,627.5,30,1.4,http://purl.bioontology.org/ontology/NCBITAXON/9606,Homo sapiens,TG(56:5),Triacylglycerol (56:5),TG,TG,-,,0.75,2.25,TAG56:5-FA18:1
ATG_TG56.5_FA18.2,TG 56:5-FA18:2,18.2618339113933,TG,with caution,ATG_TG_splash_15.0_18.1_15.0_d7,PUFA,56,SLM:000308351,,,,926.8,629.5,30,1.4,http://purl.bioontology.org/ontology/NCBITAXON/9606,Homo sapiens,TG(56:5),Triacylglycerol (56:5),TG,TG,-,,0.75,2.25,TAG56:5-FA18:2
ATG_TG56.5_FA20.1,TG 56:5-FA20:1,20.0877105184635,TG,with caution,ATG_TG_splash_15.0_18.1_15.0_d7,PUFA,56,SLM:000308351,,,,926.8,599.5,30,1.4,http://purl.bioontology.org/ontology/NCBITAXON/9606,Homo sapiens,TG(56:5),Triacylglycerol (56:5),TG,TG,-,,0.75,2.25,TAG56:5-FA20:1
ATG_TG56.5_FA20.2,TG 56:5-FA20:2,20.8098492508881,TG,with caution,ATG_TG_splash_15.0_18.1_15.0_d7,PUFA,56,SLM:000308351,,,,926.8,601.5,30,1.4,http://purl.bioontology.org/ontology/NCBITAXON/9606,Homo sapiens,TG(56:5),Triacylglycerol (56:5),TG,TG,-,,0.75,2.25,TAG56:5-FA20:2
ATG_TG56.5_FA20.3,TG 56:5-FA20:3,19.1891266866932,TG,with caution,ATG_TG_splash_15.0_18.1_15.0_d7,PUFA,56,SLM:000308351,,,,926.8,603.5,30,1.4,http://purl.bioontology.org/ontology/NCBITAXON/9606,Homo sapiens,TG(56:5),Triacylglycerol (56:5),TG,TG,-,,0.75,2.25,TAG56:5-FA20:3
ATG_TG56.5_FA20.4,TG 56:5-FA20:4,16.8402621528698,TG,with caution,ATG_TG_splash_15.0_18.1_15.0_d7,PUFA,56,SLM:000308351,,,,926.8,605.5,30,1.4,http://purl.bioontology.org/ontology/NCBITAXON/9606,Homo sapiens,TG(56:5),Triacylglycerol (56:5),TG,TG,-,,0.75,2.25,TAG56:5-FA20:4
ATG_TG56.5_FA22.4,TG 56:5-FA22:4,17.4044238306796,TG,with caution,ATG_TG_splash_15.0_18.1_15.0_d7,PUFA,56,SLM:000308351,,,,926.8,577.5,30,1.4,http://purl.bioontology.org/ontology/NCBITAXON/9606,Homo sapiens,TG(56:5),Triacylglycerol (56:5),TG,TG,-,,0.75,2.25,TAG56:5-FA22:4
ATG_TG56.5_FA22.5,TG 56:5-FA22:5,16.9556698126281,TG,with caution,ATG_TG_splash_15.0_18.1_15.0_d7,PUFA,56,SLM:000308351,,,,926.8,579.5,30,1.4,http://purl.bioontology.org/ontology/NCBITAXON/9606,Homo sapiens,TG(56:5),Triacylglycerol (56:5),TG,TG,-,,0.75,2.25,TAG56:5-FA22:5
ATG_TG56.6_FA16.0,TG 56:6-FA16:0,15.8268222542214,TG,with caution,ATG_TG_splash_15.0_18.1_15.0_d7,PUFA,56,SLM:000308352,,,,924.8,651.5,30,1.4,http://purl.bioontology.org/ontology/NCBITAXON/9606,Homo sapiens,TG(56:6),Triacylglycerol (56:6),TG,TG,-,,0.75,2.25,TAG56:6-FA16:0
ATG_TG56.6_FA18.0,TG 56:6-FA18:0,18.3933659057127,TG,with caution,ATG_TG_splash_15.0_18.1_15.0_d7,PUFA,56,SLM:000308352,,,,924.8,623.5,30,1.4,http://purl.bioontology.org/ontology/NCBITAXON/9606,Homo sapiens,TG(56:6),Triacylglycerol (56:6),TG,TG,-,,0.75,2.25,TAG56:6-FA18:0
ATG_TG56.6_FA18.1,TG 56:6-FA18:1,18.394767882138,TG,with caution,ATG_TG_splash_15.0_18.1_15.0_d7,PUFA,56,SLM:000308352,,,,924.8,625.5,30,1.4,http://purl.bioontology.org/ontology/NCBITAXON/9606,Homo sapiens,TG(56:6),Triacylglycerol (56:6),TG,TG,-,,0.75,2.25,TAG56:6-FA18:1
ATG_TG56.6_FA18.2,TG 56:6-FA18:2,23.699193701441,TG,with caution,ATG_TG_splash_15.0_18.1_15.0_d7,PUFA,56,SLM:000308352,,,,924.8,627.5,30,1.4,http://purl.bioontology.org/ontology/NCBITAXON/9606,Homo sapiens,TG(56:6),Triacylglycerol (56:6),TG,TG,-,,0.75,2.25,TAG56:6-FA18:2
ATG_TG56.6_FA18.3,TG 56:6-FA18:3,22.0094930165675,TG,with caution,ATG_TG_splash_15.0_18.1_15.0_d7,PUFA,56,SLM:000308352,,,,924.8,629.5,30,1.4,http://purl.bioontology.org/ontology/NCBITAXON/9606,Homo sapiens,TG(56:6),Triacylglycerol (56:6),TG,TG,-,,0.75,2.25,TAG56:6-FA18:3
ATG_TG56.6_FA20.2,TG 56:6-FA20:2,24.7824586507377,TG,with caution,ATG_TG_splash_15.0_18.1_15.0_d7,PUFA,56,SLM:000308352,,,,924.8,599.5,30,1.4,http://purl.bioontology.org/ontology/NCBITAXON/9606,Homo sapiens,TG(56:6),Triacylglycerol (56:6),TG,TG,-,,0.75,2.25,TAG56:6-FA20:2
ATG_TG56.6_FA20.3,TG 56:6-FA20:3,22.588616775141,TG,with caution,ATG_TG_splash_15.0_18.1_15.0_d7,PUFA,56,SLM:000308352,,,,924.8,601.5,30,1.4,http://purl.bioontology.org/ontology/NCBITAXON/9606,Homo sapiens,TG(56:6),Triacylglycerol (56:6),TG,TG,-,,0.75,2.25,TAG56:6-FA20:3
ATG_TG56.6_FA20.4,TG 56:6-FA20:4,23.1488695622379,TG,with caution,ATG_TG_splash_15.0_18.1_15.0_d7,PUFA,56,SLM:000308352,,,,924.8,603.5,30,1.4,http://purl.bioontology.org/ontology/NCBITAXON/9606,Homo sapiens,TG(56:6),Triacylglycerol (56:6),TG,TG,-,,0.75,2.25,TAG56:6-FA20:4
ATG_TG56.6_FA20.5,TG 56:6-FA20:5,17.7572414678607,TG,with caution,ATG_TG_splash_15.0_18.1_15.0_d7,PUFA,56,SLM:000308352,,,,924.8,605.5,30,1.4,http://purl.bioontology.org/ontology/NCBITAXON/9606,Homo sapiens,TG(56:6),Triacylglycerol (56:6),TG,TG,-,,0.75,2.25,TAG56:6-FA20:5
ATG_TG56.6_FA22.4,TG 56:6-FA22:4,21.5297445885936,TG,with caution,ATG_TG_splash_15.0_18.1_15.0_d7,PUFA,56,SLM:000308352,,,,924.8,575.5,30,1.4,http://purl.bioontology.org/ontology/NCBITAXON/9606,Homo sapiens,TG(56:6),Triacylglycerol (56:6),TG,TG,-,,0.75,2.25,TAG56:6-FA22:4
ATG_TG56.6_FA22.5,TG 56:6-FA22:5,17.6325121441901,TG,with caution,ATG_TG_splash_15.0_18.1_15.0_d7,PUFA,56,SLM:000308352,,,,924.8,577.5,30,1.4,http://purl.bioontology.org/ontology/NCBITAXON/9606,Homo sapiens,TG(56:6),Triacylglycerol (56:6),TG,TG,-,,0.75,2.25,TAG56:6-FA22:5
ATG_TG56.6_FA22.6,TG 56:6-FA22:6,16.0377913539032,TG,with caution,ATG_TG_splash_15.0_18.1_15.0_d7,PUFA,56,SLM:000308352,,,,924.8,579.5,30,1.4,http://purl.bioontology.org/ontology/NCBITAXON/9606,Homo sapiens,TG(56:6),Triacylglycerol (56:6),TG,TG,-,,0.75,2.25,TAG56:6-FA22:6
ATG_TG56.7_FA16.0,TG 56:7-FA16:0,16.3496976198815,TG,with caution,ATG_TG_splash_15.0_18.1_15.0_d7,PUFA,56,SLM:000308353,,,,922.8,649.5,30,1.4,http://purl.bioontology.org/ontology/NCBITAXON/9606,Homo sapiens,TG(56:7),Triacylglycerol (56:7),TG,TG,-,,0.75,2.25,TAG56:7-FA16:0
ATG_TG56.7_FA16.1,TG 56:7-FA16:1,25.5259884565204,TG,with caution,ATG_TG_splash_15.0_18.1_15.0_d7,PUFA,56,SLM:000308353,,,,922.8,651.5,30,1.4,http://purl.bioontology.org/ontology/NCBITAXON/9606,Homo sapiens,TG(56:7),Triacylglycerol (56:7),TG,TG,-,,0.75,2.25,TAG56:7-FA16:1
ATG_TG56.7_FA18.0,TG 56:7-FA18:0,22.7847951592137,TG,with caution,ATG_TG_splash_15.0_18.1_15.0_d7,PUFA,56,SLM:000308353,,,,922.8,621.5,30,1.4,http://purl.bioontology.org/ontology/NCBITAXON/9606,Homo sapiens,TG(56:7),Triacylglycerol (56:7),TG,TG,-,,0.75,2.25,TAG56:7-FA18:0
ATG_TG56.7_FA18.1,TG 56:7-FA18:1,21.4902651399944,TG,with caution,ATG_TG_splash_15.0_18.1_15.0_d7,PUFA,56,SLM:000308353,,,,922.8,623.5,30,1.4,http://purl.bioontology.org/ontology/NCBITAXON/9606,Homo sapiens,TG(56:7),Triacylglycerol (56:7),TG,TG,-,,0.75,2.25,TAG56:7-FA18:1
ATG_TG56.7_FA18.2,TG 56:7-FA18:2,24.97022248577,TG,with caution,ATG_TG_splash_15.0_18.1_15.0_d7,PUFA,56,SLM:000308353,,,,922.8,625.5,30,1.4,http://purl.bioontology.org/ontology/NCBITAXON/9606,Homo sapiens,TG(56:7),Triacylglycerol (56:7),TG,TG,-,,0.75,2.25,TAG56:7-FA18:2
ATG_TG56.7_FA18.3,TG 56:7-FA18:3,28.4734412465479,TG,with caution,ATG_TG_splash_15.0_18.1_15.0_d7,PUFA,56,SLM:000308353,,,,922.8,627.5,30,1.4,http://purl.bioontology.org/ontology/NCBITAXON/9606,Homo sapiens,TG(56:7),Triacylglycerol (56:7),TG,TG,-,,0.75,2.25,TAG56:7-FA18:3
ATG_TG56.7_FA20.3,TG 56:7-FA20:3,20.0726182643264,TG,with caution,ATG_TG_splash_15.0_18.1_15.0_d7,PUFA,56,SLM:000308353,,,,922.8,599.5,30,1.4,http://purl.bioontology.org/ontology/NCBITAXON/9606,Homo sapiens,TG(56:7),Triacylglycerol (56:7),TG,TG,-,,0.75,2.25,TAG56:7-FA20:3
ATG_TG56.7_FA20.4,TG 56:7-FA20:4,23.4528654918022,TG,with caution,ATG_TG_splash_15.0_18.1_15.0_d7,PUFA,56,SLM:000308353,,,,922.8,601.5,30,1.4,http://purl.bioontology.org/ontology/NCBITAXON/9606,Homo sapiens,TG(56:7),Triacylglycerol (56:7),TG,TG,-,,0.75,2.25,TAG56:7-FA20:4
ATG_TG56.7_FA20.5,TG 56:7-FA20:5,24.7010361630371,TG,with caution,ATG_TG_splash_15.0_18.1_15.0_d7,PUFA,56,SLM:000308353,,,,922.8,603.5,30,1.4,http://purl.bioontology.org/ontology/NCBITAXON/9606,Homo sapiens,TG(56:7),Triacylglycerol (56:7),TG,TG,-,,0.75,2.25,TAG56:7-FA20:5
ATG_TG56.7_FA22.5,TG 56:7-FA22:5,24.5322932220549,TG,with caution,ATG_TG_splash_15.0_18.1_15.0_d7,PUFA,56,SLM:000308353,,,,922.8,575.5,30,1.4,http://purl.bioontology.org/ontology/NCBITAXON/9606,Homo sapiens,TG(56:7),Triacylglycerol (56:7),TG,TG,-,,0.75,2.25,TAG56:7-FA22:5
ATG_TG56.7_FA22.6,TG 56:7-FA22:6,16.7995955113523,TG,with caution,ATG_TG_splash_15.0_18.1_15.0_d7,PUFA,56,SLM:000308353,,,,922.8,577.5,30,1.4,http://purl.bioontology.org/ontology/NCBITAXON/9606,Homo sapiens,TG(56:7),Triacylglycerol (56:7),TG,TG,-,,0.75,2.25,TAG56:7-FA22:6
ATG_TG56.8_FA18.2,TG 56:8-FA18:2,24.3937378215082,TG,with caution,ATG_TG_splash_15.0_18.1_15.0_d7,PUFA,56,SLM:000308354,,,,920.8,623.5,30,1.4,http://purl.bioontology.org/ontology/NCBITAXON/9606,Homo sapiens,TG(56:8),Triacylglycerol (56:8),TG,TG,-,,0.75,2.25,TAG56:8-FA18:2
ATG_TG56.8_FA20.4,TG 56:8-FA20:4,27.8055530858028,TG,with caution,ATG_TG_splash_15.0_18.1_15.0_d7,PUFA,56,SLM:000308354,,,,920.8,599.5,30,1.4,http://purl.bioontology.org/ontology/NCBITAXON/9606,Homo sapiens,TG(56:8),Triacylglycerol (56:8),TG,TG,-,,0.75,2.25,TAG56:8-FA20:4
ATG_TG56.8_FA20.5,TG 56:8-FA20:5,27.8067824981181,TG,with caution,ATG_TG_splash_15.0_18.1_15.0_d7,PUFA,56,SLM:000308354,,,,920.8,601.5,30,1.4,http://purl.bioontology.org/ontology/NCBITAXON/9606,Homo sapiens,TG(56:8),Triacylglycerol (56:8),TG,TG,-,,0.75,2.25,TAG56:8-FA20:5
ATG_TG56.8_FA22.5,TG 56:8-FA22:5,27.3088840437637,TG,with caution,ATG_TG_splash_15.0_18.1_15.0_d7,PUFA,56,SLM:000308354,,,,920.8,573.5,30,1.4,http://purl.bioontology.org/ontology/NCBITAXON/9606,Homo sapiens,TG(56:8),Triacylglycerol (56:8),TG,TG,-,,0.75,2.25,TAG56:8-FA22:5
ATG_TG56.8_FA22.6,TG 56:8-FA22:6,26.0739429682902,TG,with caution,ATG_TG_splash_15.0_18.1_15.0_d7,PUFA,56,SLM:000308354,,,,920.8,575.5,30,1.4,http://purl.bioontology.org/ontology/NCBITAXON/9606,Homo sapiens,TG(56:8),Triacylglycerol (56:8),TG,TG,-,,0.75,2.25,TAG56:8-FA22:6
ATG_TG58.10_FA20.4,TG 58:10-FA20:4,23.8496290559119,TG,with caution,ATG_TG_splash_15.0_18.1_15.0_d7,PUFA,58,SLM:000308371,,,,944.8,623.5,30,1.4,http://purl.bioontology.org/ontology/NCBITAXON/9606,Homo sapiens,TG(58:10),Triacylglycerol (58:10),TG,TG,-,,0.75,2.25,TAG58:10-FA20:4
ATG_TG58.10_FA20.5,TG 58:10-FA20:5,25.9143961358893,TG,with caution,ATG_TG_splash_15.0_18.1_15.0_d7,PUFA,58,SLM:000308371,,,,944.8,625.5,30,1.4,http://purl.bioontology.org/ontology/NCBITAXON/9606,Homo sapiens,TG(58:10),Triacylglycerol (58:10),TG,TG,-,,0.75,2.25,TAG58:10-FA20:5
ATG_TG58.10_FA22.6,TG 58:10-FA22:6,24.4355693491449,TG,with caution,ATG_TG_splash_15.0_18.1_15.0_d7,PUFA,58,SLM:000308371,,,,944.8,599.5,30,1.4,http://purl.bioontology.org/ontology/NCBITAXON/9606,Homo sapiens,TG(58:10),Triacylglycerol (58:10),TG,TG,-,,0.75,2.25,TAG58:10-FA22:6
ATG_TG58.5_FA18.1,TG 58:5-FA18:1,19.4777861854542,TG,with caution,ATG_TG_splash_15.0_18.1_15.0_d7,PUFA,58,SLM:000308379,,,,954.9,655.6,30,1.4,http://purl.bioontology.org/ontology/NCBITAXON/9606,Homo sapiens,TG(58:5),Triacylglycerol (58:5),TG,TG,-,,0.75,2.25,TAG58:5-FA18:1
ATG_TG58.6_FA16.0,TG 58:6-FA16:0,18.3426880431755,TG,with caution,ATG_TG_splash_15.0_18.1_15.0_d7,PUFA,58,SLM:000308380,,,,952.8,679.5,30,1.4,http://purl.bioontology.org/ontology/NCBITAXON/9606,Homo sapiens,TG(58:6),Triacylglycerol (58:6),TG,TG,-,,0.75,2.25,TAG58:6-FA16:0
ATG_TG58.6_FA18.0,TG 58:6-FA18:0,16.865404223442,TG,with caution,ATG_TG_splash_15.0_18.1_15.0_d7,PUFA,58,SLM:000308380,,,,952.8,651.5,30,1.4,http://purl.bioontology.org/ontology/NCBITAXON/9606,Homo sapiens,TG(58:6),Triacylglycerol (58:6),TG,TG,-,,0.75,2.25,TAG58:6-FA18:0
ATG_TG58.6_FA18.1,TG 58:6-FA18:1,18.0835922482414,TG,with caution,ATG_TG_splash_15.0_18.1_15.0_d7,PUFA,58,SLM:000308380,,,,952.8,653.5,30,1.4,http://purl.bioontology.org/ontology/NCBITAXON/9606,Homo sapiens,TG(58:6),Triacylglycerol (58:6),TG,TG,-,,0.75,2.25,TAG58:6-FA18:1
ATG_TG58.6_FA20.4,TG 58:6-FA20:4,18.4341734969841,TG,with caution,ATG_TG_splash_15.0_18.1_15.0_d7,PUFA,58,SLM:000308380,,,,952.8,631.5,30,1.4,http://purl.bioontology.org/ontology/NCBITAXON/9606,Homo sapiens,TG(58:6),Triacylglycerol (58:6),TG,TG,-,,0.75,2.25,TAG58:6-FA20:4
ATG_TG58.6_FA22.4,TG 58:6-FA22:4,21.306709157266,TG,with caution,ATG_TG_splash_15.0_18.1_15.0_d7,PUFA,58,SLM:000308380,,,,952.8,603.5,30,1.4,http://purl.bioontology.org/ontology/NCBITAXON/9606,Homo sapiens,TG(58:6),Triacylglycerol (58:6),TG,TG,-,,0.75,2.25,TAG58:6-FA22:4
ATG_TG58.6_FA22.5,TG 58:6-FA22:5,16.3128056496733,TG,with caution,ATG_TG_splash_15.0_18.1_15.0_d7,PUFA,58,SLM:000308380,,,,952.8,605.5,30,1.4,http://purl.bioontology.org/ontology/NCBITAXON/9606,Homo sapiens,TG(58:6),Triacylglycerol (58:6),TG,TG,-,,0.75,2.25,TAG58:6-FA22:5
ATG_TG58.7_FA16.0,TG 58:7-FA16:0,17.6847711597547,TG,with caution,ATG_TG_splash_15.0_18.1_15.0_d7,PUFA,58,SLM:000308381,,,,950.8,677.5,30,1.4,http://purl.bioontology.org/ontology/NCBITAXON/9606,Homo sapiens,TG(58:7),Triacylglycerol (58:7),TG,TG,-,,0.75,2.25,TAG58:7-FA16:0
ATG_TG58.7_FA18.0,TG 58:7-FA18:0,16.5933507375103,TG,with caution,ATG_TG_splash_15.0_18.1_15.0_d7,PUFA,58,SLM:000308381,,,,950.8,649.5,30,1.4,http://purl.bioontology.org/ontology/NCBITAXON/9606,Homo sapiens,TG(58:7),Triacylglycerol (58:7),TG,TG,-,,0.75,2.25,TAG58:7-FA18:0
ATG_TG58.7_FA18.1,TG 58:7-FA18:1,20.748129542008,TG,with caution,ATG_TG_splash_15.0_18.1_15.0_d7,PUFA,58,SLM:000308381,,,,950.8,651.5,30,1.4,http://purl.bioontology.org/ontology/NCBITAXON/9606,Homo sapiens,TG(58:7),Triacylglycerol (58:7),TG,TG,-,,0.75,2.25,TAG58:7-FA18:1
ATG_TG58.7_FA18.2,TG 58:7-FA18:2,19.3547476414818,TG,with caution,ATG_TG_splash_15.0_18.1_15.0_d7,PUFA,58,SLM:000308381,,,,950.8,653.5,30,1.4,http://purl.bioontology.org/ontology/NCBITAXON/9606,Homo sapiens,TG(58:7),Triacylglycerol (58:7),TG,TG,-,,0.75,2.25,TAG58:7-FA18:2
ATG_TG58.7_FA20.4,TG 58:7-FA20:4,22.7004469615561,TG,with caution,ATG_TG_splash_15.0_18.1_15.0_d7,PUFA,58,SLM:000308381,,,,950.8,629.5,30,1.4,http://purl.bioontology.org/ontology/NCBITAXON/9606,Homo sapiens,TG(58:7),Triacylglycerol (58:7),TG,TG,-,,0.75,2.25,TAG58:7-FA20:4
ATG_TG58.7_FA22.4,TG 58:7-FA22:4,26.0797732041167,TG,with caution,ATG_TG_splash_15.0_18.1_15.0_d7,PUFA,58,SLM:000308381,,,,950.8,601.5,30,1.4,http://purl.bioontology.org/ontology/NCBITAXON/9606,Homo sapiens,TG(58:7),Triacylglycerol (58:7),TG,TG,-,,0.75,2.25,TAG58:7-FA22:4
ATG_TG58.7_FA22.5,TG 58:7-FA22:5,19.666868393793,TG,with caution,ATG_TG_splash_15.0_18.1_15.0_d7,PUFA,58,SLM:000308381,,,,950.8,603.5,30,1.4,http://purl.bioontology.org/ontology/NCBITAXON/9606,Homo sapiens,TG(58:7),Triacylglycerol (58:7),TG,TG,-,,0.75,2.25,TAG58:7-FA22:5
ATG_TG58.7_FA22.6,TG 58:7-FA22:6,18.2268133517681,TG,with caution,ATG_TG_splash_15.0_18.1_15.0_d7,PUFA,58,SLM:000308381,,,,950.8,605.5,30,1.4,http://purl.bioontology.org/ontology/NCBITAXON/9606,Homo sapiens,TG(58:7),Triacylglycerol (58:7),TG,TG,-,,0.75,2.25,TAG58:7-FA22:6
ATG_TG58.8_FA18.1,TG 58:8-FA18:1,26.7136536810431,TG,with caution,ATG_TG_splash_15.0_18.1_15.0_d7,PUFA,58,SLM:000308382,,,,948.8,649.5,30,1.4,http://purl.bioontology.org/ontology/NCBITAXON/9606,Homo sapiens,TG(58:8),Triacylglycerol (58:8),TG,TG,-,,0.75,2.25,TAG58:8-FA18:1
ATG_TG58.8_FA18.2,TG 58:8-FA18:2,26.7107154177942,TG,with caution,ATG_TG_splash_15.0_18.1_15.0_d7,PUFA,58,SLM:000308382,,,,948.8,651.5,30,1.4,http://purl.bioontology.org/ontology/NCBITAXON/9606,Homo sapiens,TG(58:8),Triacylglycerol (58:8),TG,TG,-,,0.75,2.25,TAG58:8-FA18:2
ATG_TG58.8_FA20.3,TG 58:8-FA20:3,21.7350581313152,TG,with caution,ATG_TG_splash_15.0_18.1_15.0_d7,PUFA,58,SLM:000308382,,,,948.8,625.5,30,1.4,http://purl.bioontology.org/ontology/NCBITAXON/9606,Homo sapiens,TG(58:8),Triacylglycerol (58:8),TG,TG,-,,0.75,2.25,TAG58:8-FA20:3
ATG_TG58.8_FA20.4,TG 58:8-FA20:4,23.6418234592816,TG,with caution,ATG_TG_splash_15.0_18.1_15.0_d7,PUFA,58,SLM:000308382,,,,948.8,627.5,30,1.4,http://purl.bioontology.org/ontology/NCBITAXON/9606,Homo sapiens,TG(58:8),Triacylglycerol (58:8),TG,TG,-,,0.75,2.25,TAG58:8-FA20:4
ATG_TG58.8_FA22.5,TG 58:8-FA22:5,24.6218567031183,TG,with caution,ATG_TG_splash_15.0_18.1_15.0_d7,PUFA,58,SLM:000308382,,,,948.8,601.5,30,1.4,http://purl.bioontology.org/ontology/NCBITAXON/9606,Homo sapiens,TG(58:8),Triacylglycerol (58:8),TG,TG,-,,0.75,2.25,TAG58:8-FA22:5
ATG_TG58.8_FA22.6,TG 58:8-FA22:6,22.9953577566582,TG,with caution,ATG_TG_splash_15.0_18.1_15.0_d7,PUFA,58,SLM:000308382,,,,948.8,603.5,30,1.4,http://purl.bioontology.org/ontology/NCBITAXON/9606,Homo sapiens,TG(58:8),Triacylglycerol (58:8),TG,TG,-,,0.75,2.25,TAG58:8-FA22:6
ATG_TG58.9_FA20.4,TG 58:9-FA20:4,28.4179679865921,TG,with caution,ATG_TG_splash_15.0_18.1_15.0_d7,PUFA,58,SLM:000308383,,,,946.8,625.5,30,1.4,http://purl.bioontology.org/ontology/NCBITAXON/9606,Homo sapiens,TG(58:9),Triacylglycerol (58:9),TG,TG,-,,0.75,2.25,TAG58:9-FA20:4
ATG_TG58.9_FA22.6,TG 58:9-FA22:6,27.7556127499356,TG,with caution,ATG_TG_splash_15.0_18.1_15.0_d7,PUFA,58,SLM:000308383,,,,946.8,601.5,30,1.4,http://purl.bioontology.org/ontology/NCBITAXON/9606,Homo sapiens,TG(58:9),Triacylglycerol (58:9),TG,TG,-,,0.75,2.25,TAG58:9-FA22:6
ATG_TG60.10_FA22.5,TG 60:10-FA22:5,25.9994264209527,TG,with caution,ATG_TG_splash_15.0_18.1_15.0_d7,PUFA,60,SLM:000308399,,,,972.8,625.5,30,1.4,http://purl.bioontology.org/ontology/NCBITAXON/9606,Homo sapiens,TG(60:10),Triacylglycerol (60:10),TG,TG,-,,0.75,2.25,TAG60:10-FA22:5
ATG_TG60.10_FA22.6,TG 60:10-FA22:6,22.2252194029276,TG,with caution,ATG_TG_splash_15.0_18.1_15.0_d7,PUFA,60,SLM:000308399,,,,972.8,627.5,30,1.4,http://purl.bioontology.org/ontology/NCBITAXON/9606,Homo sapiens,TG(60:10),Triacylglycerol (60:10),TG,TG,-,,0.75,2.25,TAG60:10-FA22:6
ATG_TG60.11_FA22.5,TG 60:11-FA22:5,26.0167821950794,TG,with caution,ATG_TG_splash_15.0_18.1_15.0_d7,PUFA,60,SLM:000308400,,,,970.8,623.5,30,1.4,http://purl.bioontology.org/ontology/NCBITAXON/9606,Homo sapiens,TG(60:11),Triacylglycerol (60:11),TG,TG,-,,0.75,2.25,TAG60:11-FA22:5
ATG_TG60.11_FA22.6,TG 60:11-FA22:6,27.302987142720202,TG,with caution,ATG_TG_splash_15.0_18.1_15.0_d7,PUFA,60,SLM:000308400,,,,970.8,625.5,30,1.4,http://purl.bioontology.org/ontology/NCBITAXON/9606,Homo sapiens,TG(60:11),Triacylglycerol (60:11),TG,TG,-,,0.75,2.25,TAG60:11-FA22:6
ATG_TG60.12_FA22.6,TG 60:12-FA22:6,25.0207896431711,TG,with caution,ATG_TG_splash_15.0_18.1_15.0_d7,PUFA,60,SLM:000308401,,,,968.8,623.5,30,1.4,http://purl.bioontology.org/ontology/NCBITAXON/9606,Homo sapiens,TG(60:12),Triacylglycerol (60:12),TG,TG,-,,0.75,2.25,TAG60:12-FA22:6
ATG_PE14.0_20.3,PE 14:0_20:3,17.1266211924135,TG,with caution,ATG_PE_splash_15.0_18.1_d7,PUFA,34,SLM:000067536,C39H72NO8P,,,712.492,305.249,45,4.2,http://purl.bioontology.org/ontology/NCBITAXON/9606,Homo sapiens,PE(14:0_20:3),Phosphatidylethanolamine (14:0_20:3),PE,PE,PE 14:0_20:3,713.4996,3.935,4.685,PE(14:0_20:3)
ATG_PE14.0_20.4,PE 14:0_20:4,25.9980499358987,TG,with caution,ATG_PE_splash_15.0_18.1_d7,PUFA,34,SLM:000067537,C39H70NO8P,,,710.477,303.233,45,4.2,http://purl.bioontology.org/ontology/NCBITAXON/9606,Homo sapiens,PE(14:0_20:4),Phosphatidylethanolamine (14:0_20:4),PE,PE,PE 14:0_20:4,711.4839,3.905,4.655,PE(14:0_20:4)
ATG_PE14.0_22.6,PE 14:0_22:6,20.109007216197,TG,with caution,ATG_PE_splash_15.0_18.1_d7,PUFA,36,SLM:000067546,C41H70NO8P,,,734.477,327.233,45,4.2,http://purl.bioontology.org/ontology/NCBITAXON/9606,Homo sapiens,PE(14:0_22:6),Phosphatidylethanolamine (14:0_22:6),PE,PE,PE 14:0_22:6,735.4839,3.885,4.635,PE(14:0_22:6)
ATG_PE15.0_18.0,PE 15:0_18:0,16.1334030280112,TG,with caution,ATG_PE_splash_15.0_18.1_d7,SFA,33,SLM:000067638,C38H76NO8P,,,704.524,241.217,45,4.2,http://purl.bioontology.org/ontology/NCBITAXON/9606,Homo sapiens,PE(15:0_18:0),Phosphatidylethanolamine (15:0_18:0),PE,PE,PE 15:0_18:0,705.5309,3.945,4.695,PE(15:0_18:0)
ATG_PE15.0_18.1,PE 15:0_18:1,16.3711472670911,TG,with caution,ATG_PE_splash_15.0_18.1_d7,MUFA,33,SLM:000067639,C38H74NO8P,,,702.508,241.217,45,4.2,http://purl.bioontology.org/ontology/NCBITAXON/9606,Homo sapiens,PE(15:0_18:1),Phosphatidylethanolamine (15:0_18:1),PE,PE,PE 15:0_18:1,703.5152,3.925,4.675,PE(15:0_18:1)
ATG_PE15.0_20.4,PE 15:0_20:4,16.3736306725749,TG,with caution,ATG_PE_splash_15.0_18.1_d7,PUFA,35,SLM:000067648,C40H72NO8P,,,724.492,241.217,45,4.2,http://purl.bioontology.org/ontology/NCBITAXON/9606,Homo sapiens,PE(15:0_20:4),Phosphatidylethanolamine (15:0_20:4),PE,PE,PE 15:0_20:4,725.4996,3.905,4.655,PE(15:0_20:4)
ATG_PE15.0_22.5,PE 15:0_22:5,17.6968542229243,TG,with caution,ATG_PE_splash_15.0_18.1_d7,PUFA,37,SLM:000067656,C42H74NO8P,,,750.508,241.217,45,4.2,http://purl.bioontology.org/ontology/NCBITAXON/9606,Homo sapiens,PE(15:0_22:5),Phosphatidylethanolamine (15:0_22:5),PE,PE,PE 15:0_22:5,751.5152,3.875,4.625,PE(15:0_22:5)
ATG_PE15.0_22.6,PE 15:0_22:6,16.2177247487714,TG,with caution,ATG_PE_splash_15.0_18.1_d7,PUFA,37,SLM:000067657,C42H72NO8P,,,748.492,241.217,45,4.2,http://purl.bioontology.org/ontology/NCBITAXON/9606,Homo sapiens,PE(15:0_22:6),Phosphatidylethanolamine (15:0_22:6),PE,PE,PE 15:0_22:6,749.4996,3.885,4.635,PE(15:0_22:6)
ATG_PE16.0_18.1,PE 16:0_18:1,15.3940222310116,TG,with caution,ATG_PE_splash_15.0_18.1_d7,MUFA,34,SLM:000067693,C39H76NO8P,,,716.524,281.249,45,4.2,http://purl.bioontology.org/ontology/NCBITAXON/9606,Homo sapiens,PE(16:0_18:1),Phosphatidylethanolamine (16:0_18:1),PE,PE,PE 16:0_18:1,717.5309,3.985,4.735,PE(16:0_18:1)
ATG_PE16.0_20.0,PE 16:0_20:0,26.7293349991062,TG,with caution,ATG_PE_splash_15.0_18.1_d7,SFA,36,SLM:000067698,C41H82NO8P,,,746.57,311.296,45,4.2,http://purl.bioontology.org/ontology/NCBITAXON/9606,Homo sapiens,PE(16:0_20:0),Phosphatidylethanolamine (16:0_20:0),PE,PE,PE 16:0_20:0,747.5778,3.945,4.695,PE(16:0_20:0)
ATG_PE16.0_20.4,PE 16:0_20:4,17.3574141161757,TG,with caution,ATG_PE_splash_15.0_18.1_d7,PUFA,36,SLM:000067702,C41H74NO8P,,,738.508,303.233,45,4.2,http://purl.bioontology.org/ontology/NCBITAXON/9606,Homo sapiens,PE(16:0_20:4),Phosphatidylethanolamine (16:0_20:4),PE,PE,PE 16:0_20:4,739.5152,3.945,4.695,PE(16:0_20:4)
ATG_PE17.0_18.0,PE 17:0_18:0,23.8061755837315,TG,with caution,ATG_PE_splash_15.0_18.1_d7,SFA,35,SLM:000067848,C40H80NO8P,,,732.555,269.249,45,4.2,http://purl.bioontology.org/ontology/NCBITAXON/9606,Homo sapiens,PE(17:0_18:0),Phosphatidylethanolamine (17:0_18:0),PE,PE,PE 17:0_18:0,733.5622,3.905,4.655,PE(17:0_18:0)
ATG_PE17.0_18.1,PE 17:0_18:1,17.3064989112298,TG,with caution,ATG_PE_splash_15.0_18.1_d7,MUFA,35,SLM:000067849,C40H78NO8P,,,730.54,269.249,45,4.2,http://purl.bioontology.org/ontology/NCBITAXON/9606,Homo sapiens,PE(17:0_18:1),Phosphatidylethanolamine (17:0_18:1),PE,PE,PE 17:0_18:1,731.5465,3.945,4.695,PE(17:0_18:1)
ATG_PE17.0_22.4,PE 17:0_22:4,18.276300603338,TG,with caution,ATG_PE_splash_15.0_18.1_d7,PUFA,39,SLM:000067865,C44H80NO8P,,,780.555,269.249,45,4.2,http://purl.bioontology.org/ontology/NCBITAXON/9606,Homo sapiens,PE(17:0_22:4),Phosphatidylethanolamine (17:0_22:4),PE,PE,PE 17:0_22:4,781.5622,3.935,4.685,PE(17:0_22:4)
ATG_PE18.0_18.0,PE 18:0_18:0,16.3841285008803,TG,with caution,ATG_PE_splash_15.0_18.1_d7,SFA,36,SLM:000067898,C41H82NO8P,,,746.57,283.264,45,4.2,http://purl.bioontology.org/ontology/NCBITAXON/9606,Homo sapiens,PE(18:0_18:0),Phosphatidylethanolamine (18:0_18:0),PE,PE,PE 18:0/18:0,747.5778,3.925,4.675,PE(18:0_18:0)
ATG_PE18.0_18.1,PE 18:0_18:1,22.3828447824171,TG,with caution,ATG_PE_splash_15.0_18.1_d7,MUFA,36,SLM:000067899,C41H80NO8P,,,744.555,281.249,45,4.2,http://purl.bioontology.org/ontology/NCBITAXON/9606,Homo sapiens,PE(18:0_18:1),Phosphatidylethanolamine (18:0_18:1),PE,PE,PE 18:0_18:1,745.5622,3.925,4.675,PE(18:0_18:1)
ATG_PE18.0_20.0,PE 18:0_20:0,26.0908455723499,TG,with caution,ATG_PE_splash_15.0_18.1_d7,SFA,38,SLM:000067904,C43H86NO8P,,,774.602,311.296,45,4.2,http://purl.bioontology.org/ontology/NCBITAXON/9606,Homo sapiens,PE(18:0_20:0),Phosphatidylethanolamine (18:0_20:0),PE,PE,PE 18:0_20:0,775.6091,3.945,4.695,PE(18:0_20:0)
ATG_PE18.0_20.1,PE 18:0_20:1,19.94926438591,TG,with caution,ATG_PE_splash_15.0_18.1_d7,MUFA,38,SLM:000067905,C43H84NO8P,,,772.586,309.28,45,4.2,http://purl.bioontology.org/ontology/NCBITAXON/9606,Homo sapiens,PE(18:0_20:1),Phosphatidylethanolamine (18:0_20:1),PE,PE,PE 18:0_20:1,773.5935,3.915,4.665,PE(18:0_20:1)
ATG_PE18.0_22.5,PE 18:0_22:5,17.1560211332242,TG,with caution,ATG_PE_splash_15.0_18.1_d7,PUFA,40,SLM:000067916,C45H80NO8P,,,792.555,329.249,45,4.2,http://purl.bioontology.org/ontology/NCBITAXON/9606,Homo sapiens,PE(18:0_22:5),Phosphatidylethanolamine (18:0_22:5),PE,PE,PE 18:0_22:5,793.5622,3.885,4.635,PE(18:0_22:5)
ATG_PE18.2_20.0,PE 18:2_20:0,28.9995403306112,TG,with caution,ATG_PE_splash_15.0_18.1_d7,PUFA,38,SLM:000068001,C43H82NO8P,,,770.57,311.296,45,4.2,http://purl.bioontology.org/ontology/NCBITAXON/9606,Homo sapiens,PE(18:2_20:0),Phosphatidylethanolamine (18:2_20:0),PE,PE,PE 18:2_20:0,771.5778,3.915,4.665,PE(18:2_20:0)
ATG_PE19.0_20.3,PE 19:0_20:3,17.7531530126835,TG,with caution,ATG_PE_splash_15.0_18.1_d7,PUFA,39,SLM:000068142,C44H82NO8P,,,782.57,297.28,45,4.2,http://purl.bioontology.org/ontology/NCBITAXON/9606,Homo sapiens,PE(19:0_20:3),Phosphatidylethanolamine (19:0_20:3),PE,PE,PE 19:0_20:3,783.5778,3.845,4.595,PE(19:0_20:3)
ATG_PE19.0_20.4,PE 19:0_20:4,19.6531445780961,TG,with caution,ATG_PE_splash_15.0_18.1_d7,PUFA,39,SLM:000068143,C44H80NO8P,,,780.555,297.28,45,4.2,http://purl.bioontology.org/ontology/NCBITAXON/9606,Homo sapiens,PE(19:0_20:4),Phosphatidylethanolamine (19:0_20:4),PE,PE,PE 19:0_20:4,781.5622,3.945,4.695,PE(19:0_20:4)
ATG_PE19.0_22.6,PE 19:0_22:6,23.4350963416996,TG,with caution,ATG_PE_splash_15.0_18.1_d7,PUFA,41,SLM:000068152,C46H80NO8P,,,804.555,297.28,45,4.2,http://purl.bioontology.org/ontology/NCBITAXON/9606,Homo sapiens,PE(19:0_22:6),Phosphatidylethanolamine (19:0_22:6),PE,PE,PE 19:0_22:6,805.5622,3.915,4.665,PE(19:0_22:6)
ATG_PE20.0_20.3,PE 20:0_20:3,23.5793394581656,TG,with caution,ATG_PE_splash_15.0_18.1_d7,PUFA,40,SLM:000068186,C45H84NO8P,,,796.586,305.249,45,4.2,http://purl.bioontology.org/ontology/NCBITAXON/9606,Homo sapiens,PE(20:0_20:3),Phosphatidylethanolamine (20:0_20:3),PE,PE,PE 20:0_20:3,797.5935,3.865,4.615,PE(20:0_20:3)
ATG_PE20.0_20.5,PE 20:0_20:5,28.8411771653005,TG,with caution,ATG_PE_splash_15.0_18.1_d7,PUFA,40,SLM:000068188,C45H80NO8P,,,792.555,301.217,45,4.2,http://purl.bioontology.org/ontology/NCBITAXON/9606,Homo sapiens,PE(20:0_20:5),Phosphatidylethanolamine (20:0_20:5),PE,PE,PE 20:0_20:5,793.5622,3.805,4.555,PE(20:0_20:5)
ATG_PE20.0_22.4,PE 20:0_22:4,23.6534813907164,TG,with caution,ATG_PE_splash_15.0_18.1_d7,PUFA,42,SLM:000068194,C47H86NO8P,,,822.602,331.264,45,4.2,http://purl.bioontology.org/ontology/NCBITAXON/9606,Homo sapiens,PE(20:0_22:4),Phosphatidylethanolamine (20:0_22:4),PE,PE,PE 20:0_22:4,823.6091,3.805,4.555,PE(20:0_22:4)
ATG_PE20.0_22.6,PE 20:0_22:6,25.657411127241,TG,with caution,ATG_PE_splash_15.0_18.1_d7,PUFA,42,SLM:000068196,C47H82NO8P,,,818.57,327.233,45,4.2,http://purl.bioontology.org/ontology/NCBITAXON/9606,Homo sapiens,PE(20:0_22:6),Phosphatidylethanolamine (20:0_22:6),PE,PE,PE 20:0_22:6,819.5778,3.805,4.555,PE(20:0_22:6)
ATG_PE20.4_22.4,PE 20:4_22:4,23.7852016421291,TG,with caution,ATG_PE_splash_15.0_18.1_d7,PUFA,42,SLM:000068360,C47H78NO8P,,,814.539,331.264,45,4.2,http://purl.bioontology.org/ontology/NCBITAXON/9606,Homo sapiens,PE(20:4_22:4),Phosphatidylethanolamine (20:4_22:4),PE,PE,PE 20:4_22:4,815.5465,3.915,4.665,PE(20:4_22:4)
ATG_PE20.4_22.5,PE 20:4_22:5,22.1854074775049,TG,with caution,ATG_PE_splash_15.0_18.1_d7,PUFA,42,SLM:000068361,C47H76NO8P,,,812.524,329.249,45,4.2,http://purl.bioontology.org/ontology/NCBITAXON/9606,Homo sapiens,PE(20:4_22:5),Phosphatidylethanolamine (20:4_22:5),PE,PE,PE 20:4_22:5,813.5309,3.915,4.665,PE(20:4_22:5)
ATG_PE20.4_22.6,PE 20:4_22:6,28.5852357028969,TG,with caution,ATG_PE_splash_15.0_18.1_d7,PUFA,42,SLM:000068362,C47H74NO8P,,,810.508,327.233,45,4.2,http://purl.bioontology.org/ontology/NCBITAXON/9606,Homo sapiens,PE(20:4_22:6),Phosphatidylethanolamine (20:4_22:6),PE,PE,PE 20:4_22:6,811.5152,3.915,4.665,PE(20:4_22:6)
ATG_PE20.5_20.5,PE 20:5_20:5,15.1217424825555,TG,with caution,ATG_PE_splash_15.0_18.1_d7,PUFA,40,SLM:000068393,C45H70NO8P,,,782.477,301.217,45,4.2,http://purl.bioontology.org/ontology/NCBITAXON/9606,Homo sapiens,PE(20:5_20:5),Phosphatidylethanolamine (20:5_20:5),PE,PE,PE 20:5/20:5,783.4839,3.915,4.665,PE(20:5_20:5)
ATG_PE20.5_22.4,PE 20:5_22:4,16.2914924677459,TG,with caution,ATG_PE_splash_15.0_18.1_d7,PUFA,42,SLM:000068399,C47H76NO8P,,,812.524,331.264,45,4.2,http://purl.bioontology.org/ontology/NCBITAXON/9606,Homo sapiens,PE(20:5_22:4),Phosphatidylethanolamine (20:5_22:4),PE,PE,PE 20:5_22:4,813.5309,3.925,4.675,PE(20:5_22:4)
ATG_PE.O_16.0_18.0,PE O-16:0/18:0,16.9258858781223,TG,with caution,ATG_PE_splash_15.0_18.1_d7,SFA,34,SLM:000069887,C39H80NO7P,,,704.6,283.3,45,4.2,http://purl.bioontology.org/ontology/NCBITAXON/9606,Homo sapiens,PE(O-16:0_18:0),Phosphatidylethanolamine (O-16:0_18:0),PE,O-PE,PE O-16:0/18:0,705.5672,3.935,4.685,PE(O-16:0/18:0)
ATG_PE.O_16.0_20.4,PE O-16:0/20:4,17.2608035989439,TG,with caution,ATG_PE_splash_15.0_18.1_d7,PUFA,36,SLM:000069897,C41H76NO7P,,,724.5,303.2,45,4.2,http://purl.bioontology.org/ontology/NCBITAXON/9606,Homo sapiens,PE(O-16:0_20:4),Phosphatidylethanolamine (O-16:0_20:4),PE,O-PE,PE O-16:0/20:4,725.5359,3.945,4.695,PE(O-16:0/20:4)
ATG_PE.O_18.0_16.1,PE O-18:0/16:1,18.570406199085,TG,with caution,ATG_PE_splash_15.0_18.1_d7,MUFA,34,SLM:000070144,C39H78NO7P,,,702.5,253.2,45,4.2,http://purl.bioontology.org/ontology/NCBITAXON/9606,Homo sapiens,PE(O-18:0_16:1),Phosphatidylethanolamine (O-18:0_16:1),PE,O-PE,PE O-18:0/16:1,703.5516,3.905,4.655,PE(O-18:0/16:1)
ATG_PE.O_18.0_18.0,PE O-18:0/18:0,23.5016190242494,TG,with caution,ATG_PE_splash_15.0_18.1_d7,SFA,36,SLM:000070147,C41H84NO7P,,,732.6,283.3,45,4.2,http://purl.bioontology.org/ontology/NCBITAXON/9606,Homo sapiens,PE(O-18:0_18:0),Phosphatidylethanolamine (O-18:0_18:0),PE,O-PE,PE O-18:0/18:0,733.5985,3.885,4.635,PE(O-18:0/18:0)
ATG_PE.P_14.0_18.1,PE P-14:0/18:1,18.0371874473527,TG,with caution,ATG_PE_splash_15.0_18.1_d7,MUFA,32,SLM:000099327,C37H72NO7P,,,672.5,281.2,45,4.2,http://purl.bioontology.org/ontology/NCBITAXON/9606,Homo sapiens,PE(P-14:0/18:1),Phosphatidylethanolamine (P-14:0/18:1),PE,P-PE,PE P-14:0/18:1,673.5046,3.895,4.645,PE(P-14:0/18:1)
ATG_PE.P_16.0_20.4,PE P-16:0/20:4,16.7738631184423,TG,with caution,ATG_PE_splash_15.0_18.1_d7,PUFA,36,SLM:000099466,C41H74NO7P,,,722.5,303.2,45,4.2,http://purl.bioontology.org/ontology/NCBITAXON/9606,Homo sapiens,PE(P-16:0/20:4),Phosphatidylethanolamine (P-16:0/20:4),PE,P-PE,PE P-16:0/20:4,723.5203,3.945,4.695,PE(P-16:0/20:4)
ATG_PE.P_16.0_20.5,PE P-16:0/20:5,17.8786249750989,TG,with caution,ATG_PE_splash_15.0_18.1_d7,PUFA,36,SLM:000099467,C41H72NO7P,,,720.5,301.2,45,4.2,http://purl.bioontology.org/ontology/NCBITAXON/9606,Homo sapiens,PE(P-16:0/20:5),Phosphatidylethanolamine (P-16:0/20:5),PE,P-PE,PE P-16:0/20:5,721.5046,3.945,4.695,PE(P-16:0/20:5)
ATG_PE.P_16.0_22.5,PE P-16:0/22:5,15.0608711701472,TG,with caution,ATG_PE_splash_15.0_18.1_d7,PUFA,38,SLM:000099474,C43H76NO7P,,,748.5,329.2,45,4.2,http://purl.bioontology.org/ontology/NCBITAXON/9606,Homo sapiens,PE(P-16:0/22:5),Phosphatidylethanolamine (P-16:0/22:5),PE,P-PE,PE P-16:0/22:5,749.5359,3.945,4.695,PE(P-16:0/22:5)
ATG_PE.P_16.1_18.1,PE P-16:1/18:1,20.8359962350931,TG,with caution,,PUFA,34,,C39H74NO7P,,,698.5,281.2,45,4.2,http://purl.bioontology.org/ontology/NCBITAXON/9606,Homo sapiens,PE(P-16:1/18:1),,PE,P-PE,PE P-16:1/18:1,699.5203,3.895,4.645,PE(P-16:1/18:1)
